Date,Children apprehended and placed in CBP custody,Children in CBP custody,Children transferred out of CBP custody,Children in HHS Care,Children discharged from HHS Care,Is Imputed Date,Imputed Value Count,Has Imputed Values,Anomaly_Transfer_Exceeds_CBP,Anomaly_Discharge_Exceeds_HHS,Anomaly_Negative_Count,Anomaly_Any,Data Quality Flag,Total System Load,Net Daily Intake,Care Load Growth Rate,7-Day Rolling Average,14-Day Rolling Average,Discharge Offset Ratio,Backlog Accumulation Rate
2023-01-12,33,53,34,6566,436,False,0,False,False,False,False,False,OK,6619,-402,,6619.0,6619.0,12.457142857142857,0
2023-01-13,0,53,0,6622,0,True,5,True,False,False,False,False,Imputed date; Imputed values,6675,0,0.8460492521529028,6647.0,6647.0,0.0,0
2023-01-14,0,52,0,6677,0,True,5,True,False,False,False,False,Imputed date; Imputed values,6729,0,0.8089887640449378,6674.333333333333,6674.333333333333,0.0,0
2023-01-15,0,52,0,6733,0,True,5,True,False,False,False,False,Imputed date; Imputed values,6785,0,0.8322187546440762,6702.0,6702.0,0.0,0
2023-01-16,0,51,0,6788,0,True,5,True,False,False,False,False,Imputed date; Imputed values,6839,0,0.7958732498157595,6729.4,6729.4,0.0,0
2023-01-17,0,51,0,6844,0,True,5,True,False,False,False,False,Imputed date; Imputed values,6895,0,0.8188331627430934,6757.0,6757.0,0.0,0
2023-01-18,0,51,0,6900,0,True,5,True,False,False,False,False,Imputed date; Imputed values,6951,0,0.8121827411167404,6784.714285714285,6784.714285714285,0.0,0
2023-01-19,0,50,0,6955,0,True,5,True,False,False,False,False,Imputed date; Imputed values,7005,0,0.7768666378938249,6839.857142857143,6812.25,0.0,0
2023-01-20,0,50,0,7011,0,True,5,True,False,False,False,False,Imputed date; Imputed values,7061,0,0.7994289793004983,6895.0,6839.888888888889,0.0,0
2023-01-21,0,49,0,7066,0,True,5,True,False,False,False,False,Imputed date; Imputed values,7115,0,0.7647641977057029,6950.142857142857,6867.4,0.0,0
2023-01-22,32,49,39,7122,227,False,0,False,False,False,False,False,OK,7171,-188,0.7870695713281695,7005.285714285715,6895.0,5.675,0
2023-01-23,32,50,39,7280,181,False,0,False,False,False,False,False,OK,7330,-142,2.2172639799191263,7075.428571428572,6931.25,4.525,0
2023-01-24,47,42,47,7433,175,False,0,False,True,False,False,True,Transfer > CBP custody,7475,-128,1.9781718963165051,7158.285714285715,6973.076923076923,3.6458333333333335,0
2023-01-25,20,22,41,7538,180,False,0,False,True,False,False,True,Transfer > CBP custody,7560,-139,1.1371237458194017,7245.285714285715,7015.0,4.285714285714286,0
2023-01-26,0,28,0,7522,0,True,5,True,False,False,False,False,Imputed date; Imputed values,7550,0,-0.1322751322751281,7323.142857142857,7081.5,0.0,0
2023-01-27,0,34,0,7505,0,True,5,True,False,False,False,False,Imputed date; Imputed values,7539,0,-0.14569536423840734,7391.428571428572,7143.214285714285,0.0,0
2023-01-28,0,39,0,7488,0,True,5,True,False,False,False,False,Imputed date; Imputed values,7527,0,-0.1591723040191062,7450.285714285715,7200.214285714285,0.0,0
2023-01-29,23,45,11,7472,303,False,0,False,False,False,False,False,OK,7517,-292,-0.13285505513485063,7499.714285714285,7252.5,25.25,0
2023-01-30,34,54,29,7743,196,False,0,False,False,False,False,False,OK,7797,-167,3.7248902487694524,7566.428571428572,7320.928571428572,6.533333333333333,0
2023-01-31,26,36,36,7803,158,False,0,False,False,False,False,False,OK,7839,-122,0.538668718737978,7618.428571428572,7388.357142857143,4.27027027027027,0
2023-02-01,25,32,27,7903,231,False,0,False,False,False,False,False,OK,7935,-204,1.2246460007653948,7672.0,7458.642857142857,8.25,0
2023-02-02,15,13,23,7879,298,False,0,False,True,False,False,True,Transfer > CBP custody,7892,-275,-0.5419029615627013,7720.857142857143,7522.0,12.416666666666666,0
2023-02-03,0,15,0,7781,0,True,5,True,False,False,False,False,Imputed date; Imputed values,7796,0,-1.2164216928535199,7757.571428571428,7574.5,0.0,0
2023-02-04,0,16,0,7684,0,True,5,True,False,False,False,False,Imputed date; Imputed values,7700,0,-1.2314007183170883,7782.285714285715,7616.285714285715,0.0,0
2023-02-05,16,18,15,7586,342,False,0,False,False,False,False,False,OK,7604,-327,-1.2467532467532516,7794.714285714285,7647.214285714285,21.375,0
2023-02-06,11,22,12,7720,196,False,0,False,False,False,False,False,OK,7742,-184,1.8148342977380327,7786.857142857143,7676.642857142857,15.076923076923077,0
2023-02-07,16,20,20,7855,200,False,0,False,False,False,False,False,OK,7875,-180,1.7179023508137492,7792.0,7705.214285714285,9.523809523809524,0
2023-02-08,93,196,169,7915,317,False,0,False,False,False,False,False,OK,8111,-148,2.9968253968253977,7817.142857142857,7744.571428571428,1.8647058823529412,0
2023-02-09,124,234,161,7908,353,False,0,False,False,False,False,False,OK,8142,-192,0.3821970163974786,7852.857142857143,7786.857142857143,2.1790123456790123,0
2023-02-10,0,224,0,7750,0,True,5,True,False,False,False,False,Imputed date; Imputed values,7974,0,-2.0633750921149607,7878.285714285715,7817.928571428572,0.0,0
2023-02-11,0,213,0,7592,0,True,5,True,False,False,False,False,Imputed date; Imputed values,7805,0,-2.119388011035872,7893.285714285715,7837.785714285715,0.0,0
2023-02-12,92,203,173,7434,317,False,0,False,False,False,False,False,OK,7637,-144,-2.152466367713002,7898.0,7846.357142857143,1.8218390804597702,0
2023-02-13,186,259,172,7483,244,False,0,False,False,False,False,False,OK,7742,-72,1.3748854262144894,7898.0,7842.428571428572,1.4104046242774566,0
2023-02-14,154,225,220,7794,223,False,0,False,False,False,False,False,OK,8019,-3,3.577886850942913,7918.571428571428,7855.285714285715,1.009049773755656,0
2023-02-15,91,199,172,7869,290,False,0,False,False,False,False,False,OK,8068,-118,0.6110487591969083,7912.428571428572,7864.785714285715,1.676300578034682,0
2023-02-16,81,213,153,7793,361,False,0,False,False,False,False,False,OK,8006,-208,-0.7684680218145723,7893.0,7872.928571428572,2.344155844155844,0
2023-02-17,0,231,0,7799,0,True,5,True,False,False,False,False,Imputed date; Imputed values,8030,0,0.2997751686235395,7901.0,7889.642857142857,0.0,0
2023-02-18,0,249,0,7805,0,True,5,True,False,False,False,False,Imputed date; Imputed values,8054,0,0.2988792029887888,7936.571428571428,7914.928571428572,0.0,0
2023-02-19,0,267,0,7811,0,True,5,True,False,False,False,False,Imputed date; Imputed values,8078,0,0.2979885771045465,7999.571428571428,7948.785714285715,0.0,0
2023-02-20,209,285,184,7817,209,False,0,False,False,False,False,False,OK,8102,-25,0.2971032433770837,8051.0,7974.5,1.1297297297297297,0
2023-02-21,184,314,217,7967,213,False,0,False,False,False,False,False,OK,8281,4,2.209331029375461,8088.428571428572,8003.5,0.9770642201834863,1
2023-02-22,107,215,230,7978,232,False,0,False,True,False,False,True,Transfer > CBP custody,8193,-2,-1.0626735901461126,8106.285714285715,8009.357142857143,1.0043290043290043,0
2023-02-23,101,162,178,7914,386,False,0,False,True,False,False,True,Transfer > CBP custody,8076,-208,-1.42804833394361,8116.285714285715,8004.642857142857,2.1564245810055866,0
2023-02-24,0,171,0,7812,0,True,5,True,False,False,False,False,Imputed date; Imputed values,7983,0,-1.151560178306088,8109.571428571428,8005.285714285715,0.0,0
2023-02-25,0,181,0,7711,0,True,5,True,False,False,False,False,Imputed date; Imputed values,7892,0,-1.139922334961796,8086.428571428572,8011.5,0.0,0
2023-02-26,99,190,176,7609,323,False,0,False,False,False,False,False,OK,7799,-147,-1.1784085149518453,8046.571428571428,8023.071428571428,1.8248587570621468,0
2023-02-27,167,239,166,7800,248,False,0,False,False,False,False,False,OK,8039,-82,3.077317604821128,8037.571428571428,8044.285714285715,1.4850299401197604,0
2023-02-28,115,216,169,7896,200,False,0,False,False,False,False,False,OK,8112,-31,0.9080731434258027,8013.428571428572,8050.928571428572,1.1764705882352942,0
2023-03-01,84,158,193,7930,307,False,0,False,True,False,False,True,Transfer > CBP custody,8088,-114,-0.295857988165682,7998.428571428572,8052.357142857143,1.5824742268041236,0
2023-03-02,130,227,192,7870,335,False,0,False,False,False,False,False,OK,8097,-143,0.1112759643916883,8001.428571428572,8058.857142857143,1.7357512953367875,0
2023-03-03,0,224,0,7868,0,True,5,True,False,False,False,False,Imputed date; Imputed values,8092,0,-0.06175126590095559,8017.0,8063.285714285715,0.0,0
2023-03-04,0,222,0,7866,0,True,5,True,False,False,False,False,Imputed date; Imputed values,8088,0,-0.04943153732080985,8045.0,8065.714285714285,0.0,0
2023-03-05,0,219,0,7863,0,True,5,True,False,False,False,False,Imputed date; Imputed values,8082,0,-0.07418397626113293,8085.428571428572,8066.0,0.0,0
2023-03-06,0,217,0,7861,0,True,5,True,False,False,False,False,Imputed date; Imputed values,8078,0,-0.04949269982678084,8091.0,8064.285714285715,0.0,0
2023-03-07,88,214,160,7859,259,False,0,False,False,False,False,False,OK,8073,-99,-0.06189650903688504,8085.428571428572,8049.428571428572,1.608695652173913,0
2023-03-08,113,208,159,7885,291,False,0,False,False,False,False,False,OK,8093,-132,0.24773937817414993,8086.142857142857,8042.285714285715,1.81875,0
2023-03-09,174,285,150,7786,340,False,0,False,False,False,False,False,OK,8071,-190,-0.27183986160880247,8082.428571428572,8041.928571428572,2.251655629139073,0
2023-03-10,0,271,0,7731,0,True,5,True,False,False,False,False,Imputed date; Imputed values,8002,0,-0.8549126502292115,8069.571428571428,8043.285714285715,0.0,0
2023-03-11,0,258,0,7676,0,True,5,True,False,False,False,False,Imputed date; Imputed values,7934,0,-0.8497875531117249,8047.571428571428,8046.285714285715,0.0,0
2023-03-12,0,244,0,7622,0,True,5,True,False,False,False,False,Imputed date; Imputed values,7866,0,-0.8570708343836664,8016.714285714285,8051.071428571428,0.0,0
2023-03-13,104,230,206,7567,249,False,0,False,False,False,False,False,OK,7797,-43,-0.8771929824561431,7976.571428571428,8033.785714285715,1.2028985507246377,0
2023-03-14,147,276,214,7810,181,False,0,False,False,False,False,False,OK,8086,33,3.70655380274465,7978.428571428572,8031.928571428572,0.8418604651162791,1
2023-03-15,108,220,213,7915,286,False,0,False,False,False,False,False,OK,8135,-73,0.6059856542171671,7984.428571428572,8035.285714285715,1.3364485981308412,0
2023-03-16,180,280,146,7989,308,False,0,False,False,False,False,False,OK,8269,-162,1.647203441917644,8012.714285714285,8047.571428571428,2.0952380952380953,0
2023-03-17,0,285,0,7954,0,True,5,True,False,False,False,False,Imputed date; Imputed values,8239,0,-0.36280082234853017,8046.571428571428,8058.071428571428,0.0,0
2023-03-18,0,289,0,7920,0,True,5,True,False,False,False,False,Imputed date; Imputed values,8209,0,-0.3641218594489626,8085.857142857143,8066.714285714285,0.0,0
2023-03-19,134,294,186,7885,306,False,0,False,False,False,False,False,OK,8179,-120,-0.3654525520769836,8130.571428571428,8073.642857142857,1.6363636363636365,0
2023-03-20,202,313,158,7931,279,False,0,False,False,False,False,False,OK,8244,-121,0.7947181807066883,8194.42857142857,8085.5,1.7547169811320755,0
2023-03-21,110,272,193,8050,221,False,0,False,False,False,False,False,OK,8322,-28,0.9461426491994107,8228.142857142857,8103.285714285715,1.1391752577319587,0
2023-03-22,166,277,229,8097,246,False,0,False,False,False,False,False,OK,8374,-17,0.6248497957221932,8262.285714285714,8123.357142857143,1.0695652173913044,0
2023-03-23,136,276,178,8102,331,False,0,False,False,False,False,False,OK,8378,-153,0.04776689754000252,8277.857142857143,8145.285714285715,1.8491620111731844,0
2023-03-24,0,266,0,8017,0,True,5,True,False,False,False,False,Imputed date; Imputed values,8283,0,-1.1339221771305752,8284.142857142857,8165.357142857143,0.0,0
2023-03-25,0,256,0,7932,0,True,5,True,False,False,False,False,Imputed date; Imputed values,8188,0,-1.1469274417481579,8281.142857142857,8183.5,0.0,0
2023-03-26,87,246,173,7847,352,False,0,False,False,False,False,False,OK,8093,-179,-1.1602344894968253,8268.857142857143,8199.714285714286,2.0229885057471266,0
2023-03-27,84,171,157,7994,235,False,0,False,False,False,False,False,OK,8165,-78,0.8896577289015273,8257.57142857143,8226.0,1.4873417721518987,0
2023-03-28,167,209,157,8079,223,False,0,False,False,False,False,False,OK,8288,-66,1.5064298836497292,8252.714285714286,8240.42857142857,1.4113924050632911,0
2023-03-29,109,245,159,8208,267,False,0,False,False,False,False,False,OK,8453,-108,1.9908301158301223,8264.0,8263.142857142857,1.66875,0
2023-03-30,156,256,176,8158,359,False,0,False,False,False,False,False,OK,8414,-183,-0.4613746598840618,8269.142857142857,8273.5,2.0282485875706215,0
2023-03-31,0,248,0,8099,0,True,5,True,False,False,False,False,Imputed date; Imputed values,8347,0,-0.7962918944616093,8278.285714285714,8281.214285714286,0.0,0
2023-04-01,0,240,0,8040,0,True,5,True,False,False,False,False,Imputed date; Imputed values,8280,0,-0.802683598897802,8291.42857142857,8286.285714285714,0.0,0
2023-04-02,125,232,192,7981,304,False,0,False,False,False,False,False,OK,8213,-112,-0.8091787439613474,8308.57142857143,8288.714285714286,1.5751295336787565,0
2023-04-03,118,139,168,8054,284,False,0,False,True,False,False,True,Transfer > CBP custody,8193,-116,-0.24351637647631597,8312.57142857143,8285.07142857143,1.680473372781065,0
2023-04-04,142,235,139,8068,259,False,0,False,False,False,False,False,OK,8303,-120,1.3426095447333086,8314.714285714286,8283.714285714286,1.85,0
2023-04-05,148,245,175,8175,260,False,0,False,False,False,False,False,OK,8420,-85,1.4091292303986425,8310.0,8287.0,1.4772727272727273,0
2023-04-06,119,219,210,8178,284,False,0,False,False,False,False,False,OK,8397,-74,-0.2731591448931092,8307.57142857143,8288.357142857143,1.3459715639810426,0
2023-04-07,0,216,0,8085,0,True,5,True,False,False,False,False,Imputed date; Imputed values,8301,0,-1.1432654519471286,8301.0,8289.642857142857,0.0,0
2023-04-08,0,213,0,7993,0,True,5,True,False,False,False,False,Imputed date; Imputed values,8206,0,-1.1444404288639909,8290.42857142857,8290.92857142857,0.0,0
2023-04-09,105,210,149,7900,329,False,0,False,False,False,False,False,OK,8110,-180,-1.1698757007068017,8275.714285714286,8292.142857142857,2.1933333333333334,0
2023-04-10,143,203,163,7826,265,False,0,False,False,False,False,False,OK,8029,-102,-0.998766954377317,8252.285714285714,8282.42857142857,1.6158536585365855,0
2023-04-11,119,209,152,7922,187,False,0,False,False,False,False,False,OK,8131,-35,1.2703948187819059,8227.714285714286,8271.214285714286,1.2222222222222223,0
2023-04-12,155,212,181,7876,283,False,0,False,False,False,False,False,OK,8088,-102,-0.5288402410527637,8180.285714285715,8245.142857142857,1.554945054945055,0
2023-04-13,109,214,173,7795,370,False,0,False,False,False,False,False,OK,8009,-197,-0.97675568743818,8124.857142857143,8216.214285714286,2.1264367816091956,0
2023-04-14,0,237,0,7657,0,True,5,True,False,False,False,False,Imputed date; Imputed values,7894,0,-1.435884629791484,8066.714285714285,8183.857142857143,0.0,0
2023-04-15,0,260,0,7518,0,True,5,True,False,False,False,False,Imputed date; Imputed values,7778,0,-1.4694704839118278,8005.571428571428,8148.0,0.0,0
2023-04-16,191,283,192,7380,272,False,0,False,False,False,False,False,OK,7663,-80,-1.4785291848804283,7941.714285714285,8108.714285714285,1.4093264248704662,0
2023-04-17,170,297,196,7344,248,False,0,False,False,False,False,False,OK,7641,-52,-0.2870938274827095,7886.285714285715,8069.285714285715,1.2588832487309645,0
2023-04-18,152,272,214,7376,234,False,0,False,False,False,False,False,OK,7648,-20,0.0916110456746555,7817.285714285715,8022.5,1.0883720930232559,0
2023-04-19,239,367,224,7356,229,False,0,False,False,False,False,False,OK,7723,-5,0.9806485355648542,7765.142857142857,7972.714285714285,1.0177777777777777,0
2023-04-20,113,280,237,7490,320,False,0,False,False,False,False,False,OK,7770,-83,0.6085717985238936,7731.0,7927.928571428572,1.3445378151260505,0
2023-04-21,0,289,0,7505,0,True,5,True,False,False,False,False,Imputed date; Imputed values,7794,0,0.3088803088802994,7716.714285714285,7891.714285714285,0.0,0
2023-04-22,0,297,0,7519,0,True,5,True,False,False,False,False,Imputed date; Imputed values,7816,0,0.2822684115986629,7722.142857142857,7863.857142857143,0.0,0
2023-04-23,196,306,187,7534,266,False,0,False,False,False,False,False,OK,7840,-79,0.3070624360286489,7747.428571428572,7844.571428571428,1.4148936170212767,0
2023-04-24,236,330,222,7796,213,False,0,False,False,False,False,False,OK,8126,9,3.647959183673466,7816.714285714285,7851.5,0.9551569506726457,1
2023-04-25,81,230,242,8017,202,False,0,False,True,False,False,True,Transfer > CBP custody,8247,40,1.4890475018459304,7902.285714285715,7859.785714285715,0.831275720164609,2
2023-04-26,118,245,160,8117,256,False,0,False,False,False,False,False,OK,8362,-96,1.3944464653813604,7993.571428571428,7879.357142857143,1.5900621118012421,0
2023-04-27,218,283,208,8159,310,False,0,False,False,False,False,False,OK,8442,-102,0.9567089213107005,8089.571428571428,7910.285714285715,1.4832535885167464,0
2023-04-28,0,270,0,8223,0,True,5,True,False,False,False,False,Imputed date; Imputed values,8493,0,0.6041222459132856,8189.428571428572,7953.071428571428,0.0,0
2023-04-29,0,256,0,8288,0,True,5,True,False,False,False,False,Imputed date; Imputed values,8544,0,0.6004945249028504,8293.42857142857,8007.785714285715,0.0,0
2023-04-30,132,243,183,8352,293,False,0,False,False,False,False,False,OK,8595,-110,0.596910112359561,8401.285714285714,8074.357142857143,1.5923913043478262,0
2023-05-01,224,315,152,8492,237,False,0,False,False,False,False,False,OK,8807,-85,2.4665503199534644,8498.57142857143,8157.642857142857,1.5490196078431373,0
2023-05-02,167,326,213,8654,245,False,0,False,False,False,False,False,OK,8980,-32,1.964346542522999,8603.285714285714,8252.785714285714,1.144859813084112,0
2023-05-03,209,353,232,8704,267,False,0,False,False,False,False,False,OK,9057,-35,0.8574610244988845,8702.57142857143,8348.07142857143,1.145922746781116,0
2023-05-04,153,253,286,8790,332,False,0,False,True,False,False,True,Transfer > CBP custody,9043,-46,-0.15457657060836683,8788.42857142857,8439.0,1.156794425087108,0
2023-05-05,0,281,0,8688,0,True,5,True,False,False,False,False,Imputed date; Imputed values,8969,0,-0.8183125069114228,8856.42857142857,8522.92857142857,0.0,0
2023-05-06,0,309,0,8587,0,True,5,True,False,False,False,False,Imputed date; Imputed values,8896,0,-0.8139145947151261,8906.714285714286,8600.07142857143,0.0,0
2023-05-07,180,337,219,8485,375,False,0,False,False,False,False,False,OK,8822,-156,-0.8318345323740983,8939.142857142857,8670.214285714286,1.7045454545454546,0
2023-05-08,133,287,189,8590,261,False,0,False,False,False,False,False,OK,8877,-72,0.6234413965087171,8949.142857142857,8723.857142857143,1.3736842105263158,0
2023-05-09,187,310,247,8606,250,False,0,False,False,False,False,False,OK,8916,-3,0.4393376140588101,8940.0,8771.642857142857,1.0080645161290323,0
2023-05-10,168,285,210,8681,304,False,0,False,False,False,False,False,OK,8966,-94,0.56078959174517,8927.0,8814.785714285714,1.4407582938388626,0
2023-05-11,269,412,204,8672,392,False,0,False,False,False,False,False,OK,9084,-188,1.3160829801472262,8932.857142857143,8860.642857142857,1.9121951219512194,0
2023-05-12,0,360,0,8596,0,True,5,True,False,False,False,False,Imputed date; Imputed values,8956,0,-1.4090708938793495,8931.0,8893.714285714286,0.0,0
2023-05-13,0,307,0,8521,0,True,5,True,False,False,False,False,Imputed date; Imputed values,8828,0,-1.4292094685127266,8921.285714285714,8914.0,0.0,0
2023-05-14,100,255,236,8445,288,False,0,False,False,False,False,False,OK,8700,-52,-1.4499320344358857,8903.857142857143,8921.5,1.2151898734177216,0
2023-05-15,205,294,177,8571,277,False,0,False,False,False,False,False,OK,8865,-100,1.8965517241379404,8902.142857142857,8925.642857142857,1.5561797752808988,0
2023-05-16,161,304,211,8572,272,False,0,False,False,False,False,False,OK,8876,-61,0.12408347433727762,8896.42857142857,8918.214285714286,1.2830188679245282,0
2023-05-17,57,162,193,8569,307,False,0,False,True,False,False,True,Transfer > CBP custody,8731,-114,-1.6336187471834185,8862.857142857143,8894.92857142857,1.5824742268041236,0
2023-05-18,80,122,152,8474,351,False,0,False,True,False,False,True,Transfer > CBP custody,8596,-199,-1.5462146374985664,8793.142857142857,8863.0,2.2941176470588234,0
2023-05-19,0,138,0,8258,0,True,5,True,False,False,False,False,Imputed date; Imputed values,8396,0,-2.3266635644485834,8713.142857142857,8822.07142857143,0.0,0
2023-05-20,0,154,0,8042,0,True,5,True,False,False,False,False,Imputed date; Imputed values,8196,0,-2.382086707956166,8622.857142857143,8772.07142857143,0.0,0
2023-05-21,107,170,133,7826,343,False,0,False,False,False,False,False,OK,7996,-210,-2.4402147388970175,8522.285714285714,8713.07142857143,2.5597014925373136,0
2023-05-22,99,156,139,7848,240,False,0,False,False,False,False,False,OK,8004,-101,0.10005002501249916,8399.285714285714,8650.714285714286,1.7142857142857142,0
2023-05-23,25,66,94,7788,246,False,0,False,True,False,False,True,Transfer > CBP custody,7854,-152,-1.874062968515744,8253.285714285714,8574.857142857143,2.5894736842105264,0
2023-05-24,35,70,53,7709,276,False,0,False,False,False,False,False,OK,7779,-223,-0.9549274255156615,8117.285714285715,8490.07142857143,5.111111111111111,0
2023-05-25,43,73,64,7546,408,False,0,False,False,False,False,False,OK,7619,-344,-2.056819642627583,7977.714285714285,8385.42857142857,6.276923076923077,0
2023-05-26,0,70,0,7408,0,True,5,True,False,False,False,False,Imputed date; Imputed values,7478,0,-1.8506365664785362,7846.571428571428,8279.857142857143,0.0,0
2023-05-27,0,66,0,7271,0,True,5,True,False,False,False,False,Imputed date; Imputed values,7337,0,-1.8855308906124635,7723.857142857143,8173.357142857143,0.0,0
2023-05-28,0,63,0,7134,0,True,5,True,False,False,False,False,Imputed date; Imputed values,7197,0,-1.9081368406705712,7609.714285714285,8066.0,0.0,0
2023-05-29,41,60,71,6996,207,False,0,False,True,False,False,True,Transfer > CBP custody,7056,-136,-1.9591496456856983,7474.285714285715,7936.785714285715,2.875,0
2023-05-30,65,83,65,7046,168,False,0,False,False,False,False,False,OK,7129,-103,1.0345804988662222,7370.714285714285,7812.0,2.5454545454545454,0
2023-05-31,38,80,82,7053,210,False,0,False,True,False,False,True,Transfer > CBP custody,7133,-128,0.05610885117126596,7278.428571428572,7697.857142857143,2.5301204819277108,0
2023-06-01,56,82,68,7002,287,False,0,False,False,False,False,False,OK,7084,-219,-0.6869479882237517,7202.0,7589.857142857143,4.159420289855072,0
2023-06-02,0,89,0,6853,0,True,5,True,False,False,False,False,Imputed date; Imputed values,6942,0,-2.0045172219085305,7125.428571428572,7486.0,0.0,0
2023-06-03,0,96,0,6704,0,True,5,True,False,False,False,False,Imputed date; Imputed values,6800,0,-2.0455200230481085,7048.714285714285,7386.285714285715,0.0,0
2023-06-04,74,103,80,6555,292,False,0,False,False,False,False,False,OK,6658,-212,-2.0882352941176463,6971.714285714285,7290.714285714285,3.6049382716049383,0
2023-06-05,68,107,102,6523,189,False,0,False,False,False,False,False,OK,6630,-87,-0.4205467107239458,6910.857142857143,7192.571428571428,1.8349514563106797,0
2023-06-06,92,124,93,6508,187,False,0,False,False,False,False,False,OK,6632,-94,0.030165912518853588,6839.857142857143,7105.285714285715,1.9893617021276595,0
2023-06-07,113,162,107,6483,208,False,0,False,False,False,False,False,OK,6645,-101,0.19601930036188264,6770.142857142857,7024.285714285715,1.9259259259259258,0
2023-06-08,106,196,131,6446,255,False,0,False,False,False,False,False,OK,6642,-124,-0.04514672686229959,6707.0,6954.5,1.9318181818181819,0
2023-06-09,0,181,0,6300,0,True,5,True,False,False,False,False,Imputed date; Imputed values,6481,0,-2.4239686841312835,6641.142857142857,6883.285714285715,0.0,0
2023-06-10,0,167,0,6153,0,True,5,True,False,False,False,False,Imputed date; Imputed values,6320,0,-2.484184539422929,6572.571428571428,6810.642857142857,0.0,0
2023-06-11,86,152,168,6007,238,False,0,False,True,False,False,True,Transfer > CBP custody,6159,-70,-2.547468354430382,6501.285714285715,6736.5,1.4082840236686391,0
2023-06-12,84,118,136,6021,177,False,0,False,True,False,False,True,Transfer > CBP custody,6139,-41,-0.32472804026627555,6431.142857142857,6671.0,1.2919708029197081,0
2023-06-13,59,64,117,6061,146,False,0,False,True,False,False,True,Transfer > CBP custody,6125,-29,-0.22805017103763037,6358.714285714285,6599.285714285715,1.2372881355932204,0
2023-06-14,62,97,52,6065,167,False,0,False,False,False,False,False,OK,6162,-115,0.604081632653064,6289.714285714285,6529.928571428572,3.150943396226415,0
2023-06-15,91,75,97,6038,272,False,0,False,True,False,False,True,Transfer > CBP custody,6113,-175,-0.7951963648166194,6214.142857142857,6460.571428571428,2.7755102040816326,0
2023-06-16,0,69,0,5948,0,True,5,True,False,False,False,False,Imputed date; Imputed values,6017,0,-1.570423687223954,6147.857142857143,6394.5,0.0,0
2023-06-17,0,63,0,5858,0,True,5,True,False,False,False,False,Imputed date; Imputed values,5921,0,-1.5954794748213375,6090.857142857143,6331.714285714285,0.0,0
2023-06-18,0,57,0,5769,0,True,5,True,False,False,False,False,Imputed date; Imputed values,5826,0,-1.6044587062996163,6043.285714285715,6272.285714285715,0.0,0
2023-06-19,29,51,11,5679,142,False,0,False,False,False,False,False,OK,5730,-131,-1.6477857878475777,5984.857142857143,6208.0,11.833333333333334,0
2023-06-20,33,53,34,5904,134,False,0,False,False,False,False,False,OK,5957,-100,3.961605584642225,5960.857142857143,6159.785714285715,3.8285714285714287,0
2023-06-21,93,196,169,5922,149,False,0,False,False,False,False,False,OK,6118,20,2.7027027027026973,5954.571428571428,6122.142857142857,0.8764705882352941,1
2023-06-22,124,234,161,5956,207,False,0,False,False,False,False,False,OK,6190,-46,1.1768551814318462,5965.571428571428,6089.857142857143,1.2777777777777777,0
2023-06-23,0,224,0,5893,0,True,5,True,False,False,False,False,Imputed date; Imputed values,6117,0,-1.17932148626817,5979.857142857143,6063.857142857143,0.0,0
2023-06-24,0,213,0,5829,0,True,5,True,False,False,False,False,Imputed date; Imputed values,6042,0,-1.2260912211868535,5997.142857142857,6044.0,0.0,0
2023-06-25,92,203,173,5766,263,False,0,False,False,False,False,False,OK,5969,-90,-1.2082092022509094,6017.571428571428,6030.428571428572,1.5114942528735633,0
2023-06-26,186,259,172,5819,174,False,0,False,False,False,False,False,OK,6078,-2,1.8261015245434775,6067.285714285715,6026.071428571428,1.0057803468208093,0
2023-06-27,154,225,220,5917,155,False,0,False,False,False,False,False,OK,6142,65,1.0529779532741035,6093.714285714285,6027.285714285715,0.7013574660633484,1
2023-06-28,91,199,172,5999,174,False,0,False,False,False,False,False,OK,6198,-2,0.9117551286226044,6105.142857142857,6029.857142857143,1.0057803468208093,0
2023-06-29,81,213,153,6058,213,False,0,False,False,False,False,False,OK,6271,-60,1.177799290093584,6116.714285714285,6041.142857142857,1.3831168831168832,0
2023-06-30,0,237,0,6006,0,True,5,True,False,False,False,False,Imputed date; Imputed values,6243,0,-0.446499760803698,6134.714285714285,6057.285714285715,0.0,0
2023-07-01,0,261,0,5955,0,True,5,True,False,False,False,False,Imputed date; Imputed values,6216,0,-0.4324843825084135,6159.571428571428,6078.357142857143,0.0,0
2023-07-02,209,285,184,5903,309,False,0,False,False,False,False,False,OK,6188,-125,-0.45045045045044585,6190.857142857143,6104.214285714285,1.6702702702702703,0
2023-07-03,0,300,0,6015,0,True,5,True,False,False,False,False,Imputed date; Imputed values,6315,0,2.0523594053005745,6224.714285714285,6146.0,0.0,0
2023-07-04,184,314,217,6127,124,False,0,False,False,False,False,False,OK,6441,93,1.9952494061757697,6267.428571428572,6180.571428571428,0.5688073394495413,1
2023-07-05,107,215,230,6193,167,False,0,False,True,False,False,True,Transfer > CBP custody,6408,63,-0.5123428039124356,6297.428571428572,6201.285714285715,0.7229437229437229,2
2023-07-06,101,162,178,6239,205,False,0,False,True,False,False,True,Transfer > CBP custody,6401,-27,-0.10923845193507864,6316.0,6216.357142857143,1.1452513966480447,0
2023-07-07,0,171,0,6231,0,True,5,True,False,False,False,False,Imputed date; Imputed values,6402,0,0.015622558975159073,6338.714285714285,6236.714285714285,0.0,0
2023-07-08,0,181,0,6222,0,True,5,True,False,False,False,False,Imputed date; Imputed values,6403,0,0.015620118712900144,6365.428571428572,6262.5,0.0,0
2023-07-09,99,190,176,6214,196,False,0,False,False,False,False,False,OK,6404,-20,0.015617679212875935,6396.285714285715,6293.571428571428,1.1073446327683616,0
2023-07-10,167,239,166,6346,163,False,0,False,False,False,False,False,OK,6585,3,2.826358525921302,6434.857142857143,6329.785714285715,0.9760479041916168,1
2023-07-11,115,216,169,6498,143,False,0,False,False,False,False,False,OK,6714,26,1.9589977220956678,6473.857142857143,6370.642857142857,0.8411764705882353,2
2023-07-12,84,158,193,6521,210,False,0,False,True,False,False,True,Transfer > CBP custody,6679,-17,-0.5212987786714307,6512.571428571428,6405.0,1.0824742268041236,0
2023-07-13,130,227,192,6604,226,False,0,False,False,False,False,False,OK,6831,-34,2.2757897888905587,6574.0,6445.0,1.1709844559585492,0
2023-07-14,0,223,0,6559,0,True,5,True,False,False,False,False,Imputed date; Imputed values,6782,0,-0.7173181086224556,6628.285714285715,6483.5,0.0,0
2023-07-15,0,218,0,6513,0,True,5,True,False,False,False,False,Imputed date; Imputed values,6731,0,-0.7519905632556778,6675.142857142857,6520.285714285715,0.0,0
2023-07-16,88,214,160,6468,218,False,0,False,False,False,False,False,OK,6682,-58,-0.7279750408557439,6714.857142857143,6555.571428571428,1.3540372670807452,0
2023-07-17,113,208,159,6632,160,False,0,False,False,False,False,False,OK,6840,-1,2.3645615085303717,6751.285714285715,6593.071428571428,1.0,0
2023-07-18,174,285,150,6874,181,False,0,False,False,False,False,False,OK,7159,-31,4.66374269005847,6814.857142857143,6644.357142857143,1.1986754966887416,0
2023-07-19,104,230,206,7001,226,False,0,False,False,False,False,False,OK,7231,-20,1.005727056851513,6893.714285714285,6703.142857142857,1.0917874396135265,0
2023-07-20,147,276,214,7116,281,False,0,False,False,False,False,False,OK,7392,-67,2.2265246853823806,6973.857142857143,6773.928571428572,1.3069767441860465,0
2023-07-21,0,257,0,7095,0,True,5,True,False,False,False,False,Imputed date; Imputed values,7352,0,-0.5411255411255422,7055.285714285715,6841.785714285715,0.0,0
2023-07-22,0,239,0,7073,0,True,5,True,False,False,False,False,Imputed date; Imputed values,7312,0,-0.5440696409140355,7138.285714285715,6906.714285714285,0.0,0
2023-07-23,108,220,213,7052,276,False,0,False,False,False,False,False,OK,7272,-63,-0.5470459518599591,7222.571428571428,6968.714285714285,1.2897196261682242,0
2023-07-24,180,280,146,7220,187,False,0,False,False,False,False,False,OK,7500,-41,3.1353135313531455,7316.857142857143,7034.071428571428,1.272108843537415,0
2023-07-25,134,294,186,7510,136,False,0,False,False,False,False,False,OK,7804,50,4.053333333333331,7409.0,7111.928571428572,0.7272727272727273,1
2023-07-26,202,313,158,7647,215,False,0,False,False,False,False,False,OK,7960,-57,1.9989748846745314,7513.142857142857,7203.428571428572,1.3522012578616351,0
2023-07-27,110,272,193,7754,259,False,0,False,False,False,False,False,OK,8026,-66,0.8291457286432102,7603.714285714285,7288.785714285715,1.3350515463917525,0
2023-07-28,0,274,0,7726,0,True,5,True,False,False,False,False,Imputed date; Imputed values,8000,0,-0.32394717169199616,7696.285714285715,7375.785714285715,0.0,0
2023-07-29,0,275,0,7699,0,True,5,True,False,False,False,False,Imputed date; Imputed values,7974,0,-0.3249999999999975,7790.857142857143,7464.571428571428,0.0,0
2023-07-30,166,277,229,7671,305,False,0,False,False,False,False,False,OK,7948,-76,-0.3260596940055205,7887.428571428572,7555.0,1.326086956521739,0
2023-07-31,136,276,178,7800,220,False,0,False,False,False,False,False,OK,8076,-42,1.610468042274782,7969.714285714285,7643.285714285715,1.229050279329609,0
2023-08-01,87,246,173,8103,168,False,0,False,False,False,False,False,OK,8349,5,3.3803863298662806,8047.571428571428,7728.285714285715,0.9655172413793104,1
2023-08-02,84,171,157,8261,271,False,0,False,False,False,False,False,OK,8432,-114,0.9941310336567311,8115.0,7814.071428571428,1.7151898734177216,0
2023-08-03,167,209,157,8294,339,False,0,False,False,False,False,False,OK,8503,-182,0.8420303605312984,8183.142857142857,7893.428571428572,2.1455696202531644,0
2023-08-04,0,221,0,8295,0,True,5,True,False,False,False,False,Imputed date; Imputed values,8516,0,0.15288721627659818,8256.857142857143,7976.571428571428,0.0,0
2023-08-05,0,233,0,8297,0,True,5,True,False,False,False,False,Imputed date; Imputed values,8530,0,0.16439643024894757,8336.285714285714,8063.571428571428,0.0,0
2023-08-06,109,245,159,8298,322,False,0,False,False,False,False,False,OK,8543,-163,0.1524032825322319,8421.285714285714,8154.357142857143,2.0125,0
2023-08-07,156,256,176,8493,202,False,0,False,False,False,False,False,OK,8749,-26,2.4113309141987616,8517.42857142857,8243.57142857143,1.1412429378531073,0
2023-08-08,125,232,192,8725,207,False,0,False,False,False,False,False,OK,8957,-15,2.3774145616641817,8604.285714285714,8325.92857142857,1.072538860103627,0
2023-08-09,118,139,168,8888,251,False,0,False,True,False,False,True,Transfer > CBP custody,9027,-83,0.7815116668527411,8689.285714285714,8402.142857142857,1.485207100591716,0
2023-08-10,142,235,139,8914,353,False,0,False,False,False,False,False,OK,9149,-214,1.3515010523983628,8781.57142857143,8482.357142857143,2.5214285714285714,0
2023-08-11,0,237,0,9034,0,True,5,True,False,False,False,False,Imputed date; Imputed values,9271,0,1.333479068750676,8889.42857142857,8573.142857142857,0.0,0
2023-08-12,0,238,0,9154,0,True,5,True,False,False,False,False,Imputed date; Imputed values,9392,0,1.305145076043579,9012.57142857143,8674.42857142857,0.0,0
2023-08-13,0,240,0,9274,0,True,5,True,False,False,False,False,Imputed date; Imputed values,9514,0,1.2989778534923335,9151.285714285714,8786.285714285714,0.0,0
2023-08-14,0,242,0,9394,0,True,5,True,False,False,False,False,Imputed date; Imputed values,9636,0,1.2823207904141265,9278.0,8897.714285714286,0.0,0
2023-08-15,0,243,0,9514,0,True,5,True,False,False,False,False,Imputed date; Imputed values,9757,0,1.255707762557079,9392.285714285714,8998.285714285714,0.0,0
2023-08-16,148,245,175,9634,288,False,0,False,False,False,False,False,OK,9879,-113,1.2503843394485958,9514.0,9101.642857142857,1.6363636363636365,0
2023-08-17,119,219,210,9694,407,False,0,False,False,False,False,False,OK,9913,-197,0.34416438910820357,9623.142857142857,9202.357142857143,1.9289099526066351,0
2023-08-18,0,216,0,9624,0,True,5,True,False,False,False,False,Imputed date; Imputed values,9840,0,-0.7364067386260498,9704.42857142857,9296.92857142857,0.0,0
2023-08-19,0,213,0,9553,0,True,5,True,False,False,False,False,Imputed date; Imputed values,9766,0,-0.7520325203252076,9757.857142857143,9385.214285714286,0.0,0
2023-08-20,105,210,149,9483,390,False,0,False,False,False,False,False,OK,9693,-241,-0.747491296334224,9783.42857142857,9467.357142857143,2.6,0
2023-08-21,143,203,163,9668,281,False,0,False,False,False,False,False,OK,9871,-118,1.8363767667388897,9817.0,9547.5,1.7134146341463414,0
2023-08-22,119,209,152,9921,230,False,0,False,False,False,False,False,OK,10130,-78,2.623847634484844,9870.285714285714,9631.285714285714,1.5032679738562091,0
2023-08-23,155,212,181,10071,285,False,0,False,False,False,False,False,OK,10283,-104,1.5103652517275412,9928.0,9721.0,1.565934065934066,0
2023-08-24,109,214,173,10026,443,False,0,False,False,False,False,False,OK,10240,-270,-0.41816590489156535,9974.714285714286,9798.92857142857,2.545977011494253,0
2023-08-25,0,237,0,9975,0,True,5,True,False,False,False,False,Imputed date; Imputed values,10212,0,-0.27343749999999556,10027.857142857143,9866.142857142857,0.0,0
2023-08-26,0,260,0,9924,0,True,5,True,False,False,False,False,Imputed date; Imputed values,10184,0,-0.27418723070896656,10087.57142857143,9922.714285714286,0.0,0
2023-08-27,191,283,192,9873,488,False,0,False,False,False,False,False,OK,10156,-296,-0.274941084053415,10153.714285714286,9968.57142857143,2.528497409326425,0
2023-08-28,170,297,196,10012,388,False,0,False,False,False,False,False,OK,10309,-192,1.5064986215045373,10216.285714285714,10016.642857142857,1.9695431472081217,0
2023-08-29,152,272,214,10180,286,False,0,False,False,False,False,False,OK,10452,-72,1.387137452711218,10262.285714285714,10066.285714285714,1.330232558139535,0
2023-08-30,239,367,224,10280,366,False,0,False,False,False,False,False,OK,10647,-142,1.8656716417910557,10314.285714285714,10121.142857142857,1.6266666666666667,0
2023-08-31,113,280,237,10140,505,False,0,False,False,False,False,False,OK,10420,-268,-2.1320559782098236,10340.0,10157.357142857143,2.1218487394957983,0
2023-09-01,0,286,0,10102,0,True,5,True,False,False,False,False,Imputed date; Imputed values,10388,0,-0.3071017274472121,10365.142857142857,10196.5,0.0,0
2023-09-02,0,293,0,10064,0,True,5,True,False,False,False,False,Imputed date; Imputed values,10357,0,-0.29842125529456753,10389.857142857143,10238.714285714286,0.0,0
2023-09-03,0,300,0,10026,0,True,5,True,False,False,False,False,Imputed date; Imputed values,10326,0,-0.2993144733030806,10414.142857142857,10283.92857142857,0.0,0
2023-09-04,196,306,187,9988,293,False,0,False,False,False,False,False,OK,10294,-106,-0.3098973465039734,10412.0,10314.142857142857,1.5585106382978724,0
2023-09-05,236,330,222,10142,243,False,0,False,False,False,False,False,OK,10472,-21,1.7291626190013565,10414.857142857143,10338.57142857143,1.0896860986547086,0
2023-09-06,81,230,242,10356,291,False,0,False,True,False,False,True,Transfer > CBP custody,10586,-49,1.0886172650878434,10406.142857142857,10360.214285714286,1.1975308641975309,0
2023-09-07,118,245,160,10419,398,False,0,False,False,False,False,False,OK,10664,-238,0.7368222180238027,10441.0,10390.5,2.472049689440994,0
2023-09-08,0,258,0,10373,0,True,5,True,False,False,False,False,Imputed date; Imputed values,10631,0,-0.3094523630907675,10475.714285714286,10420.42857142857,0.0,0
2023-09-09,0,270,0,10328,0,True,5,True,False,False,False,False,Imputed date; Imputed values,10598,0,-0.3104129432790925,10510.142857142857,10450.0,0.0,0
2023-09-10,218,283,208,10282,382,False,0,False,False,False,False,False,OK,10565,-174,-0.3113795055670887,10544.285714285714,10479.214285714286,1.8277511961722488,0
2023-09-11,132,243,183,10492,277,False,0,False,False,False,False,False,OK,10735,-94,1.6090866067203002,10607.285714285714,10509.642857142857,1.5054347826086956,0
2023-09-12,224,315,152,10649,316,False,0,False,False,False,False,False,OK,10964,-164,2.133209129017244,10677.57142857143,10546.214285714286,2.065359477124183,0
2023-09-13,167,326,213,10678,343,False,0,False,False,False,False,False,OK,11004,-130,0.36483035388543694,10737.285714285714,10571.714285714286,1.602803738317757,0
2023-09-14,209,353,232,10837,414,False,0,False,False,False,False,False,OK,11190,-182,1.6902944383860419,10812.42857142857,10626.714285714286,1.7768240343347639,0
2023-09-15,0,320,0,10824,0,True,5,True,False,False,False,False,Imputed date; Imputed values,11144,0,-0.4110813226094745,10885.714285714286,10680.714285714286,0.0,0
2023-09-16,0,286,0,10812,0,True,5,True,False,False,False,False,Imputed date; Imputed values,11098,0,-0.4127781765972727,10957.142857142857,10733.642857142857,0.0,0
2023-09-17,153,253,286,10799,427,False,0,False,True,False,False,True,Transfer > CBP custody,11052,-141,-0.41448909713461823,11026.714285714286,10785.5,1.4878048780487805,0
2023-09-18,180,337,219,10892,313,False,0,False,False,False,False,False,OK,11229,-94,1.601520086862096,11097.285714285714,10852.285714285714,1.4227272727272726,0
2023-09-19,133,287,189,11095,260,False,0,False,False,False,False,False,OK,11382,-71,1.362543414373496,11157.0,10917.285714285714,1.368421052631579,0
2023-09-20,187,310,247,11064,364,False,0,False,False,False,False,False,OK,11374,-117,-0.07028641714988959,11209.857142857143,10973.57142857143,1.467741935483871,0
2023-09-21,168,285,210,11067,428,False,0,False,False,False,False,False,OK,11352,-218,-0.19342359767892114,11233.0,11022.714285714286,2.028436018957346,0
2023-09-22,0,327,0,10959,0,True,5,True,False,False,False,False,Imputed date; Imputed values,11286,0,-0.5813953488372103,11253.285714285714,11069.5,0.0,0
2023-09-23,0,370,0,10852,0,True,5,True,False,False,False,False,Imputed date; Imputed values,11222,0,-0.5670742512847826,11271.0,11114.07142857143,0.0,0
2023-09-24,269,412,204,10744,403,False,0,False,False,False,False,False,OK,11156,-199,-0.5881304580288682,11285.857142857143,11156.285714285714,1.9658536585365853,0
2023-09-25,100,255,236,10842,284,False,0,False,False,False,False,False,OK,11097,-48,-0.5288633918967389,11267.0,11182.142857142857,1.1983122362869199,0
2023-09-26,205,294,177,10978,332,False,0,False,False,False,False,False,OK,11272,-155,1.5770027935477993,11251.285714285714,11204.142857142857,1.8651685393258426,0
2023-09-27,161,304,211,11017,331,False,0,False,False,False,False,False,OK,11321,-120,0.434705464868701,11243.714285714286,11226.785714285714,1.5613207547169812,0
2023-09-28,57,162,193,10984,447,False,0,False,True,False,False,True,Transfer > CBP custody,11146,-254,-1.545799841003448,11214.285714285714,11223.642857142857,2.304123711340206,0
2023-09-29,0,149,0,10855,0,True,5,True,False,False,False,False,Imputed date; Imputed values,11004,0,-1.2739996411268661,11174.0,11213.642857142857,0.0,0
2023-09-30,0,135,0,10727,0,True,5,True,False,False,False,False,Imputed date; Imputed values,10862,0,-1.2904398400581552,11122.57142857143,11196.785714285714,0.0,0
2023-10-01,80,122,152,10598,493,False,0,False,True,False,False,True,Transfer > CBP custody,10720,-341,-1.307309887681829,11060.285714285714,11173.07142857143,3.2222222222222223,0
2023-10-02,107,170,133,10724,284,False,0,False,False,False,False,False,OK,10894,-151,1.6231343283582111,11031.285714285714,11149.142857142857,2.1194029850746268,0
2023-10-03,99,156,139,10818,287,False,0,False,False,False,False,False,OK,10974,-148,0.7343491830365423,10988.714285714286,11120.0,2.05,0
2023-10-04,25,66,94,10963,330,False,0,False,True,False,False,True,Transfer > CBP custody,11029,-236,0.5011846181884438,10947.0,11095.357142857143,3.473684210526316,0
2023-10-05,35,70,53,11130,427,False,0,False,False,False,False,False,OK,11200,-374,1.5504578837610028,10954.714285714286,11084.5,7.907407407407407,0
2023-10-06,0,71,0,11051,0,True,5,True,False,False,False,False,Imputed date; Imputed values,11122,0,-0.6964285714285756,10971.57142857143,11072.785714285714,0.0,0
2023-10-07,0,72,0,10972,0,True,5,True,False,False,False,False,Imputed date; Imputed values,11044,0,-0.7013127135407249,10997.57142857143,11060.07142857143,0.0,0
2023-10-08,0,72,0,10894,0,True,5,True,False,False,False,False,Imputed date; Imputed values,10966,0,-0.7062658457080762,11032.714285714286,11046.5,0.0,0
2023-10-09,43,73,64,10815,282,False,0,False,False,False,False,False,OK,10888,-218,-0.711289440087548,11031.857142857143,11031.57142857143,4.338461538461538,0
2023-10-10,41,60,71,10910,257,False,0,False,True,False,False,True,Transfer > CBP custody,10970,-186,0.7531227038942045,11031.285714285714,11010.0,3.5694444444444446,0
2023-10-11,65,83,65,10960,266,False,0,False,False,False,False,False,OK,11043,-201,0.6654512306289773,11033.285714285714,10990.142857142857,4.03030303030303,0
2023-10-12,38,80,82,10992,398,False,0,False,True,False,False,True,Transfer > CBP custody,11072,-316,0.2626097980621189,11015.0,10984.857142857143,4.795180722891566,0
2023-10-13,0,81,0,10852,0,True,5,True,False,False,False,False,Imputed date; Imputed values,10933,0,-1.2554190751445038,10988.0,10979.785714285714,0.0,0
2023-10-14,0,81,0,10711,0,True,5,True,False,False,False,False,Imputed date; Imputed values,10792,0,-1.2896734656544395,10952.0,10974.785714285714,0.0,0
2023-10-15,56,82,68,10571,434,False,0,False,False,False,False,False,OK,10653,-366,-1.2879911045218684,10907.285714285714,10970.0,6.2898550724637685,0
2023-10-16,74,103,80,10629,331,False,0,False,False,False,False,False,OK,10732,-251,0.7415751431521622,10885.0,10958.42857142857,4.08641975308642,0
2023-10-17,68,107,102,10630,315,False,0,False,False,False,False,False,OK,10737,-213,0.04658963846440045,10851.714285714286,10941.5,3.058252427184466,0
2023-10-18,92,124,93,10511,393,False,0,False,False,False,False,False,OK,10635,-300,-0.9499860296172113,10793.42857142857,10913.357142857143,4.180851063829787,0
2023-10-19,113,162,107,10319,406,False,0,False,False,False,False,False,OK,10481,-299,-1.4480488951574944,10709.0,10862.0,3.759259259259259,0
2023-10-20,0,173,0,10048,0,True,5,True,False,False,False,False,Imputed date; Imputed values,10221,0,-2.480679324491941,10607.285714285714,10797.642857142857,0.0,0
2023-10-21,0,185,0,9777,0,True,5,True,False,False,False,False,Imputed date; Imputed values,9962,0,-2.533998630271006,10488.714285714286,10720.357142857143,0.0,0
2023-10-22,106,196,131,9506,454,False,0,False,False,False,False,False,OK,9702,-323,-2.609917687211405,10352.857142857143,10630.07142857143,3.4393939393939394,0
2023-10-23,86,152,168,9436,327,False,0,False,True,False,False,True,Transfer > CBP custody,9588,-159,-1.1750154607297447,10189.42857142857,10537.214285714286,1.9349112426035502,0
2023-10-24,84,118,136,9396,300,False,0,False,True,False,False,True,Transfer > CBP custody,9514,-164,-0.7717980809345049,10014.714285714286,10433.214285714286,2.18978102189781,0
2023-10-25,59,64,117,9351,293,False,0,False,True,False,False,True,Transfer > CBP custody,9415,-176,-1.0405717889426125,9840.42857142857,10316.92857142857,2.483050847457627,0
2023-10-26,62,97,52,9235,390,False,0,False,False,False,False,False,OK,9332,-338,-0.8815719596388716,9676.285714285714,10192.642857142857,7.3584905660377355,0
2023-10-27,0,90,0,9132,0,True,5,True,False,False,False,False,Imputed date; Imputed values,9222,0,-1.1787398199742838,9533.57142857143,10070.42857142857,0.0,0
2023-10-28,0,82,0,9028,0,True,5,True,False,False,False,False,Imputed date; Imputed values,9110,0,-1.2144870960746013,9411.857142857143,9950.285714285714,0.0,0
2023-10-29,91,75,97,8925,418,False,0,False,True,False,False,True,Transfer > CBP custody,9000,-321,-1.207464324917673,9311.57142857143,9832.214285714286,4.26530612244898,0
2023-10-30,29,51,11,9026,278,False,0,False,False,False,False,False,OK,9077,-267,0.855555555555565,9238.57142857143,9714.0,23.166666666666668,0
2023-10-31,33,53,34,9072,295,False,0,False,False,False,False,False,OK,9125,-261,0.5288090778891696,9183.0,9598.857142857143,8.428571428571429,0
2023-11-01,132,235,197,9250,279,False,0,False,False,False,False,False,OK,9485,-82,3.945205479452052,9193.0,9516.714285714286,1.4090909090909092,0
2023-11-02,174,208,256,9442,330,False,0,False,True,False,False,True,Transfer > CBP custody,9650,-74,1.7395888244596813,9238.42857142857,9457.357142857143,1.284046692607004,0
2023-11-03,0,215,0,9386,0,True,5,True,False,False,False,False,Imputed date; Imputed values,9601,0,-0.5077720207253833,9292.57142857143,9413.07142857143,0.0,0
2023-11-04,0,223,0,9329,0,True,5,True,False,False,False,False,Imputed date; Imputed values,9552,0,-0.5103635038016918,9355.714285714286,9383.785714285714,0.0,0
2023-11-05,123,230,167,9273,370,False,0,False,False,False,False,False,OK,9503,-203,-0.5129815745393618,9427.57142857143,9369.57142857143,2.2023809523809526,0
2023-11-06,123,233,159,9286,316,False,0,False,False,False,False,False,OK,9519,-157,0.1683678838261704,9490.714285714286,9364.642857142857,1.975,0
2023-11-07,141,232,188,9483,231,False,0,False,False,False,False,False,OK,9715,-43,2.0590398151066225,9575.0,9379.0,1.2222222222222223,0
2023-11-08,158,226,191,9634,310,False,0,False,False,False,False,False,OK,9860,-119,1.4925373134328401,9628.57142857143,9410.785714285714,1.6145833333333333,0
2023-11-09,0,210,0,9595,0,True,5,True,False,False,False,False,Imputed date; Imputed values,9805,0,-0.5578093306288001,9650.714285714286,9444.57142857143,0.0,0
2023-11-10,0,193,0,9556,0,True,5,True,False,False,False,False,Imputed date; Imputed values,9749,0,-0.571137174910763,9671.857142857143,9482.214285714286,0.0,0
2023-11-11,0,176,0,9516,0,True,5,True,False,False,False,False,Imputed date; Imputed values,9692,0,-0.5846753513180869,9691.857142857143,9523.785714285714,0.0,0
2023-11-12,96,160,233,9477,313,False,0,False,True,False,False,True,Transfer > CBP custody,9637,-80,-0.5674783326454769,9711.0,9569.285714285714,1.3376068376068375,0
2023-11-13,141,173,129,9510,287,False,0,False,False,False,False,False,OK,9683,-158,0.4773269689737569,9734.42857142857,9612.57142857143,2.207692307692308,0
2023-11-14,116,181,182,9665,247,False,0,False,True,False,False,True,Transfer > CBP custody,9846,-65,1.6833625942373143,9753.142857142857,9664.07142857143,1.349726775956284,0
2023-11-15,150,157,201,9762,316,False,0,False,True,False,False,True,Transfer > CBP custody,9919,-115,0.7414178346536682,9761.57142857143,9695.07142857143,1.5643564356435644,0
2023-11-16,80,176,125,9762,374,False,0,False,False,False,False,False,OK,9938,-249,0.191551567698367,9780.57142857143,9715.642857142857,2.9682539682539684,0
2023-11-17,0,180,0,9699,0,True,5,True,False,False,False,False,Imputed date; Imputed values,9879,0,-0.5936808210907585,9799.142857142857,9735.5,0.0,0
2023-11-18,0,184,0,9636,0,True,5,True,False,False,False,False,Imputed date; Imputed values,9820,0,-0.5972264399230709,9817.42857142857,9754.642857142857,0.0,0
2023-11-19,116,188,164,9573,435,False,0,False,False,False,False,False,OK,9761,-271,-0.6008146639511214,9835.142857142857,9773.07142857143,2.6363636363636362,0
2023-11-20,105,185,158,9638,298,False,0,False,False,False,False,False,OK,9823,-140,0.635180821637138,9855.142857142857,9794.785714285714,1.8742138364779874,0
2023-11-21,136,246,123,9804,250,False,0,False,False,False,False,False,OK,10050,-127,2.310902982795482,9884.285714285714,9818.714285714286,2.0161290322580645,0
2023-11-22,0,237,0,9821,0,True,5,True,False,False,False,False,Imputed date; Imputed values,10058,0,0.0796019900497491,9904.142857142857,9832.857142857143,0.0,0
2023-11-23,128,228,177,9838,283,False,0,False,False,False,False,False,OK,10066,-106,0.07953867568104567,9922.42857142857,9851.5,1.5898876404494382,0
2023-11-24,0,217,0,9840,0,True,5,True,False,False,False,False,Imputed date; Imputed values,10057,0,-0.08940989469501393,9947.857142857143,9873.5,0.0,0
2023-11-25,0,207,0,9843,0,True,5,True,False,False,False,False,Imputed date; Imputed values,10050,0,-0.06960326140996731,9980.714285714286,9899.07142857143,0.0,0
2023-11-26,90,196,205,9845,312,False,0,False,True,False,False,True,Transfer > CBP custody,10041,-107,-0.08955223880596774,10020.714285714286,9927.92857142857,1.5145631067961165,0
2023-11-27,56,82,68,10123,214,False,0,False,False,False,False,False,OK,10205,-146,1.6333034558311033,10075.285714285714,9965.214285714286,3.101449275362319,0
2023-11-28,74,103,80,10223,223,False,0,False,False,False,False,False,OK,10326,-143,1.185693287604117,10114.714285714286,9999.5,2.753086419753086,0
2023-11-29,68,107,102,10398,284,False,0,False,False,False,False,False,OK,10505,-182,1.73348828200659,10178.57142857143,10041.357142857143,2.7572815533980584,0
2023-11-30,92,124,93,10536,320,False,0,False,False,False,False,False,OK,10660,-227,1.47548786292242,10263.42857142857,10092.92857142857,3.404255319148936,0
2023-12-01,0,161,0,10550,0,True,5,True,False,False,False,False,Imputed date; Imputed values,10711,0,0.47842401500937104,10356.857142857143,10152.357142857143,0.0,0
2023-12-02,0,198,0,10565,0,True,5,True,False,False,False,False,Imputed date; Imputed values,10763,0,0.4854822145457849,10458.714285714286,10219.714285714286,0.0,0
2023-12-03,132,235,197,10579,417,False,0,False,False,False,False,False,OK,10814,-220,0.47384558208678484,10569.142857142857,10294.92857142857,2.106060606060606,0
2023-12-04,174,208,256,10635,273,False,0,False,True,False,False,True,Transfer > CBP custody,10843,-17,0.2681708895875712,10660.285714285714,10367.785714285714,1.0622568093385214,0
2023-12-05,123,230,167,10761,261,False,0,False,False,False,False,False,OK,10991,-94,1.364935903347786,10755.285714285714,10435.0,1.5535714285714286,0
2023-12-06,123,233,159,10832,376,False,0,False,False,False,False,False,OK,11065,-217,0.6732781366572738,10835.285714285714,10506.92857142857,2.35,0
2023-12-07,141,232,188,10897,466,False,0,False,False,False,False,False,OK,11129,-278,0.5784003615002309,10902.285714285714,10582.857142857143,2.4656084656084656,0
2023-12-08,0,230,0,10888,0,True,5,True,False,False,False,False,Imputed date; Imputed values,11118,0,-0.09884086620540744,10960.42857142857,10658.642857142857,0.0,0
2023-12-09,0,228,0,10880,0,True,5,True,False,False,False,False,Imputed date; Imputed values,11108,0,-0.08994423457456824,11009.714285714286,10734.214285714286,0.0,0
2023-12-10,158,226,191,10871,411,False,0,False,False,False,False,False,OK,11097,-220,-0.09902772776377855,11050.142857142857,10809.642857142857,2.140625,0
2023-12-11,96,160,233,10998,304,False,0,False,True,False,False,True,Transfer > CBP custody,11158,-71,0.5496981166080994,11095.142857142857,10877.714285714286,1.2991452991452992,0
2023-12-12,141,173,129,11077,259,False,0,False,False,False,False,False,OK,11250,-130,0.8245205233912811,11132.142857142857,10943.714285714286,1.9923076923076923,0
2023-12-13,116,181,182,11192,335,False,0,False,True,False,False,True,Transfer > CBP custody,11373,-153,1.093333333333324,11176.142857142857,11005.714285714286,1.830601092896175,0
2023-12-14,150,157,201,11242,396,False,0,False,True,False,False,True,Transfer > CBP custody,11399,-195,0.2286116240218128,11214.714285714286,11058.5,1.9603960396039604,0
2023-12-15,0,163,0,11192,0,True,5,True,False,False,False,False,Imputed date; Imputed values,11355,0,-0.38599877182209363,11248.57142857143,11104.5,0.0,0
2023-12-16,0,170,0,11142,0,True,5,True,False,False,False,False,Imputed date; Imputed values,11312,0,-0.3786878027300711,11277.714285714286,11143.714285714286,0.0,0
2023-12-17,80,176,125,11092,456,False,0,False,False,False,False,False,OK,11268,-331,-0.38896746817539407,11302.142857142857,11176.142857142857,3.619047619047619,0
2023-12-18,116,188,164,11149,364,False,0,False,False,False,False,False,OK,11337,-200,0.6123535676251235,11327.714285714286,11211.42857142857,2.206060606060606,0
2023-12-19,105,185,158,11291,272,False,0,False,False,False,False,False,OK,11476,-114,1.2260739172620605,11360.0,11246.07142857143,1.7106918238993711,0
2023-12-20,136,246,123,11516,390,False,0,False,False,False,False,False,OK,11762,-267,2.492157546183349,11415.57142857143,11295.857142857143,3.1451612903225805,0
2023-12-21,128,228,177,11375,497,False,0,False,False,False,False,False,OK,11603,-320,-1.3518109165107983,11444.714285714286,11329.714285714286,2.792134831460674,0
2023-12-22,0,220,0,11317,0,True,5,True,False,False,False,False,Imputed date; Imputed values,11537,0,-0.5688184090321458,11470.714285714286,11359.642857142857,0.0,0
2023-12-23,0,212,0,11260,0,True,5,True,False,False,False,False,Imputed date; Imputed values,11472,0,-0.5634046979284046,11493.57142857143,11385.642857142857,0.0,0
2023-12-24,0,204,0,11202,0,True,5,True,False,False,False,False,Imputed date; Imputed values,11406,0,-0.5753138075313857,11513.285714285714,11407.714285714286,0.0,0
2023-12-25,90,196,205,11144,347,False,0,False,True,False,False,True,Transfer > CBP custody,11340,-142,-0.5786428195686533,11513.714285714286,11420.714285714286,1.6844660194174756,0
2023-12-26,56,82,68,11217,288,False,0,False,False,False,False,False,OK,11299,-220,-0.36155202821869237,11488.42857142857,11424.214285714286,4.173913043478261,0
2023-12-27,74,103,80,11206,335,False,0,False,False,False,False,False,OK,11309,-255,0.08850340738117968,11423.714285714286,11419.642857142857,4.135802469135802,0
2023-12-28,68,107,102,11230,357,False,0,False,False,False,False,False,OK,11337,-255,0.2475904147139385,11385.714285714286,11415.214285714286,3.466019417475728,0
2023-12-29,0,111,0,11140,0,True,5,True,False,False,False,False,Imputed date; Imputed values,11251,0,-0.7585781070830078,11344.857142857143,11407.785714285714,0.0,0
2023-12-30,0,116,0,11050,0,True,5,True,False,False,False,False,Imputed date; Imputed values,11166,0,-0.7554884010310237,11301.142857142857,11397.357142857143,0.0,0
2023-12-31,0,120,0,10960,0,True,5,True,False,False,False,False,Imputed date; Imputed values,11080,0,-0.7701952355364527,11254.57142857143,11383.92857142857,0.0,0
2024-01-01,92,124,93,10870,290,False,0,False,False,False,False,False,OK,10994,-197,-0.7761732851985559,11205.142857142857,11359.42857142857,3.0851063829787235,0
2024-01-02,113,162,107,10770,316,False,0,False,False,False,False,False,OK,10932,-209,-0.5639439694378745,11152.714285714286,11320.57142857143,2.925925925925926,0
2024-01-03,106,196,131,10718,263,False,0,False,False,False,False,False,OK,10914,-132,-0.16465422612513825,11096.285714285714,11260.0,1.9924242424242424,0
2024-01-04,86,152,168,10558,362,False,0,False,True,False,False,True,Transfer > CBP custody,10710,-194,-1.869158878504673,11006.714285714286,11196.214285714286,2.1420118343195265,0
2024-01-05,0,141,0,10262,0,True,5,True,False,False,False,False,Imputed date; Imputed values,10403,0,-2.8664799253034556,10885.57142857143,11115.214285714286,0.0,0
2024-01-06,0,129,0,9966,0,True,5,True,False,False,False,False,Imputed date; Imputed values,10095,0,-2.9606844179563607,10732.57142857143,11016.857142857143,0.0,0
2024-01-07,84,118,136,9670,367,False,0,False,True,False,False,True,Transfer > CBP custody,9788,-231,-3.041109460128777,10548.0,10901.285714285714,2.678832116788321,0
2024-01-08,59,64,117,9670,367,False,0,False,True,False,False,True,Transfer > CBP custody,9734,-250,-0.5516959542296695,10368.0,10786.57142857143,3.110169491525424,0
2024-01-09,62,97,52,9311,286,False,0,False,False,False,False,False,OK,9408,-234,-3.3490856790630796,10150.285714285714,10651.5,5.39622641509434,0
2024-01-10,91,75,97,9144,349,False,0,False,True,False,False,True,Transfer > CBP custody,9219,-252,-2.00892857142857,9908.142857142857,10502.214285714286,3.561224489795918,0
2024-01-11,29,51,11,8829,476,False,0,False,False,False,False,False,OK,8880,-465,-3.6771884152294154,9646.714285714286,10326.714285714286,39.666666666666664,0
2024-01-12,0,52,0,8630,0,True,5,True,False,False,False,False,Imputed date; Imputed values,8682,0,-2.2297297297297347,9400.857142857143,10143.214285714286,0.0,0
2024-01-13,0,52,0,8431,0,True,5,True,False,False,False,False,Imputed date; Imputed values,8483,0,-2.2920985947938233,9170.57142857143,9951.57142857143,0.0,0
2024-01-14,0,52,0,8232,0,True,5,True,False,False,False,False,Imputed date; Imputed values,8284,0,-2.345868207002244,8955.714285714286,9751.857142857143,0.0,0
2024-01-15,33,53,34,8033,234,False,0,False,False,False,False,False,OK,8086,-200,-2.3901496861419624,8720.285714285714,9544.142857142857,6.685714285714286,0
2024-01-16,32,49,39,8133,188,False,0,False,False,False,False,False,OK,8182,-149,1.187237200098945,8545.142857142857,9347.714285714286,4.7,0
2024-01-17,80,176,125,8072,353,False,0,False,False,False,False,False,OK,8248,-228,0.8066487411390932,8406.42857142857,9157.285714285714,2.8015873015873014,0
2024-01-18,116,188,164,8042,359,False,0,False,False,False,False,False,OK,8230,-195,-0.21823472356935492,8313.57142857143,8980.142857142857,2.175757575757576,0
2024-01-19,0,187,0,8019,0,True,5,True,False,False,False,False,Imputed date; Imputed values,8206,0,-0.2916160388821365,8245.57142857143,8823.214285714286,0.0,0
2024-01-20,0,186,0,7997,0,True,5,True,False,False,False,False,Imputed date; Imputed values,8183,0,-0.2802827199610003,8202.714285714286,8686.642857142857,0.0,0
2024-01-21,105,185,158,7974,371,False,0,False,False,False,False,False,OK,8159,-213,-0.2932909690822383,8184.857142857143,8570.285714285714,2.3333333333333335,0
2024-01-22,136,246,123,8008,222,False,0,False,False,False,False,False,OK,8254,-99,1.164358377252106,8208.857142857143,8464.57142857143,1.7903225806451613,0
2024-01-23,128,228,177,8133,202,False,0,False,False,False,False,False,OK,8361,-25,1.296341167918591,8234.42857142857,8389.785714285714,1.1348314606741574,0
2024-01-24,90,196,205,8212,243,False,0,False,True,False,False,True,Transfer > CBP custody,8408,-38,0.5621337160626627,8257.285714285714,8331.857142857143,1.1796116504854368,0
2024-01-25,102,189,155,8180,293,False,0,False,False,False,False,False,OK,8369,-138,-0.4638439581351128,8277.142857142857,8295.357142857143,1.8782051282051282,0
2024-01-26,0,212,0,8121,0,True,5,True,False,False,False,False,Imputed date; Imputed values,8333,0,-0.4301589198231537,8295.285714285714,8270.42857142857,0.0,0
2024-01-27,0,234,0,8063,0,True,5,True,False,False,False,False,Imputed date; Imputed values,8297,0,-0.4320172806912326,8311.57142857143,8257.142857142857,0.0,0
2024-01-28,120,257,126,8004,307,False,0,False,False,False,False,False,OK,8261,-181,-0.4338917681089516,8326.142857142857,8255.5,2.4173228346456694,0
2024-01-29,137,272,166,8057,195,False,0,False,False,False,False,False,OK,8329,-29,0.8231448977121358,8336.857142857143,8272.857142857143,1.1676646706586826,0
2024-01-30,93,198,208,8182,187,False,0,False,True,False,False,True,Transfer > CBP custody,8380,21,0.6123184055708997,8339.57142857143,8287.0,0.8947368421052632,1
2024-01-31,203,477,258,8153,266,False,0,False,False,False,False,False,OK,8630,-8,2.9832935560859086,8371.285714285714,8314.285714285714,1.027027027027027,0
2024-02-01,222,459,289,8026,337,False,0,False,False,False,False,False,OK,8485,-48,-1.6801853997682525,8387.857142857143,8332.5,1.1620689655172414,0
2024-02-02,0,483,0,7955,0,True,5,True,False,False,False,False,Imputed date; Imputed values,8438,0,-0.5539186800235685,8402.857142857143,8349.07142857143,0.0,0
2024-02-03,0,507,0,7884,0,True,5,True,False,False,False,False,Imputed date; Imputed values,8391,0,-0.5570040293908507,8416.285714285714,8363.92857142857,0.0,0
2024-02-04,253,531,248,7813,342,False,0,False,False,False,False,False,OK,8344,-94,-0.5601239423191462,8428.142857142857,8377.142857142857,1.3734939759036144,0
2024-02-05,157,466,345,7872,242,False,0,False,False,False,False,False,OK,8338,103,-0.07190795781399917,8429.42857142857,8383.142857142857,0.6994219653179191,1
2024-02-06,291,455,323,8045,178,False,0,False,False,False,False,False,OK,8500,145,1.9429119692971897,8446.57142857143,8393.07142857143,0.5493827160493827,2
2024-02-07,227,453,330,8160,222,False,0,False,False,False,False,False,OK,8613,108,1.32941176470589,8444.142857142857,8407.714285714286,0.6706948640483383,3
2024-02-08,298,499,358,8188,315,False,0,False,False,False,False,False,OK,8687,43,0.8591663764077495,8473.0,8430.42857142857,0.8774373259052924,4
2024-02-09,0,504,0,8144,0,True,5,True,False,False,False,False,Imputed date; Imputed values,8648,0,-0.44894670196845565,8503.0,8452.92857142857,0.0,0
2024-02-10,0,510,0,8100,0,True,5,True,False,False,False,False,Imputed date; Imputed values,8610,0,-0.43940795559667123,8534.285714285714,8475.285714285714,0.0,0
2024-02-11,205,515,226,8056,347,False,0,False,False,False,False,False,OK,8571,-121,-0.45296167247387276,8566.714285714286,8497.42857142857,1.52863436123348,0
2024-02-12,213,430,440,8092,234,False,0,False,True,False,False,True,Transfer > CBP custody,8522,206,-0.5716952514292384,8593.0,8511.214285714286,0.5306122448979592,1
2024-02-13,227,369,349,8348,160,False,0,False,False,False,False,False,OK,8717,189,2.2881952593287957,8624.0,8535.285714285714,0.45714285714285713,2
2024-02-14,185,322,272,8512,230,False,0,False,False,False,False,False,OK,8834,42,1.3422048870024073,8655.57142857143,8549.857142857143,0.8424908424908425,3
2024-02-15,333,508,272,8463,312,False,0,False,False,False,False,False,OK,8971,-40,1.5508263527280963,8696.142857142857,8584.57142857143,1.1428571428571428,0
2024-02-16,0,486,0,8442,0,True,5,True,False,False,False,False,Imputed date; Imputed values,8928,0,-0.4793222606175429,8736.142857142857,8619.57142857143,0.0,0
2024-02-17,0,464,0,8422,0,True,5,True,False,False,False,False,Imputed date; Imputed values,8886,0,-0.47043010752688685,8775.57142857143,8654.92857142857,0.0,0
2024-02-18,0,442,0,8401,0,True,5,True,False,False,False,False,Imputed date; Imputed values,8843,0,-0.4839072698627045,8814.42857142857,8690.57142857143,0.0,0
2024-02-19,249,420,371,8380,218,False,0,False,False,False,False,False,OK,8800,153,-0.4862603188963033,8854.142857142857,8723.57142857143,0.5860215053763441,1
2024-02-20,149,395,273,8488,192,False,0,False,False,False,False,False,OK,8883,81,0.9431818181818263,8877.857142857143,8750.92857142857,0.7007299270072993,2
2024-02-21,232,430,318,8573,231,False,0,False,False,False,False,False,OK,9003,87,1.3508949679162496,8902.0,8778.785714285714,0.7241379310344828,3
2024-02-22,165,400,292,8607,293,False,0,False,False,False,False,False,OK,9007,-1,0.04442963456625648,8907.142857142857,8801.642857142857,1.0,0
2024-02-23,0,427,0,8539,0,True,5,True,False,False,False,False,Imputed date; Imputed values,8966,0,-0.45520150993672015,8912.57142857143,8824.357142857143,0.0,0
2024-02-24,0,455,0,8472,0,True,5,True,False,False,False,False,Imputed date; Imputed values,8927,0,-0.43497657818425406,8918.42857142857,8847.0,0.0,0
2024-02-25,244,482,366,8404,329,False,0,False,False,False,False,False,OK,8886,37,-0.45928083342667847,8924.57142857143,8869.5,0.896457765667575,1
2024-02-26,199,438,326,8404,329,False,0,False,False,False,False,False,OK,8842,-3,-0.4951609273013746,8930.57142857143,8892.357142857143,1.0061162079510704,0
2024-02-27,197,369,306,8650,206,False,0,False,False,False,False,False,OK,9019,100,2.0018095453517404,8950.0,8913.92857142857,0.6710097719869706,1
2024-02-28,209,447,274,8699,257,False,0,False,False,False,False,False,OK,9146,17,1.4081383745426335,8970.42857142857,8936.214285714286,0.9345454545454546,2
2024-02-29,262,444,354,8724,299,False,0,False,False,False,False,False,OK,9168,55,0.2405423135797058,8993.42857142857,8950.285714285714,0.8422535211267606,3
2024-03-01,0,452,0,8681,0,True,5,True,False,False,False,False,Imputed date; Imputed values,9133,0,-0.3817626527050644,9017.285714285714,8964.92857142857,0.0,0
2024-03-02,0,460,0,8637,0,True,5,True,False,False,False,False,Imputed date; Imputed values,9097,0,-0.3941749698894159,9041.57142857143,8980.0,0.0,0
2024-03-03,236,468,347,8594,354,False,0,False,False,False,False,False,OK,9062,-7,-0.38474222271078773,9066.714285714286,8995.642857142857,1.0172413793103448,0
2024-03-04,225,509,340,8660,229,False,0,False,False,False,False,False,OK,9169,111,1.1807548002648494,9113.42857142857,9022.0,0.6715542521994134,1
2024-03-05,246,472,345,8800,214,False,0,False,False,False,False,False,OK,9272,131,1.12335041989311,9149.57142857143,9049.785714285714,0.6184971098265896,2
2024-03-06,230,457,277,8870,232,False,0,False,False,False,False,False,OK,9327,45,0.5931837791199213,9175.42857142857,9072.92857142857,0.8345323741007195,3
2024-03-07,181,424,328,8902,305,False,0,False,False,False,False,False,OK,9326,23,-0.010721561059290341,9198.0,9095.714285714286,0.9270516717325228,4
2024-03-08,0,405,0,8839,0,True,5,True,False,False,False,False,Imputed date; Imputed values,9244,0,-0.8792622775037562,9213.857142857143,9115.57142857143,0.0,0
2024-03-09,0,387,0,8777,0,True,5,True,False,False,False,False,Imputed date; Imputed values,9164,0,-0.8654262224145337,9223.42857142857,9132.5,0.0,0
2024-03-10,190,368,326,8714,373,False,0,False,False,False,False,False,OK,9082,-47,-0.8948057616761207,9226.285714285714,9146.5,1.1406727828746177,0
2024-03-11,178,336,290,8757,253,False,0,False,False,False,False,False,OK,9093,37,0.12111869632238648,9215.42857142857,9164.42857142857,0.8694158075601375,1
2024-03-12,154,294,290,8843,213,False,0,False,False,False,False,False,OK,9137,77,0.4838887055977015,9196.142857142857,9172.857142857143,0.7319587628865979,2
2024-03-13,165,358,167,8819,239,False,0,False,False,False,False,False,OK,9177,-72,0.43778045310276514,9174.714285714286,9175.07142857143,1.4226190476190477,0
2024-03-14,166,301,252,8695,310,False,0,False,False,False,False,False,OK,8996,-58,-1.9723221096218824,9127.57142857143,9162.785714285714,1.225296442687747,0
2024-03-15,0,287,0,8588,0,True,5,True,False,False,False,False,Imputed date; Imputed values,8875,0,-1.3450422409959972,9074.857142857143,9144.357142857143,0.0,0
2024-03-16,0,274,0,8480,0,True,5,True,False,False,False,False,Imputed date; Imputed values,8754,0,-1.3633802816901408,9016.285714285714,9119.857142857143,0.0,0
2024-03-17,127,260,259,8373,342,False,0,False,False,False,False,False,OK,8633,-83,-1.3822252684487113,8952.142857142857,9089.214285714286,1.3153846153846154,0
2024-03-18,123,243,188,8333,283,False,0,False,False,False,False,False,OK,8576,-95,-0.6602571527858259,8878.285714285714,9046.857142857143,1.4973544973544974,0
2024-03-19,99,202,256,8390,197,False,0,False,True,False,False,True,Transfer > CBP custody,8592,59,0.1865671641791078,8800.42857142857,8998.285714285714,0.7665369649805448,1
2024-03-20,91,181,174,8365,227,False,0,False,False,False,False,False,OK,8546,-53,-0.5353817504655467,8710.285714285714,8942.5,1.2971428571428572,0
2024-03-21,132,261,141,8292,235,False,0,False,False,False,False,False,OK,8553,-94,0.08190966534051825,8647.0,8887.285714285714,1.6549295774647887,0
2024-03-22,0,262,0,8161,0,True,5,True,False,False,False,False,Imputed date; Imputed values,8423,0,-1.5199345258973485,8582.42857142857,8828.642857142857,0.0,0
2024-03-23,0,263,0,8030,0,True,5,True,False,False,False,False,Imputed date; Imputed values,8293,0,-1.5433930903478554,8516.57142857143,8766.42857142857,0.0,0
2024-03-24,124,264,221,7899,373,False,0,False,False,False,False,False,OK,8163,-152,-1.5675871216688786,8449.42857142857,8700.785714285714,1.6801801801801801,0
2024-03-25,128,242,224,7899,229,False,0,False,False,False,False,False,OK,8141,-5,-0.26950875903466454,8387.285714285714,8632.785714285714,1.0177777777777777,0
2024-03-26,187,276,200,7919,208,False,0,False,False,False,False,False,OK,8195,-8,0.6633091757769272,8330.57142857143,8565.5,1.0348258706467661,0
2024-03-27,129,287,185,7893,215,False,0,False,False,False,False,False,OK,8180,-30,-0.18303843807199183,8278.285714285714,8494.285714285714,1.1559139784946237,0
2024-03-28,161,288,248,7762,360,False,0,False,False,False,False,False,OK,8050,-112,-1.58924205378973,8206.42857142857,8426.714285714286,1.4457831325301205,0
2024-03-29,0,277,0,7594,0,True,5,True,False,False,False,False,Imputed date; Imputed values,7871,0,-2.2236024844720537,8127.571428571428,8355.0,0.0,0
2024-03-30,0,265,0,7425,0,True,5,True,False,False,False,False,Imputed date; Imputed values,7690,0,-2.2995807394232015,8041.428571428572,8279.0,0.0,0
2024-03-31,105,254,151,7257,287,False,0,False,False,False,False,False,OK,7511,-136,-2.3276983094928427,7948.285714285715,8198.857142857143,1.888157894736842,0
2024-04-01,109,235,171,7271,172,False,0,False,False,False,False,False,OK,7506,-1,-0.06656903208627218,7857.571428571428,8122.428571428572,1.0,0
2024-04-02,101,230,175,7340,132,False,0,False,False,False,False,False,OK,7570,43,0.8526512123634422,7768.285714285715,8049.428571428572,0.75,1
2024-04-03,124,230,190,7346,163,False,0,False,False,False,False,False,OK,7576,27,0.07926023778070945,7682.0,7980.142857142857,0.8534031413612565,2
2024-04-04,95,226,152,7317,225,False,0,False,False,False,False,False,OK,7543,-73,-0.4355860612460405,7609.571428571428,7908.0,1.4705882352941178,0
2024-04-05,0,230,0,7205,0,True,5,True,False,False,False,False,Imputed date; Imputed values,7435,0,-1.4317910645631704,7547.285714285715,7837.428571428572,0.0,0
2024-04-06,0,235,0,7094,0,True,5,True,False,False,False,False,Imputed date; Imputed values,7329,0,-1.4256893073301913,7495.714285714285,7768.571428571428,0.0,0
2024-04-07,106,239,233,6982,279,False,0,False,False,False,False,False,OK,7221,-46,-1.4735980352026168,7454.285714285715,7701.285714285715,1.1923076923076923,0
2024-04-08,102,230,167,6988,199,False,0,False,False,False,False,False,OK,7218,-32,-0.041545492314087884,7413.142857142857,7635.357142857143,1.1845238095238095,0
2024-04-09,118,231,217,7043,130,False,0,False,False,False,False,False,OK,7274,87,0.775838182321964,7370.857142857143,7569.571428571428,0.5963302752293578,1
2024-04-10,117,244,142,6999,227,False,0,False,False,False,False,False,OK,7243,-85,-0.42617541930162206,7323.285714285715,7502.642857142857,1.5874125874125875,0
2024-04-11,183,221,220,6912,285,False,0,False,False,False,False,False,OK,7133,-65,-1.518707717796497,7264.714285714285,7437.142857142857,1.2895927601809956,0
2024-04-12,0,229,0,6818,0,True,5,True,False,False,False,False,Imputed date; Imputed values,7047,0,-1.2056638160661715,7209.285714285715,7378.285714285715,0.0,0
2024-04-13,0,237,0,6724,0,True,5,True,False,False,False,False,Imputed date; Imputed values,6961,0,-1.220377465588196,7156.714285714285,7326.214285714285,0.0,0
2024-04-14,128,245,243,6630,290,False,0,False,False,False,False,False,OK,6875,-47,-1.2354546760522944,7107.285714285715,7280.785714285715,1.1885245901639345,0
2024-04-15,144,303,176,6681,191,False,0,False,False,False,False,False,OK,6984,-15,1.5854545454545566,7073.857142857143,7243.5,1.07909604519774,0
2024-04-16,219,392,205,6685,163,False,0,False,False,False,False,False,OK,7077,42,1.3316151202749094,7045.714285714285,7208.285714285715,0.7912621359223301,1
2024-04-17,182,371,274,6725,227,False,0,False,False,False,False,False,OK,7096,47,0.2684753426593245,7024.714285714285,7174.0,0.8254545454545454,2
2024-04-18,144,322,258,6728,260,False,0,False,False,False,False,False,OK,7050,-2,-0.6482525366403591,7012.857142857143,7138.785714285715,1.0038610038610039,0
2024-04-19,0,341,0,6734,0,True,5,True,False,False,False,False,Imputed date; Imputed values,7075,0,0.35460992907800915,7016.857142857143,7113.071428571428,0.0,0
2024-04-20,0,361,0,6739,0,True,5,True,False,False,False,False,Imputed date; Imputed values,7100,0,0.35335689045936647,7036.714285714285,7096.714285714285,0.0,0
2024-04-21,208,380,343,6745,240,False,0,False,False,False,False,False,OK,7125,103,0.35211267605634866,7072.428571428572,7089.857142857143,0.6976744186046512,1
2024-04-22,176,424,251,6799,214,False,0,False,False,False,False,False,OK,7223,37,1.3754385964912297,7106.571428571428,7090.214285714285,0.8492063492063492,2
2024-04-23,252,427,307,6967,134,False,0,False,False,False,False,False,OK,7394,173,2.367437352900459,7151.857142857143,7098.785714285715,0.43506493506493504,3
2024-04-24,253,411,307,7128,154,False,0,False,False,False,False,False,OK,7539,153,1.9610494995942584,7215.142857142857,7119.928571428572,0.5,4
2024-04-25,145,357,333,7209,217,False,0,False,False,False,False,False,OK,7566,116,0.35813768404298063,7288.857142857143,7150.857142857143,0.6497005988023952,5
2024-04-26,0,354,0,7239,0,True,5,True,False,False,False,False,Imputed date; Imputed values,7593,0,0.3568596352101494,7362.857142857143,7189.857142857143,0.0,0
2024-04-27,0,352,0,7268,0,True,5,True,False,False,False,False,Imputed date; Imputed values,7620,0,0.35559067562227487,7437.142857142857,7236.928571428572,0.0,0
2024-04-28,158,349,365,7298,250,False,0,False,True,False,False,True,Transfer > CBP custody,7647,115,0.35433070866142113,7511.714285714285,7292.071428571428,0.6830601092896175,1
2024-04-29,140,292,255,7373,187,False,0,False,False,False,False,False,OK,7665,68,0.23538642604943316,7574.857142857143,7340.714285714285,0.73046875,2
2024-04-30,220,443,194,7431,135,False,0,False,False,False,False,False,OK,7874,59,2.726679712981084,7643.428571428572,7397.642857142857,0.6923076923076923,3
2024-05-01,197,437,295,7508,190,False,0,False,False,False,False,False,OK,7945,105,0.9017018034036095,7701.428571428572,7458.285714285715,0.6418918918918919,4
2024-05-02,206,411,293,7577,194,False,0,False,False,False,False,False,OK,7988,99,0.5412208936437901,7761.714285714285,7525.285714285715,0.6598639455782312,5
2024-05-03,0,379,0,7534,0,True,5,True,False,False,False,False,Imputed date; Imputed values,7913,0,-0.938908362543811,7807.428571428572,7585.142857142857,0.0,0
2024-05-04,0,347,0,7490,0,True,5,True,False,False,False,False,Imputed date; Imputed values,7837,0,-0.960444837608998,7838.428571428572,7637.785714285715,0.0,0
2024-05-05,150,315,228,7447,332,False,0,False,False,False,False,False,OK,7762,-104,-0.9569988516013761,7854.857142857143,7683.285714285715,1.4497816593886463,0
2024-05-06,173,337,211,7449,205,False,0,False,False,False,False,False,OK,7786,6,0.30919866013914277,7872.142857142857,7723.5,0.9669811320754716,1
2024-05-07,176,334,246,7566,163,False,0,False,False,False,False,False,OK,7900,83,1.4641664526072518,7875.857142857143,7759.642857142857,0.659919028340081,2
2024-05-08,167,374,205,7583,202,False,0,False,False,False,False,False,OK,7957,3,0.7215189873417627,7877.571428571428,7789.5,0.9805825242718447,3
2024-05-09,138,285,268,7570,244,False,0,False,False,False,False,False,OK,7855,24,-1.2818901596078902,7858.571428571428,7810.142857142857,0.9070631970260223,4
2024-05-10,0,290,0,7535,0,True,5,True,False,False,False,False,Imputed date; Imputed values,7825,0,-0.3819223424570306,7846.0,7826.714285714285,0.0,0
2024-05-11,0,296,0,7499,0,True,5,True,False,False,False,False,Imputed date; Imputed values,7795,0,-0.3833865814696469,7840.0,7839.214285714285,0.0,0
2024-05-12,138,301,263,7464,245,False,0,False,False,False,False,False,OK,7765,18,-0.38486209108402614,7840.428571428572,7847.642857142857,0.928030303030303,1
2024-05-13,112,331,167,7499,157,False,0,False,False,False,False,False,OK,7830,10,0.8370895041854398,7846.714285714285,7859.428571428572,0.9345238095238095,2
2024-05-14,246,419,218,7546,186,False,0,False,False,False,False,False,OK,7965,32,1.724137931034475,7856.0,7865.928571428572,0.8493150684931506,3
2024-05-15,115,285,341,7589,265,False,0,False,True,False,False,True,Transfer > CBP custody,7874,76,-1.1424984306340202,7844.142857142857,7860.857142857143,0.7748538011695907,4
2024-05-16,206,340,214,7565,234,False,0,False,False,False,False,False,OK,7905,-20,0.3937007874015741,7851.285714285715,7854.928571428572,1.0883720930232559,0
2024-05-17,0,325,0,7495,0,True,5,True,False,False,False,False,Imputed date; Imputed values,7820,0,-1.0752688172043001,7850.571428571428,7848.285714285715,0.0,0
2024-05-18,0,310,0,7426,0,True,5,True,False,False,False,False,Imputed date; Imputed values,7736,0,-1.0741687979539671,7842.142857142857,7841.071428571428,0.0,0
2024-05-19,143,295,278,7356,298,False,0,False,False,False,False,False,OK,7651,-20,-1.0987590486039256,7825.857142857143,7833.142857142857,1.0681003584229392,0
2024-05-20,111,268,217,7368,192,False,0,False,False,False,False,False,OK,7636,25,-0.19605280355509125,7798.142857142857,7822.428571428572,0.8807339449541285,1
2024-05-21,196,348,176,7404,145,False,0,False,False,False,False,False,OK,7752,31,1.5191199580932402,7767.714285714285,7811.857142857143,0.8192090395480226,2
2024-05-22,168,349,272,7474,208,False,0,False,False,False,False,False,OK,7823,64,0.9158926728586092,7760.428571428572,7802.285714285715,0.7619047619047619,3
2024-05-23,193,272,314,7494,227,False,0,False,True,False,False,True,Transfer > CBP custody,7766,87,-0.7286207337338646,7740.571428571428,7795.928571428572,0.7206349206349206,4
2024-05-24,0,290,0,7462,0,True,5,True,False,False,False,False,Imputed date; Imputed values,7752,0,-0.18027298480556286,7730.857142857143,7790.714285714285,0.0,0
2024-05-25,0,308,0,7430,0,True,5,True,False,False,False,False,Imputed date; Imputed values,7738,0,-0.180598555211553,7731.142857142857,7786.642857142857,0.0,0
2024-05-26,0,326,0,7397,0,True,5,True,False,False,False,False,Imputed date; Imputed values,7723,0,-0.19384853967433502,7741.428571428572,7783.642857142857,0.0,0
2024-05-27,156,344,252,7365,167,False,0,False,False,False,False,False,OK,7709,85,-0.1812767059432896,7751.857142857143,7775.0,0.6600790513833992,1
2024-05-28,153,348,239,7418,151,False,0,False,False,False,False,False,OK,7766,88,0.7393955117395157,7753.857142857143,7760.785714285715,0.6291666666666667,2
2024-05-29,182,462,158,7491,141,False,0,False,False,False,False,False,OK,7953,17,2.4079320113314484,7772.428571428572,7766.428571428572,0.8867924528301887,3
2024-05-30,167,406,339,7563,190,False,0,False,False,False,False,False,OK,7969,149,0.20118194392053645,7801.428571428572,7771.0,0.5588235294117647,4
2024-05-31,0,381,0,7557,0,True,5,True,False,False,False,False,Imputed date; Imputed values,7938,0,-0.389007403689301,7828.0,7779.428571428572,0.0,0
2024-06-01,0,355,0,7552,0,True,5,True,False,False,False,False,Imputed date; Imputed values,7907,0,-0.39052658100277027,7852.142857142857,7791.642857142857,0.0,0
2024-06-02,159,330,322,7546,306,False,0,False,False,False,False,False,OK,7876,16,-0.39205767041862183,7874.0,7807.714285714285,0.9473684210526315,1
2024-06-03,109,244,257,7596,224,False,0,False,True,False,False,True,Transfer > CBP custody,7840,33,-0.45708481462671813,7892.714285714285,7822.285714285715,0.8682170542635659,2
2024-06-04,260,356,176,7565,203,False,0,False,False,False,False,False,OK,7921,-27,1.033163265306114,7914.857142857143,7834.357142857143,1.1468926553672316,0
2024-06-05,173,345,291,7691,198,False,0,False,False,False,False,False,OK,8036,93,1.4518368892816547,7926.714285714285,7849.571428571428,0.678082191780822,1
2024-06-06,179,326,282,7741,238,False,0,False,False,False,False,False,OK,8067,44,0.3857640617222602,7940.714285714285,7871.071428571428,0.8409893992932862,2
2024-06-07,0,314,0,7644,0,True,5,True,False,False,False,False,Imputed date; Imputed values,7958,0,-1.3511838353786998,7943.571428571428,7885.785714285715,0.0,0
2024-06-08,0,301,0,7548,0,True,5,True,False,False,False,False,Imputed date; Imputed values,7849,0,-1.369690877104801,7935.285714285715,7893.714285714285,0.0,0
2024-06-09,116,289,166,7451,312,False,0,False,False,False,False,False,OK,7740,-146,-1.38871193782647,7915.857142857143,7894.928571428572,1.8682634730538923,0
2024-06-10,184,334,229,7439,212,False,0,False,False,False,False,False,OK,7773,17,0.426356589147292,7906.285714285715,7899.5,0.9217391304347826,1
2024-06-11,186,352,224,7493,156,False,0,False,False,False,False,False,OK,7845,68,0.9262832883056626,7895.428571428572,7905.142857142857,0.6933333333333334,2
2024-06-12,152,266,274,7548,212,False,0,False,True,False,False,True,Transfer > CBP custody,7814,62,-0.39515615041427754,7863.714285714285,7895.214285714285,0.7709090909090909,3
2024-06-13,167,293,230,7544,259,False,0,False,False,False,False,False,OK,7837,-29,0.2943434860506855,7830.857142857143,7885.785714285715,1.121212121212121,0
2024-06-14,0,300,0,7465,0,True,5,True,False,False,False,False,Imputed date; Imputed values,7765,0,-0.9187188975373184,7803.285714285715,7873.428571428572,0.0,0
2024-06-15,0,308,0,7386,0,True,5,True,False,False,False,False,Imputed date; Imputed values,7694,0,-0.914359304571799,7781.142857142857,7858.214285714285,0.0,0
2024-06-16,204,315,233,7307,294,False,0,False,False,False,False,False,OK,7622,-61,-0.9357941252924329,7764.285714285715,7840.071428571428,1.2564102564102564,0
2024-06-17,159,310,272,7318,224,False,0,False,False,False,False,False,OK,7628,48,0.07871949619522312,7743.571428571428,7824.928571428572,0.8205128205128205,1
2024-06-18,160,297,253,7340,214,False,0,False,False,False,False,False,OK,7637,39,0.11798636601991763,7713.857142857143,7804.642857142857,0.84251968503937,2
2024-06-19,204,321,246,7433,198,False,0,False,False,False,False,False,OK,7754,48,1.5320151892104228,7705.285714285715,7784.5,0.8016194331983806,3
2024-06-20,145,247,243,7431,235,False,0,False,False,False,False,False,OK,7678,8,-0.9801392829507316,7682.571428571428,7756.714285714285,0.9631147540983607,4
2024-06-21,0,240,0,7370,0,True,5,True,False,False,False,False,Imputed date; Imputed values,7610,0,-0.8856473039854151,7660.428571428572,7731.857142857143,0.0,0
2024-06-22,0,234,0,7308,0,True,5,True,False,False,False,False,Imputed date; Imputed values,7542,0,-0.8935611038107805,7638.714285714285,7709.928571428572,0.0,0
2024-06-23,102,227,201,7247,294,False,0,False,False,False,False,False,OK,7474,-93,-0.9016176080615224,7617.571428571428,7690.928571428572,1.4554455445544554,0
2024-06-24,116,175,172,7239,202,False,0,False,False,False,False,False,OK,7414,-30,-0.8027829810008047,7587.0,7665.285714285715,1.1676300578034682,0
2024-06-25,172,263,191,7239,202,False,0,False,False,False,False,False,OK,7502,-11,1.1869436201780381,7567.714285714285,7640.785714285715,1.0520833333333333,0
2024-06-26,132,235,197,7268,187,False,0,False,False,False,False,False,OK,7503,10,0.013329778725679198,7531.857142857143,7618.571428571428,0.9444444444444444,1
2024-06-27,174,208,256,7248,268,False,0,False,True,False,False,True,Transfer > CBP custody,7456,-12,-0.6264161002265789,7500.142857142857,7591.357142857143,1.0428015564202335,0
2024-06-28,0,215,0,7123,0,True,5,True,False,False,False,False,Imputed date; Imputed values,7338,0,-1.5826180257510702,7461.285714285715,7560.857142857143,0.0,0
2024-06-29,0,223,0,6999,0,True,5,True,False,False,False,False,Imputed date; Imputed values,7222,0,-1.580812210411553,7415.571428571428,7527.142857142857,0.0,0
2024-06-30,123,230,167,6874,273,False,0,False,False,False,False,False,OK,7104,-106,-1.633896427582382,7362.714285714285,7490.142857142857,1.625,0
2024-07-01,123,233,159,6825,229,False,0,False,False,False,False,False,OK,7058,-70,-0.6475225225225256,7311.857142857143,7449.428571428572,1.43125,0
2024-07-02,141,232,188,6823,184,False,0,False,False,False,False,False,OK,7055,4,-0.042504958911870894,7248.0,7407.857142857143,0.9735449735449735,1
2024-07-03,0,229,0,6806,0,True,5,True,False,False,False,False,Imputed date; Imputed values,7035,0,-0.28348688873139904,7181.142857142857,7356.5,0.0,0
2024-07-04,158,226,191,6790,225,False,0,False,False,False,False,False,OK,7016,-34,-0.27007818052594557,7118.285714285715,7309.214285714285,1.171875,0
2024-07-05,0,204,0,6726,0,True,5,True,False,False,False,False,Imputed date; Imputed values,6930,0,-1.225769669327248,7060.0,7260.642857142857,0.0,0
2024-07-06,0,182,0,6663,0,True,5,True,False,False,False,False,Imputed date; Imputed values,6845,0,-1.2265512265512313,7006.142857142857,7210.857142857143,0.0,0
2024-07-07,96,160,233,6599,213,False,0,False,True,False,False,True,Transfer > CBP custody,6759,20,-1.256391526661793,6956.857142857143,7159.785714285715,0.9102564102564102,1
2024-07-08,141,173,129,6617,123,False,0,False,False,False,False,False,OK,6790,6,0.458647728953987,6918.571428571428,7115.214285714285,0.9461538461538461,2
2024-07-09,116,181,182,6651,130,False,0,False,True,False,False,True,Transfer > CBP custody,6832,52,0.6185567010309256,6886.714285714285,7067.357142857143,0.7103825136612022,3
2024-07-10,150,157,201,6649,177,False,0,False,True,False,False,True,Transfer > CBP custody,6806,24,-0.38056206088993294,6854.0,7017.571428571428,0.8762376237623762,4
2024-07-11,80,176,125,6640,197,False,0,False,False,False,False,False,OK,6816,-72,0.1469291801351691,6825.428571428572,6971.857142857143,1.5634920634920635,0
2024-07-12,0,180,0,6529,0,True,5,True,False,False,False,False,Imputed date; Imputed values,6709,0,-1.5698356807511749,6793.857142857143,6926.928571428572,0.0,0
2024-07-13,0,184,0,6419,0,True,5,True,False,False,False,False,Imputed date; Imputed values,6603,0,-1.5799672082277505,6759.285714285715,6882.714285714285,0.0,0
2024-07-14,116,188,164,6308,237,False,0,False,False,False,False,False,OK,6496,-73,-1.620475541420563,6721.714285714285,6839.285714285715,1.4363636363636363,0
2024-07-15,105,185,158,6283,171,False,0,False,False,False,False,False,OK,6468,-13,-0.4310344827586188,6675.714285714285,6797.142857142857,1.0754716981132075,0
2024-07-16,136,246,123,6239,173,False,0,False,False,False,False,False,OK,6485,-50,0.26283240568953925,6626.142857142857,6756.428571428572,1.3951612903225807,0
2024-07-17,128,228,177,6228,187,False,0,False,False,False,False,False,OK,6456,-10,-0.44718581341557373,6576.142857142857,6715.071428571428,1.050561797752809,0
2024-07-18,0,220,0,6186,0,True,5,True,False,False,False,False,Imputed date; Imputed values,6406,0,-0.7744733581164787,6517.571428571428,6671.5,0.0,0
2024-07-19,0,212,0,6143,0,True,5,True,False,False,False,False,Imputed date; Imputed values,6355,0,-0.7961286294099312,6467.0,6630.428571428572,0.0,0
2024-07-20,0,204,0,6100,0,True,5,True,False,False,False,False,Imputed date; Imputed values,6304,0,-0.8025177025963837,6424.285714285715,6591.785714285715,0.0,0
2024-07-21,90,196,205,6058,262,False,0,False,True,False,False,True,Transfer > CBP custody,6254,-57,-0.7931472081218249,6389.714285714285,6555.714285714285,1.2718446601941749,0
2024-07-22,102,189,155,6002,234,False,0,False,False,False,False,False,OK,6191,-79,-1.0073552926127327,6350.142857142857,6512.928571428572,1.5,0
2024-07-23,120,257,126,5965,170,False,0,False,False,False,False,False,OK,6222,-44,0.500726861573253,6312.571428571428,6469.357142857143,1.3385826771653544,0
2024-07-24,137,272,166,5927,177,False,0,False,False,False,False,False,OK,6199,-11,-0.3696560591449738,6275.857142857143,6426.0,1.0598802395209581,0
2024-07-25,93,198,208,5954,194,False,0,False,True,False,False,True,Transfer > CBP custody,6152,14,-0.7581868043232798,6239.571428571428,6378.571428571428,0.9282296650717703,1
2024-07-26,0,229,0,5884,0,True,5,True,False,False,False,False,Imputed date; Imputed values,6113,0,-0.6339401820546153,6205.0,6336.0,0.0,0
2024-07-27,0,259,0,5813,0,True,5,True,False,False,False,False,Imputed date; Imputed values,6072,0,-0.6707017830852258,6171.857142857143,6298.071428571428,0.0,0
2024-07-28,152,290,199,5743,207,False,0,False,False,False,False,False,OK,6033,-8,-0.6422924901185789,6140.285714285715,6265.0,1.035,0
2024-07-29,114,210,219,5819,163,False,0,False,True,False,False,True,Transfer > CBP custody,6029,56,-0.06630200563566557,6117.142857142857,6233.642857142857,0.740909090909091,1
2024-07-30,125,203,208,5930,92,False,0,False,True,False,False,True,Transfer > CBP custody,6133,116,1.724995853375355,6104.428571428572,6208.5,0.44019138755980863,2
2024-07-31,140,261,163,5963,154,False,0,False,False,False,False,False,OK,6224,9,1.4837762921897868,6108.0,6191.928571428572,0.9390243902439024,3
2024-08-01,227,298,212,6016,169,False,0,False,False,False,False,False,OK,6314,43,1.4460154241645151,6131.142857142857,6185.357142857143,0.7934272300469484,4
2024-08-02,0,254,0,5992,0,True,5,True,False,False,False,False,Imputed date; Imputed values,6246,0,-1.076971808679128,6150.142857142857,6177.571428571428,0.0,0
2024-08-03,0,211,0,5967,0,True,5,True,False,False,False,False,Imputed date; Imputed values,6178,0,-1.0886967659301972,6165.285714285715,6168.571428571428,0.0,0
2024-08-04,63,167,143,5943,170,False,0,False,False,False,False,False,OK,6110,-27,-1.1006798316607336,6176.285714285715,6158.285714285715,1.1805555555555556,0
2024-08-05,172,259,138,5950,150,False,0,False,False,False,False,False,OK,6209,-12,1.6202945990180018,6202.0,6159.571428571428,1.079136690647482,0
2024-08-06,163,283,200,5998,143,False,0,False,False,False,False,False,OK,6281,57,1.1596070220647459,6223.142857142857,6163.785714285715,0.7114427860696517,1
2024-08-07,135,273,207,6038,174,False,0,False,False,False,False,False,OK,6311,33,0.4776309504855858,6235.571428571428,6171.785714285715,0.8365384615384616,2
2024-08-08,119,230,213,6084,174,False,0,False,False,False,False,False,OK,6314,39,0.04753604816987167,6235.571428571428,6183.357142857143,0.8130841121495327,3
2024-08-09,0,224,0,6021,0,True,5,True,False,False,False,False,Imputed date; Imputed values,6245,0,-1.0928096293949974,6235.428571428572,6192.785714285715,0.0,0
2024-08-10,0,217,0,5957,0,True,5,True,False,False,False,False,Imputed date; Imputed values,6174,0,-1.1369095276220986,6234.857142857143,6200.071428571428,0.0,0
2024-08-11,95,211,140,5894,249,False,0,False,False,False,False,False,OK,6105,-109,-1.1175898931001016,6234.142857142857,6205.214285714285,1.7659574468085106,0
2024-08-12,109,219,155,5903,148,False,0,False,False,False,False,False,OK,6122,7,0.27846027846027965,6221.714285714285,6211.857142857143,0.9487179487179487,1
2024-08-13,162,239,189,5981,123,False,0,False,False,False,False,False,OK,6220,66,1.6007840574975507,6213.0,6218.071428571428,0.6473684210526316,2
2024-08-14,109,226,191,5987,178,False,0,False,False,False,False,False,OK,6213,13,-0.11254019292604722,6199.0,6217.285714285715,0.9270833333333334,3
2024-08-15,124,241,156,5895,220,False,0,False,False,False,False,False,OK,6136,-64,-1.2393368742958266,6173.571428571428,6204.571428571428,1.4012738853503184,0
2024-08-16,0,242,0,5870,0,True,5,True,False,False,False,False,Imputed date; Imputed values,6112,0,-0.39113428943937656,6154.571428571428,6195.0,0.0,0
2024-08-17,0,243,0,5846,0,True,5,True,False,False,False,False,Imputed date; Imputed values,6089,0,-0.3763089005235587,6142.428571428572,6188.642857142857,0.0,0
2024-08-18,86,244,235,5821,178,False,0,False,False,False,False,False,OK,6065,57,-0.39415339136147365,6136.714285714285,6185.428571428572,0.7542372881355932,1
2024-08-19,176,254,162,5865,158,False,0,False,False,False,False,False,OK,6119,4,0.8903544929925733,6136.285714285715,6179.0,0.9693251533742331,2
2024-08-20,136,274,245,5995,112,False,0,False,False,False,False,False,OK,6269,133,2.45138094459878,6143.285714285715,6178.142857142857,0.45528455284552843,3
2024-08-21,134,245,167,6028,156,False,0,False,False,False,False,False,OK,6273,11,0.06380602966979954,6151.857142857143,6175.428571428572,0.9285714285714286,4
2024-08-22,182,307,205,6054,171,False,0,False,False,False,False,False,OK,6361,34,1.4028375577873398,6184.0,6178.785714285715,0.8300970873786407,5
2024-08-23,0,303,0,6074,0,True,5,True,False,False,False,False,Imputed date; Imputed values,6377,0,0.2515327778651155,6221.857142857143,6188.214285714285,0.0,0
2024-08-24,0,298,0,6093,0,True,5,True,False,False,False,False,Imputed date; Imputed values,6391,0,0.2195389681668436,6265.0,6203.714285714285,0.0,0
2024-08-25,0,294,0,6113,0,True,5,True,False,False,False,False,Imputed date; Imputed values,6407,0,0.25035205758097145,6313.857142857143,6225.285714285715,0.0,0
2024-08-26,0,289,0,6132,0,True,5,True,False,False,False,False,Imputed date; Imputed values,6421,0,0.21851100358982745,6357.0,6246.642857142857,0.0,0
2024-08-27,149,285,222,6152,97,False,0,False,False,False,False,False,OK,6437,125,0.24918237034730062,6381.0,6262.142857142857,0.4349775784753363,1
2024-08-28,170,285,178,6227,134,False,0,False,False,False,False,False,OK,6512,44,1.1651390399254336,6415.142857142857,6283.5,0.7486033519553073,2
2024-08-29,145,295,188,6250,169,False,0,False,False,False,False,False,OK,6545,19,0.5067567567567544,6441.428571428572,6312.714285714285,0.8941798941798942,3
2024-08-30,0,289,0,6236,0,True,5,True,False,False,False,False,Imputed date; Imputed values,6525,0,-0.30557677616500634,6462.571428571428,6342.214285714285,0.0,0
2024-08-31,0,282,0,6221,0,True,5,True,False,False,False,False,Imputed date; Imputed values,6503,0,-0.33716475095785237,6478.571428571428,6371.785714285715,0.0,0
2024-09-01,0,276,0,6206,0,True,5,True,False,False,False,False,Imputed date; Imputed values,6482,0,-0.32292787944026013,6489.285714285715,6401.571428571428,0.0,0
2024-09-02,133,270,198,6192,129,False,0,False,False,False,False,False,OK,6462,69,-0.3085467448318391,6495.142857142857,6426.071428571428,0.6482412060301508,1
2024-09-03,131,263,177,6272,112,False,0,False,False,False,False,False,OK,6535,65,1.1296812132466805,6509.142857142857,6445.071428571428,0.6292134831460674,2
2024-09-04,121,231,219,6375,114,False,0,False,False,False,False,False,OK,6606,105,1.0864575363427775,6522.571428571428,6468.857142857143,0.5181818181818182,3
2024-09-05,126,230,175,6448,121,False,0,False,False,False,False,False,OK,6678,54,1.089918256130784,6541.571428571428,6491.5,0.6875,4
2024-09-06,0,238,0,6403,0,True,5,True,False,False,False,False,Imputed date; Imputed values,6641,0,-0.5540581012279167,6558.142857142857,6510.357142857143,0.0,0
2024-09-07,0,247,0,6357,0,True,5,True,False,False,False,False,Imputed date; Imputed values,6604,0,-0.5571450082818896,6572.571428571428,6525.571428571428,0.0,0
2024-09-08,123,255,164,6312,221,False,0,False,False,False,False,False,OK,6567,-57,-0.560266505148399,6584.714285714285,6537.0,1.3393939393939394,0
2024-09-09,144,275,190,6353,141,False,0,False,False,False,False,False,OK,6628,49,0.928886858535094,6608.428571428572,6551.785714285715,0.7382198952879581,1
2024-09-10,131,251,180,6396,148,False,0,False,False,False,False,False,OK,6647,32,0.28666264333132574,6624.428571428572,6566.785714285715,0.8176795580110497,2
2024-09-11,93,248,175,6410,162,False,0,False,False,False,False,False,OK,6658,13,0.16548819016097838,6631.857142857143,6577.214285714285,0.9204545454545454,3
2024-09-12,184,280,210,6360,220,False,0,False,False,False,False,False,OK,6640,-10,-0.270351456893958,6626.428571428572,6584.0,1.042654028436019,0
2024-09-13,81,200,212,6326,279,False,0,False,True,False,False,True,Transfer > CBP custody,6526,-67,-1.7168674698795128,6610.0,6584.071428571428,1.3098591549295775,0
2024-09-14,0,210,0,6280,0,True,5,True,False,False,False,False,Imputed date; Imputed values,6490,0,-0.5516395954642928,6593.714285714285,6583.142857142857,0.0,0
2024-09-15,98,220,167,6234,210,False,0,False,False,False,False,False,OK,6454,-43,-0.5546995377503805,6577.571428571428,6581.142857142857,1.25,0
2024-09-16,113,209,160,6229,164,False,0,False,False,False,False,False,OK,6438,-4,-0.24790827393864623,6550.428571428572,6579.428571428572,1.0186335403726707,0
2024-09-17,159,304,139,6227,160,False,0,False,False,False,False,False,OK,6531,-21,1.4445479962721386,6533.857142857143,6579.142857142857,1.1428571428571428,0
2024-09-18,116,213,217,6245,149,False,0,False,True,False,False,True,Transfer > CBP custody,6458,68,-1.1177461338233052,6505.285714285715,6568.571428571428,0.6834862385321101,1
2024-09-19,93,196,169,6270,188,False,0,False,False,False,False,False,OK,6466,-19,0.12387736141219463,6480.428571428572,6553.428571428572,1.1058823529411765,0
2024-09-20,0,209,0,6176,0,True,5,True,False,False,False,False,Imputed date; Imputed values,6385,0,-1.2527064645839747,6460.285714285715,6535.142857142857,0.0,0
2024-09-21,0,221,0,6083,0,True,5,True,False,False,False,False,Imputed date; Imputed values,6304,0,-1.2685982772122184,6433.714285714285,6513.714285714285,0.0,0
2024-09-22,124,234,161,5989,197,False,0,False,False,False,False,False,OK,6223,-36,-1.284898477157359,6400.714285714285,6489.142857142857,1.2160493827160495,0
2024-09-23,92,203,173,6002,165,False,0,False,False,False,False,False,OK,6205,8,-0.28924955809095376,6367.428571428572,6458.928571428572,0.9482758620689655,1
2024-09-24,186,259,172,6023,143,False,0,False,False,False,False,False,OK,6282,29,1.2409347300563978,6331.857142857143,6432.857142857143,0.8265895953757225,2
2024-09-25,154,225,220,6050,169,False,0,False,False,False,False,False,OK,6275,51,-0.11142948105699046,6305.714285714285,6405.5,0.7647058823529411,3
2024-09-26,91,199,172,6090,185,False,0,False,False,False,False,False,OK,6289,-13,0.223107569721126,6280.428571428572,6380.428571428572,1.069364161849711,0
2024-09-27,0,204,0,6035,0,True,5,True,False,False,False,False,Imputed date; Imputed values,6239,0,-0.7950389569088889,6259.571428571428,6359.928571428572,0.0,0
2024-09-28,0,208,0,5980,0,True,5,True,False,False,False,False,Imputed date; Imputed values,6188,0,-0.8174386920980936,6243.0,6338.357142857143,0.0,0
2024-09-29,81,213,153,5925,177,False,0,False,False,False,False,False,OK,6138,-24,-0.808015513897864,6230.857142857143,6315.785714285715,1.1493506493506493,0
2024-09-30,209,285,184,5967,138,False,0,False,False,False,False,False,OK,6252,46,1.8572825024437911,6237.571428571428,6302.5,0.745945945945946,1
2024-10-01,184,314,217,6040,137,False,0,False,False,False,False,False,OK,6354,80,1.6314779270633295,6247.857142857143,6289.857142857143,0.6284403669724771,2
2024-10-02,107,215,230,6091,173,False,0,False,True,False,False,True,Transfer > CBP custody,6306,57,-0.7554296506137814,6252.285714285715,6279.0,0.7489177489177489,3
2024-10-03,101,162,178,6118,193,False,0,False,True,False,False,True,Transfer > CBP custody,6280,-15,-0.4123057405645447,6251.0,6265.714285714285,1.0782122905027933,0
2024-10-04,0,169,0,6080,0,True,5,True,False,False,False,False,Imputed date; Imputed values,6249,0,-0.49363057324840476,6252.428571428572,6256.0,0.0,0
2024-10-05,0,176,0,6043,0,True,5,True,False,False,False,False,Imputed date; Imputed values,6219,0,-0.48007681228996457,6256.857142857143,6249.928571428572,0.0,0
2024-10-06,0,183,0,6006,0,True,5,True,False,False,False,False,Imputed date; Imputed values,6189,0,-0.4823926676314483,6264.142857142857,6247.5,0.0,0
2024-10-07,99,190,176,5968,153,False,0,False,False,False,False,False,OK,6158,23,-0.5008886734529039,6250.714285714285,6244.142857142857,0.864406779661017,1
2024-10-08,167,239,166,6013,123,False,0,False,False,False,False,False,OK,6252,43,1.5264696329977179,6236.142857142857,6242.0,0.7365269461077845,2
2024-10-09,115,216,169,6047,137,False,0,False,False,False,False,False,OK,6263,32,0.175943698016634,6230.0,6241.142857142857,0.8058823529411765,3
2024-10-10,84,158,193,6075,159,False,0,False,True,False,False,True,Transfer > CBP custody,6233,34,-0.4790036723614888,6223.285714285715,6237.142857142857,0.8195876288659794,4
2024-10-11,0,181,0,6013,0,True,5,True,False,False,False,False,Imputed date; Imputed values,6194,0,-0.6257019091930105,6215.428571428572,6233.928571428572,0.0,0
2024-10-12,0,204,0,5951,0,True,5,True,False,False,False,False,Imputed date; Imputed values,6155,0,-0.6296415886341666,6206.285714285715,6231.571428571428,0.0,0
2024-10-13,130,227,192,5889,210,False,0,False,False,False,False,False,OK,6116,-18,-0.6336311941510964,6195.857142857143,6230.0,1.0880829015544042,0
2024-10-14,88,214,160,5935,106,False,0,False,False,False,False,False,OK,6149,54,0.5395683453237377,6194.571428571428,6222.642857142857,0.6583850931677019,1
2024-10-15,113,208,159,6013,107,False,0,False,False,False,False,False,OK,6221,52,1.170922101154659,6190.142857142857,6213.142857142857,0.66875,2
2024-10-16,174,285,150,6036,129,False,0,False,False,False,False,False,OK,6321,21,1.6074586079408482,6198.428571428572,6214.214285714285,0.8543046357615894,3
2024-10-17,104,230,206,6076,160,False,0,False,False,False,False,False,OK,6306,46,-0.23730422401518902,6208.857142857143,6216.071428571428,0.7729468599033816,4
2024-10-18,0,245,0,6023,0,True,5,True,False,False,False,False,Imputed date; Imputed values,6268,0,-0.602600697748179,6219.428571428572,6217.428571428572,0.0,0
2024-10-19,0,261,0,5971,0,True,5,True,False,False,False,False,Imputed date; Imputed values,6232,0,-0.574345883854499,6230.428571428572,6218.357142857143,0.0,0
2024-10-20,147,276,214,5918,195,False,0,False,False,False,False,False,OK,6194,19,-0.6097560975609762,6241.571428571428,6218.714285714285,0.9069767441860465,1
2024-10-21,108,220,213,5966,154,False,0,False,False,False,False,False,OK,6186,59,-0.12915724895059544,6246.857142857143,6220.714285714285,0.719626168224299,2
2024-10-22,180,280,146,6043,109,False,0,False,False,False,False,False,OK,6323,37,2.2146783058519137,6261.428571428572,6225.785714285715,0.7414965986394558,3
2024-10-23,134,294,186,6077,138,False,0,False,False,False,False,False,OK,6371,48,0.7591333227898067,6268.571428571428,6233.5,0.7379679144385026,4
2024-10-24,0,299,0,6051,0,True,5,True,False,False,False,False,Imputed date; Imputed values,6350,0,-0.329618584209701,6274.857142857143,6241.857142857143,0.0,0
2024-10-25,0,304,0,6026,0,True,5,True,False,False,False,False,Imputed date; Imputed values,6330,0,-0.31496062992125706,6283.714285714285,6251.571428571428,0.0,0
2024-10-26,0,308,0,6000,0,True,5,True,False,False,False,False,Imputed date; Imputed values,6308,0,-0.3475513428120025,6294.571428571428,6262.5,0.0,0
2024-10-27,202,313,158,5974,192,False,0,False,False,False,False,False,OK,6287,-34,-0.332910589727331,6307.857142857143,6274.714285714285,1.2075471698113207,0
2024-10-28,110,272,193,6008,156,False,0,False,False,False,False,False,OK,6280,37,-0.11134086209638738,6321.285714285715,6284.071428571428,0.8041237113402062,1
2024-10-29,166,277,229,6106,126,False,0,False,False,False,False,False,OK,6383,103,1.6401273885350287,6329.857142857143,6295.642857142857,0.5478260869565217,2
2024-10-30,136,276,178,6149,160,False,0,False,False,False,False,False,OK,6425,18,0.6579978066739711,6337.571428571428,6303.071428571428,0.8938547486033519,3
2024-10-31,87,246,173,6148,177,False,0,False,False,False,False,False,OK,6394,-4,-0.4824902723735369,6343.857142857143,6309.357142857143,1.0172413793103448,0
2024-11-01,0,221,0,6095,0,True,5,True,False,False,False,False,Imputed date; Imputed values,6316,0,-1.2198936502971547,6341.857142857143,6312.785714285715,0.0,0
2024-11-02,0,196,0,6043,0,True,5,True,False,False,False,False,Imputed date; Imputed values,6239,0,-1.219126029132367,6332.0,6313.285714285715,0.0,0
2024-11-03,84,171,157,5990,184,False,0,False,False,False,False,False,OK,6161,-27,-1.2502003526206118,6314.0,6310.928571428572,1.1645569620253164,0
2024-11-04,167,209,157,6007,132,False,0,False,False,False,False,False,OK,6216,25,0.8927122220418804,6304.857142857143,6313.071428571428,0.8354430379746836,1
2024-11-05,109,245,159,6045,126,False,0,False,False,False,False,False,OK,6290,33,1.1904761904761862,6291.571428571428,6310.714285714285,0.7875,2
2024-11-06,156,256,176,6086,137,False,0,False,False,False,False,False,OK,6342,39,0.8267090620031725,6279.714285714285,6308.642857142857,0.7740112994350282,3
2024-11-07,125,232,192,6084,177,False,0,False,False,False,False,False,OK,6316,15,-0.40996531062755803,6268.571428571428,6306.214285714285,0.917098445595855,4
2024-11-08,0,209,0,6054,0,True,5,True,False,False,False,False,Imputed date; Imputed values,6263,0,-0.8391386953768176,6261.0,6301.428571428572,0.0,0
2024-11-09,0,186,0,6024,0,True,5,True,False,False,False,False,Imputed date; Imputed values,6210,0,-0.8462398211719568,6256.857142857143,6294.428571428572,0.0,0
2024-11-10,0,162,0,5993,0,True,5,True,False,False,False,False,Imputed date; Imputed values,6155,0,-0.8856682769726287,6256.0,6285.0,0.0,0
2024-11-11,118,139,168,5963,145,False,0,False,True,False,False,True,Transfer > CBP custody,6102,23,-0.861088545897648,6239.714285714285,6272.285714285715,0.8579881656804734,1
2024-11-12,142,235,139,5975,138,False,0,False,False,False,False,False,OK,6210,1,1.7699115044247815,6228.285714285715,6259.928571428572,0.9857142857142858,2
2024-11-13,148,245,175,5966,151,False,0,False,False,False,False,False,OK,6211,24,0.016103059581329404,6209.571428571428,6244.642857142857,0.8579545454545454,3
2024-11-14,119,219,210,6025,172,False,0,False,False,False,False,False,OK,6244,38,0.5313154081468374,6199.285714285715,6233.928571428572,0.8151658767772512,4
2024-11-15,0,216,0,5955,0,True,5,True,False,False,False,False,Imputed date; Imputed values,6171,0,-1.1691223574631593,6186.142857142857,6223.571428571428,0.0,0
2024-11-16,0,213,0,5886,0,True,5,True,False,False,False,False,Imputed date; Imputed values,6099,0,-1.1667476908118646,6170.285714285715,6213.571428571428,0.0,0
2024-11-17,105,210,149,5816,195,False,0,False,False,False,False,False,OK,6026,-46,-1.1969175274635147,6151.857142857143,6203.928571428572,1.3,0
2024-11-18,143,203,163,5819,138,False,0,False,False,False,False,False,OK,6022,25,-0.06637902422834685,6140.428571428572,6190.071428571428,0.8414634146341463,1
2024-11-19,119,209,152,5844,146,False,0,False,False,False,False,False,OK,6053,6,0.5147791431418192,6118.0,6173.142857142857,0.954248366013072,2
2024-11-20,155,212,181,5879,148,False,0,False,False,False,False,False,OK,6091,33,0.6277878737815934,6100.857142857143,6155.214285714285,0.8131868131868132,3
2024-11-21,109,214,173,5850,210,False,0,False,False,False,False,False,OK,6064,-37,-0.44327696601543787,6075.142857142857,6137.214285714285,1.206896551724138,0
2024-11-22,0,237,0,5788,0,True,5,True,False,False,False,False,Imputed date; Imputed values,6025,0,-0.6431398416886558,6054.285714285715,6120.214285714285,0.0,0
2024-11-23,0,260,0,5726,0,True,5,True,False,False,False,False,Imputed date; Imputed values,5986,0,-0.6473029045643175,6038.142857142857,6104.214285714285,0.0,0
2024-11-24,191,283,192,5664,207,False,0,False,False,False,False,False,OK,5947,-15,-0.6515202138322795,6026.857142857143,6089.357142857143,1.072538860103627,0
2024-11-25,170,297,196,5715,129,False,0,False,False,False,False,False,OK,6012,67,1.0929880612073228,6025.428571428572,6082.928571428572,0.6548223350253807,1
2024-11-26,152,272,214,5826,112,False,0,False,False,False,False,False,OK,6098,102,1.4304723885562254,6031.857142857143,6074.928571428572,0.5209302325581395,2
2024-11-27,239,367,224,5862,211,False,0,False,False,False,False,False,OK,6229,13,2.1482453263365064,6051.571428571428,6076.214285714285,0.9377777777777778,3
2024-11-28,113,280,237,5963,143,False,0,False,False,False,False,False,OK,6243,94,0.224755177396041,6077.142857142857,6076.142857142857,0.6008403361344538,4
2024-11-29,0,289,0,5971,0,True,5,True,False,False,False,False,Imputed date; Imputed values,6260,0,0.27230498157937433,6110.714285714285,6082.5,0.0,0
2024-11-30,0,297,0,5978,0,True,5,True,False,False,False,False,Imputed date; Imputed values,6275,0,0.23961661341853624,6152.0,6095.071428571428,0.0,0
2024-12-01,196,306,187,5986,149,False,0,False,False,False,False,False,OK,6292,38,0.2709163346613641,6201.285714285715,6114.071428571428,0.7925531914893617,1
2024-12-02,236,330,222,6061,115,False,0,False,False,False,False,False,OK,6391,107,1.573426573426584,6255.428571428572,6140.428571428572,0.515695067264574,2
2024-12-03,81,230,242,6192,107,False,0,False,True,False,False,True,Transfer > CBP custody,6422,135,0.48505711156312525,6301.714285714285,6166.785714285715,0.4403292181069959,3
2024-12-04,118,245,160,6269,115,False,0,False,False,False,False,False,OK,6514,45,1.4325755216443525,6342.428571428572,6197.0,0.7142857142857143,4
2024-12-05,218,283,208,6310,150,False,0,False,False,False,False,False,OK,6593,58,1.2127724900214965,6392.428571428572,6234.785714285715,0.7177033492822966,5
2024-12-06,0,270,0,6302,0,True,5,True,False,False,False,False,Imputed date; Imputed values,6572,0,-0.31851964204459016,6437.0,6273.857142857143,0.0,0
2024-12-07,0,256,0,6294,0,True,5,True,False,False,False,False,Imputed date; Imputed values,6550,0,-0.3347534996956836,6476.285714285715,6314.142857142857,0.0,0
2024-12-08,132,243,183,6286,172,False,0,False,False,False,False,False,OK,6529,11,-0.3206106870229042,6510.142857142857,6355.714285714285,0.9347826086956522,1
2024-12-09,224,315,152,6268,174,False,0,False,False,False,False,False,OK,6583,-22,0.8270791851738402,6537.571428571428,6396.5,1.1372549019607843,0
2024-12-10,167,326,213,6310,149,False,0,False,False,False,False,False,OK,6636,64,0.8051040559015732,6568.142857142857,6434.928571428572,0.6962616822429907,1
2024-12-11,209,353,232,6402,152,False,0,False,False,False,False,False,OK,6755,80,1.793248945147674,6602.571428571428,6472.5,0.6523605150214592,2
2024-12-12,153,253,286,6481,194,False,0,False,True,False,False,True,Transfer > CBP custody,6734,92,-0.31088082901554737,6622.714285714285,6507.571428571428,0.6759581881533101,3
2024-12-13,0,281,0,6457,0,True,5,True,False,False,False,False,Imputed date; Imputed values,6738,0,0.05940005940006099,6646.428571428572,6541.714285714285,0.0,0
2024-12-14,0,309,0,6432,0,True,5,True,False,False,False,False,Imputed date; Imputed values,6741,0,0.04452359750668489,6673.714285714285,6575.0,0.0,0
2024-12-15,180,337,219,6408,224,False,0,False,False,False,False,False,OK,6745,-5,0.05933837709539702,6704.571428571428,6607.357142857143,1.018181818181818,0
2024-12-16,133,287,189,6454,149,False,0,False,False,False,False,False,OK,6741,40,-0.05930318754633346,6727.142857142857,6632.357142857143,0.7842105263157895,1
2024-12-17,187,310,247,6506,151,False,0,False,False,False,False,False,OK,6816,96,1.1125945705384943,6752.857142857143,6660.5,0.6088709677419355,2
2024-12-18,168,285,210,6598,134,False,0,False,False,False,False,False,OK,6883,76,0.9829812206572752,6771.142857142857,6686.857142857143,0.6350710900473934,3
2024-12-19,269,412,204,6600,238,False,0,False,False,False,False,False,OK,7012,-34,1.8741827691413526,6810.857142857143,6716.785714285715,1.1609756097560975,0
2024-12-20,0,360,0,6598,0,True,5,True,False,False,False,False,Imputed date; Imputed values,6958,0,-0.770108385624646,6842.285714285715,6744.357142857143,0.0,0
2024-12-21,0,307,0,6597,0,True,5,True,False,False,False,False,Imputed date; Imputed values,6904,0,-0.7760850819200971,6865.571428571428,6769.642857142857,0.0,0
2024-12-22,100,255,236,6595,268,False,0,False,False,False,False,False,OK,6850,-32,-0.7821552723059066,6880.571428571428,6792.571428571428,1.130801687763713,0
2024-12-23,205,294,177,6548,231,False,0,False,False,False,False,False,OK,6842,-54,-0.11678832116788218,6895.0,6811.071428571428,1.297752808988764,0
2024-12-24,161,304,211,6622,155,False,0,False,False,False,False,False,OK,6926,56,1.2277111955568465,6910.714285714285,6831.785714285715,0.7311320754716981,1
2024-12-25,57,162,193,6689,107,False,0,False,True,False,False,True,Transfer > CBP custody,6851,86,-1.082876118971987,6906.142857142857,6838.642857142857,0.5515463917525774,2
2024-12-26,80,122,152,6707,135,False,0,False,True,False,False,True,Transfer > CBP custody,6829,17,-0.3211210042329604,6880.0,6845.428571428572,0.8823529411764706,3
2024-12-27,0,138,0,6626,0,True,5,True,False,False,False,False,Imputed date; Imputed values,6764,0,-0.9518231073363581,6852.285714285715,6847.285714285715,0.0,0
2024-12-28,0,154,0,6546,0,True,5,True,False,False,False,False,Imputed date; Imputed values,6700,0,-0.9461856889414588,6823.142857142857,6844.357142857143,0.0,0
2024-12-29,107,170,133,6465,216,False,0,False,False,False,False,False,OK,6635,-83,-0.970149253731345,6792.428571428572,6836.5,1.6119402985074627,0
2024-12-30,99,156,139,6454,177,False,0,False,False,False,False,False,OK,6610,-38,-0.37678975131876236,6759.285714285715,6827.142857142857,1.2642857142857142,0
2024-12-31,0,111,0,6430,0,True,5,True,False,False,False,False,Imputed date; Imputed values,6541,0,-1.043872919818456,6704.285714285715,6807.5,0.0,0
2025-01-01,25,66,94,6405,144,False,0,False,True,False,False,True,Transfer > CBP custody,6471,-50,-1.0701727564592534,6650.0,6778.071428571428,1.5157894736842106,0
2025-01-02,35,70,53,6292,170,False,0,False,False,False,False,False,OK,6362,-117,-1.6844382630196275,6583.285714285715,6731.642857142857,3.1481481481481484,0
2025-01-03,0,71,0,6155,0,True,5,True,False,False,False,False,Imputed date; Imputed values,6226,0,-2.1376925495127264,6506.428571428572,6679.357142857143,0.0,0
2025-01-04,0,72,0,6019,0,True,5,True,False,False,False,False,Imputed date; Imputed values,6091,0,-2.168326373273366,6419.428571428572,6621.285714285715,0.0,0
2025-01-05,43,73,64,5882,185,False,0,False,False,False,False,False,OK,5955,-121,-2.232802495485142,6322.285714285715,6557.357142857143,2.8461538461538463,0
2025-01-06,41,60,71,5769,190,False,0,False,True,False,False,True,Transfer > CBP custody,5829,-119,-2.1158690176322437,6210.714285714285,6485.0,2.638888888888889,0
2025-01-07,65,83,65,5703,133,False,0,False,False,False,False,False,OK,5786,-68,-0.7376908560645101,6102.857142857143,6403.571428571428,2.015151515151515,0
2025-01-08,38,80,82,5605,184,False,0,False,True,False,False,True,Transfer > CBP custody,5685,-102,-1.7455928102315887,5990.571428571428,6320.285714285715,2.216867469879518,0
2025-01-09,56,82,68,5507,164,False,0,False,False,False,False,False,OK,5589,-96,-1.6886543535620024,5880.142857142857,6231.714285714285,2.3768115942028984,0
2025-01-10,0,89,0,5369,0,True,5,True,False,False,False,False,Imputed date; Imputed values,5458,0,-2.3438897835033057,5770.428571428572,6138.428571428572,0.0,0
2025-01-11,0,96,0,5230,0,True,5,True,False,False,False,False,Imputed date; Imputed values,5326,0,-2.418468303407839,5661.142857142857,6040.285714285715,0.0,0
2025-01-12,74,103,80,5092,235,False,0,False,False,False,False,False,OK,5195,-155,-2.45963199399174,5552.571428571428,5937.428571428572,2.9012345679012346,0
2025-01-13,68,107,102,5019,181,False,0,False,False,False,False,False,OK,5126,-79,-1.3282001924927789,5452.142857142857,5831.428571428572,1.7572815533980584,0
2025-01-14,92,124,93,4957,139,False,0,False,False,False,False,False,OK,5081,-46,-0.877877487319545,5351.428571428572,5727.142857142857,1.4787234042553192,0
2025-01-15,113,162,107,4903,164,False,0,False,False,False,False,False,OK,5065,-57,-0.3148986419996058,5262.857142857143,5626.714285714285,1.5185185185185186,0
2025-01-16,106,196,131,4881,159,False,0,False,False,False,False,False,OK,5077,-28,0.23692003948667661,5189.714285714285,5534.928571428572,1.2045454545454546,0
2025-01-17,0,181,0,4797,0,True,5,True,False,False,False,False,Imputed date; Imputed values,4978,0,-1.9499704549931107,5121.142857142857,5445.785714285715,0.0,0
2025-01-18,0,167,0,4712,0,True,5,True,False,False,False,False,Imputed date; Imputed values,4879,0,-1.988750502209724,5057.285714285715,5359.214285714285,0.0,0
2025-01-19,86,152,168,4628,176,False,0,False,True,False,False,True,Transfer > CBP custody,4780,-8,-2.029104324656694,4998.0,5275.285714285715,1.0414201183431953,0
2025-01-20,84,118,136,4638,127,False,0,False,True,False,False,True,Transfer > CBP custody,4756,9,-0.5020920502092019,4945.142857142857,5198.642857142857,0.927007299270073,1
2025-01-21,59,64,117,4728,54,False,0,False,True,False,False,True,Transfer > CBP custody,4792,63,0.7569386038688064,4903.857142857143,5127.642857142857,0.4576271186440678,2
2025-01-22,62,97,52,4717,83,False,0,False,False,False,False,False,OK,4814,-31,0.45909849749583564,4868.0,5065.428571428572,1.5660377358490567,0
2025-01-23,91,75,97,4621,174,False,0,False,True,False,False,True,Transfer > CBP custody,4696,-77,-2.451184046530952,4813.571428571428,5001.642857142857,1.7755102040816326,0
2025-01-24,0,67,0,4494,0,True,5,True,False,False,False,False,Imputed date; Imputed values,4561,0,-2.874787052810901,4754.0,4937.571428571428,0.0,0
2025-01-25,0,59,0,4368,0,True,5,True,False,False,False,False,Imputed date; Imputed values,4427,0,-2.937952203464156,4689.428571428572,4873.357142857143,0.0,0
2025-01-26,29,51,11,4241,182,False,0,False,False,False,False,False,OK,4292,-171,-3.0494691664784246,4619.714285714285,4808.857142857143,15.166666666666666,0
2025-01-27,33,53,34,4161,127,False,0,False,False,False,False,False,OK,4214,-93,-1.817334575955265,4542.285714285715,4743.714285714285,3.6285714285714286,0
2025-01-28,32,49,39,4096,101,False,0,False,False,False,False,False,OK,4145,-62,-1.6373991457047987,4449.857142857143,4676.857142857143,2.525,0
2025-01-29,32,50,39,4036,99,False,0,False,False,False,False,False,OK,4086,-60,-1.423401688781667,4345.857142857143,4606.928571428572,2.475,0
2025-01-30,47,42,47,3923,159,False,0,False,True,False,False,True,Transfer > CBP custody,3965,-112,-2.961331375428289,4241.428571428572,4527.5,3.3125,0
2025-01-31,0,35,0,3776,0,True,5,True,False,False,False,False,Imputed date; Imputed values,3811,0,-3.883984867591428,4134.285714285715,4444.142857142857,0.0,0
2025-02-01,0,29,0,3630,0,True,5,True,False,False,False,False,Imputed date; Imputed values,3659,0,-3.9884544738913674,4024.5714285714284,4357.0,0.0,0
2025-02-02,20,22,41,3483,168,False,0,False,True,False,False,True,Transfer > CBP custody,3505,-127,-4.2088002186389755,3912.1428571428573,4265.928571428572,4.0,0
2025-02-03,23,45,11,3403,102,False,0,False,False,False,False,False,OK,3448,-91,-1.6262482168330927,3802.714285714286,4172.5,8.5,0
2025-02-04,34,54,29,3359,74,False,0,False,False,False,False,False,OK,3413,-45,-1.0150812064965153,3698.1428571428573,4074.0,2.466666666666667,0
2025-02-05,26,36,36,3290,104,False,0,False,False,False,False,False,OK,3326,-68,-2.5490770583064704,3589.5714285714284,3967.714285714286,2.810810810810811,0
2025-02-06,25,32,27,3181,145,False,0,False,False,False,False,False,OK,3213,-118,-3.397474443776305,3482.1428571428573,3861.785714285714,5.178571428571429,0
2025-02-07,0,26,0,3080,0,True,5,True,False,False,False,False,Imputed date; Imputed values,3106,0,-3.3302209772797964,3381.4285714285716,3757.8571428571427,0.0,0
2025-02-08,0,19,0,2979,0,True,5,True,False,False,False,False,Imputed date; Imputed values,2998,0,-3.47714101738571,3287.0,3655.785714285714,0.0,0
2025-02-09,15,13,23,2878,99,False,0,False,True,False,False,True,Transfer > CBP custody,2891,-76,-3.5690460306871286,3199.285714285714,3555.714285714286,4.125,0
2025-02-10,16,18,15,2834,63,False,0,False,False,False,False,False,OK,2852,-48,-1.3490141819439638,3114.1428571428573,3458.4285714285716,3.9375,0
2025-02-11,11,22,12,2799,50,False,0,False,False,False,False,False,OK,2821,-38,-1.0869565217391353,3029.5714285714284,3363.8571428571427,3.8461538461538463,0
2025-02-12,16,20,20,2752,66,False,0,False,False,False,False,False,OK,2772,-46,-1.7369727047146455,2950.4285714285716,3270.0,3.142857142857143,0
2025-02-13,15,10,23,2703,72,False,0,False,True,False,False,True,Transfer > CBP custody,2713,-49,-2.128427128427124,2879.0,3180.5714285714284,3.0,0
2025-02-14,0,12,0,2660,0,True,5,True,False,False,False,False,Imputed date; Imputed values,2672,0,-1.5112421673424303,2817.0,3099.214285714286,0.0,0
2025-02-15,0,14,0,2618,0,True,5,True,False,False,False,False,Imputed date; Imputed values,2632,0,-1.4970059880239472,2764.714285714286,3025.8571428571427,0.0,0
2025-02-16,0,15,0,2575,0,True,5,True,False,False,False,False,Imputed date; Imputed values,2590,0,-1.5957446808510634,2721.714285714286,2960.5,0.0,0
2025-02-17,8,17,14,2532,15,False,0,False,False,False,False,False,OK,2549,-1,-1.5830115830115843,2678.4285714285716,2896.285714285714,1.0,0
2025-02-18,18,19,11,2536,9,False,0,False,False,False,False,False,OK,2555,2,0.23538642604943316,2640.4285714285716,2835.0,0.75,1
2025-02-19,12,17,17,2528,19,False,0,False,False,False,False,False,OK,2545,-2,-0.3913894324853229,2608.0,2779.214285714286,1.0555555555555556,0
2025-02-20,13,25,15,2520,32,False,0,False,False,False,False,False,OK,2545,-17,0.0,2584.0,2731.5,2.0,0
2025-02-21,0,22,0,2488,0,True,5,True,False,False,False,False,Imputed date; Imputed values,2510,0,-1.3752455795677854,2560.8571428571427,2688.9285714285716,0.0,0
2025-02-22,0,19,0,2455,0,True,5,True,False,False,False,False,Imputed date; Imputed values,2474,0,-1.4342629482071767,2538.285714285714,2651.5,0.0,0
2025-02-23,7,16,8,2423,35,False,0,False,False,False,False,False,OK,2439,-27,-1.4147130153597365,2516.714285714286,2619.214285714286,3.888888888888889,0
2025-02-24,20,22,14,2413,24,False,0,False,False,False,False,False,OK,2435,-10,-0.16400164001639794,2500.4285714285716,2589.4285714285716,1.6,0
2025-02-25,11,7,7,2413,23,False,0,False,False,False,False,False,OK,2420,-16,-0.6160164271047264,2481.1428571428573,2560.785714285714,2.875,0
2025-02-26,12,21,1,2411,23,False,0,False,False,False,False,False,OK,2432,-22,0.49586776859504855,2465.0,2536.5,11.5,0
2025-02-27,10,15,17,2391,37,False,0,False,True,False,False,True,Transfer > CBP custody,2406,-20,-1.0690789473684181,2445.1428571428573,2514.5714285714284,2.0555555555555554,0
2025-02-28,0,18,0,2360,0,True,5,True,False,False,False,False,Imputed date; Imputed values,2378,0,-1.163757273482957,2426.285714285714,2493.5714285714284,0.0,0
2025-03-01,0,21,0,2328,0,True,5,True,False,False,False,False,Imputed date; Imputed values,2349,0,-1.2195121951219523,2408.4285714285716,2473.3571428571427,0.0,0
2025-03-02,12,24,4,2297,31,False,0,False,False,False,False,False,OK,2321,-27,-1.1919965942954414,2391.5714285714284,2454.1428571428573,6.2,0
2025-03-03,8,29,18,2287,25,False,0,False,False,False,False,False,OK,2316,-7,-0.21542438604049696,2374.5714285714284,2437.5,1.3157894736842106,0
2025-03-04,4,25,10,2272,30,False,0,False,False,False,False,False,OK,2297,-20,-0.8203799654576849,2357.0,2419.0714285714284,2.727272727272727,0
2025-03-05,5,20,4,2238,40,False,0,False,False,False,False,False,OK,2258,-36,-1.6978667827601268,2332.1428571428573,2398.5714285714284,8.0,0
2025-03-06,7,27,6,2218,33,False,0,False,False,False,False,False,OK,2245,-27,-0.5757307351638596,2309.1428571428573,2377.1428571428573,4.714285714285714,0
2025-03-07,0,26,0,2191,0,True,5,True,False,False,False,False,Imputed date; Imputed values,2217,0,-1.2472160356347461,2286.1428571428573,2356.214285714286,0.0,0
2025-03-08,0,26,0,2164,0,True,5,True,False,False,False,False,Imputed date; Imputed values,2190,0,-1.2178619756427644,2263.4285714285716,2335.9285714285716,0.0,0
2025-03-09,12,25,15,2137,30,False,0,False,False,False,False,False,OK,2162,-15,-1.2785388127853903,2240.714285714286,2316.1428571428573,1.875,0
2025-03-10,6,28,8,2125,23,False,0,False,False,False,False,False,OK,2153,-15,-0.4162812210915856,2217.4285714285716,2296.0,2.5555555555555554,0
2025-03-11,3,11,7,2116,20,False,0,False,False,False,False,False,OK,2127,-13,-1.207617278216444,2193.1428571428573,2275.0714285714284,2.5,0
2025-03-12,6,18,2,2113,8,False,0,False,False,False,False,False,OK,2131,-6,0.18805829807240215,2175.0,2253.5714285714284,2.6666666666666665,0
2025-03-13,4,20,9,2116,6,False,0,False,False,False,False,False,OK,2136,3,0.2346316283434957,2159.4285714285716,2234.285714285714,0.6,1
2025-03-14,0,16,0,2116,0,True,5,True,False,False,False,False,Imputed date; Imputed values,2132,0,-0.1872659176029967,2147.285714285714,2216.714285714286,0.0,0
2025-03-15,0,13,0,2117,0,True,5,True,False,False,False,False,Imputed date; Imputed values,2130,0,-0.09380863039399889,2138.714285714286,2201.0714285714284,0.0,0
2025-03-16,1,9,8,2117,5,False,0,False,False,False,False,False,OK,2126,3,-0.187793427230043,2133.5714285714284,2187.1428571428573,0.5555555555555556,1
2025-03-17,5,14,0,2111,8,False,0,False,False,False,False,False,OK,2125,-8,-0.04703668861711918,2129.5714285714284,2173.5,8.0,0
2025-03-18,19,34,6,2109,8,False,0,False,False,False,False,False,OK,2143,-2,0.8470588235294008,2131.8571428571427,2162.5,1.1428571428571428,0
2025-03-19,6,22,14,2119,9,False,0,False,False,False,False,False,OK,2141,5,-0.09332711152589823,2133.285714285714,2154.1428571428573,0.6,1
2025-03-20,9,20,11,2124,7,False,0,False,False,False,False,False,OK,2144,4,0.14012143858010973,2134.4285714285716,2146.9285714285716,0.5833333333333334,2
2025-03-21,0,23,0,2128,0,True,5,True,False,False,False,False,Imputed date; Imputed values,2151,0,0.32649253731342753,2137.1428571428573,2142.214285714286,0.0,0
2025-03-22,0,26,0,2132,0,True,5,True,False,False,False,False,Imputed date; Imputed values,2158,0,0.32543003254299485,2141.1428571428573,2139.9285714285716,0.0,0
2025-03-23,15,29,9,2136,2,False,0,False,False,False,False,False,OK,2165,7,0.32437442075996525,2146.714285714286,2140.1428571428573,0.2,1
2025-03-24,7,13,11,2139,7,False,0,False,False,False,False,False,OK,2152,4,-0.6004618937644368,2150.5714285714284,2140.0714285714284,0.5833333333333334,2
2025-03-25,12,19,7,2145,6,False,0,False,False,False,False,False,OK,2164,1,0.5576208178438735,2153.5714285714284,2142.714285714286,0.75,3
2025-03-26,9,21,15,2159,2,False,0,False,False,False,False,False,OK,2180,13,0.7393715341959428,2159.1428571428573,2146.214285714286,0.125,4
2025-03-27,1,19,13,2159,2,False,0,False,False,False,False,False,OK,2178,11,-0.09174311926605228,2164.0,2149.214285714286,0.14285714285714285,5
2025-03-28,0,19,0,2169,0,True,5,True,False,False,False,False,Imputed date; Imputed values,2188,0,0.45913682277318735,2169.285714285714,2153.214285714286,0.0,0
2025-03-29,0,20,0,2178,0,True,5,True,False,False,False,False,Imputed date; Imputed values,2198,0,0.4570383912248621,2175.0,2158.0714285714284,0.0,0
2025-03-30,9,20,5,2188,2,False,0,False,False,False,False,False,OK,2208,3,0.45495905368517775,2181.1428571428573,2163.9285714285716,0.3333333333333333,1
2025-03-31,9,25,8,2193,5,False,0,False,False,False,False,False,OK,2218,3,0.45289855072463414,2190.5714285714284,2170.5714285714284,0.5555555555555556,2
2025-04-01,17,36,7,2191,12,False,0,False,False,False,False,False,OK,2227,-5,0.4057709648331853,2199.5714285714284,2176.5714285714284,1.5,0
2025-04-02,5,31,16,2208,3,False,0,False,False,False,False,False,OK,2239,13,0.5388414907947947,2208.0,2183.5714285714284,0.17647058823529413,1
2025-04-03,12,26,18,2223,8,False,0,False,False,False,False,False,OK,2249,10,0.44662795891021734,2218.1428571428573,2191.0714285714284,0.42105263157894735,2
2025-04-04,0,22,0,2227,0,True,5,True,False,False,False,False,Imputed date; Imputed values,2249,0,0.0,2226.8571428571427,2198.0714285714284,0.0,0
2025-04-05,0,18,0,2230,0,True,5,True,False,False,False,False,Imputed date; Imputed values,2248,0,-0.04446420631392112,2234.0,2204.5,0.0,0
2025-04-06,7,14,7,2234,11,False,0,False,False,False,False,False,OK,2248,-4,0.0,2239.714285714286,2210.4285714285716,1.375,0
2025-04-07,12,22,9,2237,5,False,0,False,False,False,False,False,OK,2259,4,0.48932384341637825,2245.5714285714284,2218.0714285714284,0.5,1
2025-04-08,12,34,12,2243,9,False,0,False,False,False,False,False,OK,2277,3,0.7968127490039834,2252.714285714286,2226.1428571428573,0.6923076923076923,2
2025-04-09,6,19,10,2251,5,False,0,False,False,False,False,False,OK,2270,5,-0.30742204655248573,2257.1428571428573,2232.5714285714284,0.45454545454545453,3
2025-04-10,18,25,17,2265,6,False,0,False,False,False,False,False,OK,2290,11,0.8810572687224738,2263.0,2240.5714285714284,0.3333333333333333,4
2025-04-11,8,22,8,2267,9,False,0,False,False,False,False,False,OK,2289,-1,-0.04366812227074579,2268.714285714286,2247.785714285714,1.0,0
2025-04-12,0,24,0,2275,0,True,5,True,False,False,False,False,Imputed date; Imputed values,2299,0,0.4368719965050172,2276.0,2255.0,0.0,0
2025-04-13,5,26,10,2283,3,False,0,False,False,False,False,False,OK,2309,7,0.43497172683775176,2284.714285714286,2262.214285714286,0.2727272727272727,1
2025-04-14,5,26,9,2282,13,False,0,False,False,False,False,False,OK,2308,-4,-0.04330879168471524,2291.714285714286,2268.6428571428573,1.3,0
2025-04-15,4,19,12,2286,7,False,0,False,False,False,False,False,OK,2305,5,-0.12998266897746857,2295.714285714286,2274.214285714286,0.5384615384615384,1
2025-04-16,11,30,5,2291,8,False,0,False,False,False,False,False,OK,2321,-3,0.694143167028205,2303.0,2280.0714285714284,1.3333333333333333,0
2025-04-17,7,26,10,2288,14,False,0,False,False,False,False,False,OK,2314,-4,-0.30159414045669575,2306.4285714285716,2284.714285714286,1.2727272727272727,0
2025-04-18,0,22,0,2294,0,True,5,True,False,False,False,False,Imputed date; Imputed values,2316,0,0.08643042350906516,2310.285714285714,2289.5,0.0,0
2025-04-19,0,19,0,2299,0,True,5,True,False,False,False,False,Imputed date; Imputed values,2318,0,0.08635578583764403,2313.0,2294.5,0.0,0
2025-04-20,4,15,6,2305,4,False,0,False,False,False,False,False,OK,2320,2,0.08628127696290733,2314.5714285714284,2299.6428571428573,0.5714285714285714,1
2025-04-21,10,25,5,2308,6,False,0,False,False,False,False,False,OK,2333,-1,0.5603448275862011,2318.1428571428573,2304.9285714285716,1.0,0
2025-04-22,7,19,14,2305,17,False,0,False,False,False,False,False,OK,2324,-3,-0.385769395627944,2320.8571428571427,2308.285714285714,1.1333333333333333,0
2025-04-23,3,23,4,2300,11,False,0,False,False,False,False,False,OK,2323,-7,-0.0430292598967319,2321.1428571428573,2312.0714285714284,2.2,0
2025-04-24,3,9,7,2294,13,False,0,False,False,False,False,False,OK,2303,-6,-0.860955660783469,2319.5714285714284,2313.0,1.625,0
2025-04-25,0,19,0,2296,0,True,5,True,False,False,False,False,Imputed date; Imputed values,2315,0,0.521059487624842,2319.4285714285716,2314.8571428571427,0.0,0
2025-04-26,0,30,0,2299,0,True,5,True,False,False,False,False,Imputed date; Imputed values,2329,0,0.6047516198704139,2321.0,2317.0,0.0,0
2025-04-27,9,40,12,2301,4,False,0,False,False,False,False,False,OK,2341,8,0.5152425933877103,2324.0,2319.285714285714,0.3076923076923077,1
2025-04-28,6,26,12,2307,8,False,0,False,False,False,False,False,OK,2333,4,-0.34173430158052076,2324.0,2321.0714285714284,0.6153846153846154,2
2025-04-29,11,25,11,2304,15,False,0,False,False,False,False,False,OK,2329,-4,-0.17145306472353683,2324.714285714286,2322.785714285714,1.25,0
2025-04-30,7,34,9,2309,12,False,0,False,False,False,False,False,OK,2343,-3,0.6011163589523472,2327.5714285714284,2324.3571428571427,1.2,0
2025-05-01,13,32,14,2306,16,False,0,False,False,False,False,False,OK,2338,-2,-0.21340162185232714,2332.5714285714284,2326.0714285714284,1.0666666666666667,0
2025-05-02,0,32,0,2316,0,True,5,True,False,False,False,False,Imputed date; Imputed values,2348,0,0.42771599657827064,2337.285714285714,2328.3571428571427,0.0,0
2025-05-03,0,31,0,2325,0,True,5,True,False,False,False,False,Imputed date; Imputed values,2356,0,0.34071550255536653,2341.1428571428573,2331.0714285714284,0.0,0
2025-05-04,9,31,10,2335,5,False,0,False,False,False,False,False,OK,2366,5,0.4244482173174857,2344.714285714286,2334.3571428571427,0.45454545454545453,1
2025-05-05,15,44,20,2331,17,False,0,False,False,False,False,False,OK,2375,3,0.3803888419273038,2350.714285714286,2337.3571428571427,0.8095238095238095,2
2025-05-06,10,33,16,2339,16,False,0,False,False,False,False,False,OK,2372,0,-0.1263157894736855,2356.8571428571427,2340.785714285714,0.9411764705882353,0
2025-05-07,10,30,15,2335,10,False,0,False,False,False,False,False,OK,2365,5,-0.295109612141653,2360.0,2343.785714285714,0.625,1
2025-05-08,15,24,16,2361,11,False,0,False,False,False,False,False,OK,2385,5,0.8456659619450413,2366.714285714286,2349.6428571428573,0.6470588235294118,2
2025-05-09,0,23,0,2369,0,True,5,True,False,False,False,False,Imputed date; Imputed values,2392,0,0.2935010482180367,2373.0,2355.1428571428573,0.0,0
2025-05-10,0,21,0,2377,0,True,5,True,False,False,False,False,Imputed date; Imputed values,2398,0,0.2508361204013321,2379.0,2360.0714285714284,0.0,0
2025-05-11,15,20,12,2385,3,False,0,False,False,False,False,False,OK,2405,9,0.29190992493743906,2384.5714285714284,2364.6428571428573,0.23076923076923078,1
2025-05-12,7,33,14,2392,7,False,0,False,False,False,False,False,OK,2425,7,0.8316008316008316,2391.714285714286,2371.214285714286,0.4666666666666667,2
2025-05-13,18,29,12,2394,11,False,0,False,False,False,False,False,OK,2423,1,-0.08247422680411898,2399.0,2377.9285714285716,0.8461538461538461,3
2025-05-14,7,30,14,2394,11,False,0,False,False,False,False,False,OK,2424,3,0.04127115146512761,2407.4285714285716,2383.714285714286,0.7333333333333333,4
2025-05-15,15,31,14,2410,14,False,0,False,False,False,False,False,OK,2441,0,0.7013201320132056,2415.4285714285716,2391.0714285714284,0.9333333333333333,0
2025-05-16,0,30,0,2419,0,True,5,True,False,False,False,False,Imputed date; Imputed values,2449,0,0.32773453502663585,2423.5714285714284,2398.285714285714,0.0,0
2025-05-17,0,29,0,2428,0,True,5,True,False,False,False,False,Imputed date; Imputed values,2457,0,0.32666394446712044,2432.0,2405.5,0.0,0
2025-05-18,13,28,14,2437,9,False,0,False,False,False,False,False,OK,2465,5,0.32560032560031704,2440.5714285714284,2412.5714285714284,0.6,1
2025-05-19,7,27,17,2457,6,False,0,False,False,False,False,False,OK,2484,11,0.7707910750507141,2449.0,2420.3571428571427,0.3333333333333333,2
2025-05-20,0,44,0,2462,0,True,5,True,False,False,False,False,Imputed date; Imputed values,2506,0,0.8856682769726287,2460.8571428571427,2429.9285714285716,0.0,0
2025-05-21,14,62,13,2467,18,False,0,False,False,False,False,False,OK,2529,-5,0.9177972865123785,2475.8571428571427,2441.6428571428573,1.2857142857142858,0
2025-05-22,18,36,17,2473,15,False,0,False,False,False,False,False,OK,2509,2,-0.7908264136022192,2485.5714285714284,2450.5,0.8333333333333334,1
2025-05-23,0,34,0,2479,0,True,5,True,False,False,False,False,Imputed date; Imputed values,2513,0,0.15942606616181632,2494.714285714286,2459.1428571428573,0.0,0
2025-05-24,0,31,0,2485,0,True,5,True,False,False,False,False,Imputed date; Imputed values,2516,0,0.11937922801432688,2503.1428571428573,2467.5714285714284,0.0,0
2025-05-25,0,29,0,2492,0,True,5,True,False,False,False,False,Imputed date; Imputed values,2521,0,0.19872813990460259,2511.1428571428573,2475.8571428571427,0.0,0
2025-05-26,0,26,0,2498,0,True,5,True,False,False,False,False,Imputed date; Imputed values,2524,0,0.11900039666798978,2516.8571428571427,2482.9285714285716,0.0,0
2025-05-27,6,24,7,2504,11,False,0,False,False,False,False,False,OK,2528,-4,0.15847860538826808,2520.0,2490.4285714285716,1.375,0
2025-05-28,12,39,12,2499,14,False,0,False,False,False,False,False,OK,2538,-2,0.39556962025315556,2521.285714285714,2498.5714285714284,1.0769230769230769,0
2025-05-29,13,38,15,2506,11,False,0,False,False,False,False,False,OK,2544,4,0.23640661938533203,2526.285714285714,2505.9285714285716,0.6875,1
2025-05-30,0,33,0,2513,0,True,5,True,False,False,False,False,Imputed date; Imputed values,2546,0,0.07861635220125507,2531.0,2512.8571428571427,0.0,0
2025-05-31,0,29,0,2521,0,True,5,True,False,False,False,False,Imputed date; Imputed values,2550,0,0.15710919088767206,2535.8571428571427,2519.5,0.0,0
2025-06-01,8,24,16,2528,12,False,0,False,False,False,False,False,OK,2552,4,0.07843137254901489,2540.285714285714,2525.714285714286,0.7058823529411765,1
2025-06-02,10,19,5,2518,16,False,0,False,False,False,False,False,OK,2537,-11,-0.5877742946708508,2542.1428571428573,2529.5,2.6666666666666665,0
2025-06-03,5,23,11,2519,15,False,0,False,False,False,False,False,OK,2542,-4,0.19708316909736734,2544.1428571428573,2532.0714285714284,1.25,0
2025-06-04,4,16,9,2516,16,False,0,False,False,False,False,False,OK,2532,-7,-0.3933910306844979,2543.285714285714,2532.285714285714,1.6,0
2025-06-05,8,26,5,2503,21,False,0,False,False,False,False,False,OK,2529,-16,-0.11848341232227888,2541.1428571428573,2533.714285714286,3.5,0
2025-06-06,0,23,0,2504,0,True,5,True,False,False,False,False,Imputed date; Imputed values,2527,0,-0.07908264136021748,2538.4285714285716,2534.714285714286,0.0,0
2025-06-07,0,19,0,2506,0,True,5,True,False,False,False,False,Imputed date; Imputed values,2525,0,-0.0791452314997998,2534.8571428571427,2535.3571428571427,0.0,0
2025-06-08,10,16,15,2507,13,False,0,False,False,False,False,False,OK,2523,2,-0.07920792079207928,2530.714285714286,2535.5,0.8125,1
2025-06-09,8,21,14,2516,9,False,0,False,False,False,False,False,OK,2537,5,0.5548949663099378,2530.714285714286,2536.4285714285716,0.6,2
2025-06-10,17,28,7,2511,12,False,0,False,False,False,False,False,OK,2539,-5,0.07883326763893361,2530.285714285714,2537.214285714286,1.5,0
2025-06-11,0,27,0,2513,0,True,5,True,False,False,False,False,Imputed date; Imputed values,2540,0,0.03938558487592836,2531.4285714285716,2537.3571428571427,0.0,0
2025-06-12,0,27,0,2514,0,True,5,True,False,False,False,False,Imputed date; Imputed values,2541,0,0.03937007874015297,2533.1428571428573,2537.1428571428573,0.0,0
2025-06-13,0,26,0,2516,0,True,5,True,False,False,False,False,Imputed date; Imputed values,2542,0,0.0393545848091259,2535.285714285714,2536.8571428571427,0.0,0
2025-06-14,0,26,0,2518,0,True,5,True,False,False,False,False,Imputed date; Imputed values,2544,0,0.07867820613689513,2538.0,2536.4285714285716,0.0,0
2025-06-15,0,25,0,2520,0,True,5,True,False,False,False,False,Imputed date; Imputed values,2545,0,0.039308176100627534,2541.1428571428573,2535.9285714285716,0.0,0
2025-06-16,0,25,0,2521,0,True,5,True,False,False,False,False,Imputed date; Imputed values,2546,0,0.039292730844797674,2542.4285714285716,2536.5714285714284,0.0,0
2025-06-17,7,24,10,2523,14,False,0,False,False,False,False,False,OK,2547,-4,0.03927729772190691,2543.5714285714284,2536.9285714285716,1.2727272727272727,0
2025-06-18,0,22,0,2512,0,True,5,True,False,False,False,False,Imputed date; Imputed values,2534,0,-0.5104043973301886,2542.714285714286,2537.0714285714284,0.0,0
2025-06-19,8,19,7,2501,18,False,0,False,False,False,False,False,OK,2520,-11,-0.5524861878453025,2539.714285714286,2536.4285714285716,2.25,0
2025-06-20,0,17,0,2503,0,True,5,True,False,False,False,False,Imputed date; Imputed values,2520,0,0.0,2536.5714285714284,2535.9285714285716,0.0,0
2025-06-21,0,15,0,2506,0,True,5,True,False,False,False,False,Imputed date; Imputed values,2521,0,0.03968253968253954,2533.285714285714,2535.6428571428573,0.0,0
2025-06-22,7,13,5,2508,7,False,0,False,False,False,False,False,OK,2521,-2,0.0,2529.8571428571427,2535.5,1.1666666666666667,0
2025-06-23,3,15,5,2495,17,False,0,False,False,False,False,False,OK,2510,-12,-0.4363347877826218,2524.714285714286,2533.5714285714284,2.8333333333333335,0
2025-06-24,5,20,5,2489,16,False,0,False,False,False,False,False,OK,2509,-11,-0.03984063745019473,2519.285714285714,2531.4285714285716,2.6666666666666665,0
2025-06-25,6,12,2,2470,24,False,0,False,False,False,False,False,OK,2482,-22,-1.0761259465922657,2511.8571428571427,2527.285714285714,8.0,0
2025-06-26,3,9,7,2447,35,False,0,False,False,False,False,False,OK,2456,-28,-1.0475423045930743,2502.714285714286,2521.214285714286,4.375,0
2025-06-27,0,12,0,2436,0,True,5,True,False,False,False,False,Imputed date; Imputed values,2448,0,-0.32573289902280145,2492.4285714285716,2514.5,0.0,0
2025-06-28,0,14,0,2424,0,True,5,True,False,False,False,False,Imputed date; Imputed values,2438,0,-0.40849673202614234,2480.5714285714284,2506.9285714285716,0.0,0
2025-06-29,5,17,7,2413,20,False,0,False,False,False,False,False,OK,2430,-13,-0.3281378178835115,2467.5714285714284,2498.714285714286,2.5,0
2025-06-30,9,22,8,2407,16,False,0,False,False,False,False,False,OK,2429,-8,-0.04115226337448874,2456.0,2490.3571428571427,1.7777777777777777,0
2025-07-01,7,14,6,2391,22,False,0,False,False,False,False,False,OK,2405,-16,-0.9880609304240395,2441.1428571428573,2480.214285714286,3.142857142857143,0
2025-07-02,8,20,9,2373,38,False,0,False,False,False,False,False,OK,2393,-29,-0.498960498960499,2428.4285714285716,2470.1428571428573,3.8,0
2025-07-03,0,19,0,2363,0,True,5,True,False,False,False,False,Imputed date; Imputed values,2382,0,-0.45967404931048783,2417.8571428571427,2460.285714285714,0.0,0
2025-07-04,0,18,0,2352,0,True,5,True,False,False,False,False,Imputed date; Imputed values,2370,0,-0.5037783375314908,2406.714285714286,2449.5714285714284,0.0,0
2025-07-05,0,18,0,2342,0,True,5,True,False,False,False,False,Imputed date; Imputed values,2360,0,-0.42194092827003704,2395.5714285714284,2438.0714285714284,0.0,0
2025-07-06,4,17,2,2332,8,False,0,False,False,False,False,False,OK,2349,-6,-0.4661016949152552,2384.0,2425.785714285714,2.6666666666666665,0
2025-07-07,3,18,8,2317,20,False,0,False,False,False,False,False,OK,2335,-12,-0.5959982971477262,2370.5714285714284,2413.285714285714,2.2222222222222223,0
2025-07-08,5,16,8,2306,20,False,0,False,False,False,False,False,OK,2322,-12,-0.5567451820128522,2358.714285714286,2399.9285714285716,2.2222222222222223,0
2025-07-09,2,18,0,2281,32,False,0,False,False,False,False,False,OK,2299,-32,-0.9905254091300608,2345.285714285714,2386.8571428571427,32.0,0
2025-07-10,2,12,3,2252,39,False,0,False,False,False,False,False,OK,2264,-36,-1.5224010439321423,2328.4285714285716,2373.1428571428573,9.75,0
2025-07-11,0,12,0,2236,0,True,5,True,False,False,False,False,Imputed date; Imputed values,2248,0,-0.7067137809187329,2311.0,2358.8571428571427,0.0,0
2025-07-12,0,13,0,2220,0,True,5,True,False,False,False,False,Imputed date; Imputed values,2233,0,-0.6672597864768703,2292.8571428571427,2344.214285714286,0.0,0
2025-07-13,1,13,4,2204,10,False,0,False,False,False,False,False,OK,2217,-6,-0.7165248544558911,2274.0,2329.0,2.0,0
2025-07-14,2,9,1,2181,26,False,0,False,False,False,False,False,OK,2190,-25,-1.2178619756427644,2253.285714285714,2311.9285714285716,13.0,0
2025-07-15,0,8,5,2171,17,False,0,False,False,False,False,False,OK,2179,-12,-0.5022831050228271,2232.8571428571427,2295.785714285714,2.8333333333333335,0
2025-07-16,1,9,0,2164,11,False,0,False,False,False,False,False,OK,2173,-11,-0.275355667737498,2214.8571428571427,2280.0714285714284,11.0,0
2025-07-17,3,16,2,2153,17,False,0,False,False,False,False,False,OK,2169,-15,-0.18407731247124248,2201.285714285714,2264.8571428571427,5.666666666666667,0
2025-07-18,0,16,0,2145,0,True,5,True,False,False,False,False,Imputed date; Imputed values,2161,0,-0.36883356385430943,2188.8571428571427,2249.9285714285716,0.0,0
2025-07-19,0,17,0,2137,0,True,5,True,False,False,False,False,Imputed date; Imputed values,2154,0,-0.3239241092086953,2177.5714285714284,2235.214285714286,0.0,0
2025-07-20,0,18,0,2129,0,True,5,True,False,False,False,False,Imputed date; Imputed values,2147,0,-0.32497678737233304,2167.5714285714284,2220.785714285714,0.0,0
2025-07-21,4,18,7,2121,16,False,0,False,False,False,False,False,OK,2139,-9,-0.37261294829995517,2160.285714285714,2206.785714285714,2.0,0
2025-07-22,5,13,3,2117,16,False,0,False,False,False,False,False,OK,2130,-13,-0.42075736325385416,2153.285714285714,2193.0714285714284,4.0,0
2025-07-23,6,21,5,2111,14,False,0,False,False,False,False,False,OK,2132,-9,0.09389671361501595,2147.4285714285716,2181.1428571428573,2.3333333333333335,0
2025-07-24,6,18,7,2096,29,False,0,False,False,False,False,False,OK,2114,-22,-0.8442776735459678,2139.5714285714284,2170.4285714285716,3.625,0
2025-07-25,0,16,0,2093,0,True,5,True,False,False,False,False,Imputed date; Imputed values,2109,0,-0.23651844843898262,2132.1428571428573,2160.5,0.0,0
2025-07-26,0,14,0,2091,0,True,5,True,False,False,False,False,Imputed date; Imputed values,2105,0,-0.1896633475580889,2125.1428571428573,2151.3571428571427,0.0,0
2025-07-27,1,12,2,2088,4,False,0,False,False,False,False,False,OK,2100,-2,-0.23752969121140222,2118.4285714285716,2143.0,1.3333333333333333,0
2025-07-28,2,9,3,2080,14,False,0,False,False,False,False,False,OK,2089,-11,-0.5238095238095264,2111.285714285714,2135.785714285714,3.5,0
2025-07-29,2,8,3,2072,12,False,0,False,False,False,False,False,OK,2080,-9,-0.43082814743896636,2104.1428571428573,2128.714285714286,3.0,0
2025-07-30,4,15,4,2063,16,False,0,False,False,False,False,False,OK,2078,-12,-0.09615384615384581,2096.4285714285716,2121.9285714285716,3.2,0
2025-07-31,2,9,6,2058,15,False,0,False,False,False,False,False,OK,2067,-9,-0.5293551491819093,2089.714285714286,2114.6428571428573,2.142857142857143,0
2025-08-01,0,15,0,2055,0,True,5,True,False,False,False,False,Imputed date; Imputed values,2070,0,0.14513788098693414,2084.1428571428573,2108.1428571428573,0.0,0
2025-08-02,0,20,0,2052,0,True,5,True,False,False,False,False,Imputed date; Imputed values,2072,0,0.09661835748793202,2079.4285714285716,2102.285714285714,0.0,0
2025-08-03,5,26,3,2049,5,False,0,False,False,False,False,False,OK,2075,-2,0.14478764478764727,2075.8571428571427,2097.1428571428573,1.25,0
2025-08-04,5,22,11,2040,14,False,0,False,False,False,False,False,OK,2062,-3,-0.6265060240963849,2072.0,2091.6428571428573,1.1666666666666667,0
2025-08-05,2,21,10,2042,14,False,0,False,False,False,False,False,OK,2063,-4,0.04849660523762456,2069.5714285714284,2086.8571428571427,1.2727272727272727,0
2025-08-06,4,17,3,2036,13,False,0,False,False,False,False,False,OK,2053,-10,-0.4847309743092554,2066.0,2081.214285714286,3.25,0
2025-08-07,4,18,6,2031,17,False,0,False,False,False,False,False,OK,2049,-11,-0.1948368241597609,2063.4285714285716,2076.5714285714284,2.4285714285714284,0
2025-08-08,0,18,0,2023,0,True,5,True,False,False,False,False,Imputed date; Imputed values,2041,0,-0.3904343582235237,2059.285714285714,2071.714285714286,0.0,0
2025-08-09,0,18,0,2014,0,True,5,True,False,False,False,False,Imputed date; Imputed values,2032,0,-0.440960313571781,2053.5714285714284,2066.5,0.0,0
2025-08-10,0,18,8,2006,12,False,0,False,False,False,False,False,OK,2024,-4,-0.3937007874015741,2046.2857142857142,2061.0714285714284,1.3333333333333333,0
2025-08-11,6,23,4,1999,16,False,0,False,False,False,False,False,OK,2022,-12,-0.09881422924901129,2040.5714285714287,2056.285714285714,3.2,0
2025-08-12,8,38,9,1999,9,False,0,False,False,False,False,False,OK,2037,0,0.7418397626112849,2036.857142857143,2053.214285714286,0.9,0
2025-08-13,6,22,12,1997,17,False,0,False,False,False,False,False,OK,2019,-5,-0.8836524300441795,2032.0,2049.0,1.3076923076923077,0
2025-08-14,3,27,4,1994,11,False,0,False,False,False,False,False,OK,2021,-7,0.0990589400693409,2028.0,2045.7142857142858,2.2,0
2025-08-15,0,23,0,1993,0,True,5,True,False,False,False,False,Imputed date; Imputed values,2016,0,-0.24740227610093868,2024.4285714285713,2041.857142857143,0.0,0
2025-08-16,0,18,0,1992,0,True,5,True,False,False,False,False,Imputed date; Imputed values,2010,0,-0.29761904761904656,2021.2857142857142,2037.4285714285713,0.0,0
2025-08-17,4,14,2,1991,3,False,0,False,False,False,False,False,OK,2005,-1,-0.24875621890547706,2018.5714285714287,2032.4285714285713,1.0,0
2025-08-18,4,20,6,1985,14,False,0,False,False,False,False,False,OK,2005,-8,0.0,2016.142857142857,2028.357142857143,2.0,0
2025-08-19,5,35,3,1980,11,False,0,False,False,False,False,False,OK,2015,-8,0.4987531172069737,2013.0,2024.9285714285713,2.75,0
2025-08-20,10,38,10,1983,10,False,0,False,False,False,False,False,OK,2021,0,0.29776674937964653,2013.2857142857142,2022.642857142857,0.9090909090909091,0
2025-08-21,6,49,8,1972,21,False,0,False,False,False,False,False,OK,2021,-13,0.0,2013.2857142857142,2020.642857142857,2.3333333333333335,0
2025-08-22,0,40,0,1975,0,True,5,True,False,False,False,False,Imputed date; Imputed values,2015,0,-0.2968827313211242,2013.142857142857,2018.7857142857142,0.0,0
2025-08-23,0,30,0,1978,0,True,5,True,False,False,False,False,Imputed date; Imputed values,2008,0,-0.34739454094292466,2012.857142857143,2017.0714285714287,0.0,0
2025-08-24,4,21,5,1981,5,False,0,False,False,False,False,False,OK,2002,0,-0.29880478087649376,2012.4285714285713,2015.5,0.8333333333333334,0
2025-08-25,8,30,8,1980,11,False,0,False,False,False,False,False,OK,2010,-3,0.3996003996004083,2013.142857142857,2014.642857142857,1.2222222222222223,0
2025-08-26,10,21,20,1989,15,False,0,False,False,False,False,False,OK,2010,5,0.0,2012.4285714285713,2012.7142857142858,0.7142857142857143,1
2025-08-27,5,19,9,1988,19,False,0,False,False,False,False,False,OK,2007,-10,-0.14925373134327957,2010.4285714285713,2011.857142857143,1.9,0
2025-08-28,8,33,6,1984,17,False,0,False,False,False,False,False,OK,2017,-11,0.49825610363727346,2009.857142857143,2011.5714285714287,2.4285714285714284,0
2025-08-29,0,32,0,1990,0,True,5,True,False,False,False,False,Imputed date; Imputed values,2022,0,0.24789291026277027,2010.857142857143,2012.0,0.0,0
2025-08-30,0,31,0,1997,0,True,5,True,False,False,False,False,Imputed date; Imputed values,2028,0,0.29673590504450953,2013.7142857142858,2013.2857142857142,0.0,0
2025-08-31,0,30,0,2004,0,True,5,True,False,False,False,False,Imputed date; Imputed values,2034,0,0.2958579881656709,2018.2857142857142,2015.357142857143,0.0,0
2025-09-01,10,29,17,2010,5,False,0,False,False,False,False,False,OK,2039,12,0.2458210422812135,2022.4285714285713,2017.7857142857142,0.2777777777777778,1
2025-09-02,6,35,9,2020,9,False,0,False,False,False,False,False,OK,2055,0,0.7846983815595898,2028.857142857143,2020.642857142857,0.9,0
2025-09-03,4,29,11,2019,10,False,0,False,False,False,False,False,OK,2048,1,-0.3406326034063212,2034.7142857142858,2022.5714285714287,0.8333333333333334,1
2025-09-04,11,40,2,2015,14,False,0,False,False,False,False,False,OK,2055,-12,0.341796875,2040.142857142857,2025.0,4.666666666666667,0
2025-09-05,0,33,0,2019,0,True,5,True,False,False,False,False,Imputed date; Imputed values,2052,0,-0.14598540145985828,2044.4285714285713,2027.642857142857,0.0,0
2025-09-06,0,26,0,2022,0,True,5,True,False,False,False,False,Imputed date; Imputed values,2048,0,-0.19493177387914784,2047.2857142857142,2030.5,0.0,0
2025-09-07,4,19,9,2026,7,False,0,False,False,False,False,False,OK,2045,2,-0.146484375,2048.8571428571427,2033.5714285714287,0.7,1
2025-09-08,7,25,5,2025,6,False,0,False,False,False,False,False,OK,2050,-1,0.24449877750611915,2050.4285714285716,2036.4285714285713,1.0,0
2025-09-09,18,42,11,2023,14,False,0,False,False,False,False,False,OK,2065,-3,0.7317073170731714,2051.8571428571427,2040.357142857143,1.1666666666666667,0
2025-09-10,10,47,14,2025,18,False,0,False,False,False,False,False,OK,2072,-4,0.3389830508474523,2055.285714285714,2045.0,1.2,0
2025-09-11,12,38,29,2047,6,False,0,False,False,False,False,False,OK,2085,23,0.6274131274131234,2059.5714285714284,2049.8571428571427,0.2,1
2025-09-12,0,38,0,2059,0,True,5,True,False,False,False,False,Imputed date; Imputed values,2097,0,0.575539568345329,2066.0,2055.214285714286,0.0,0
2025-09-13,0,39,0,2071,0,True,5,True,False,False,False,False,Imputed date; Imputed values,2110,0,0.6199332379589917,2074.8571428571427,2061.0714285714284,0.0,0
2025-09-14,7,39,13,2083,5,False,0,False,False,False,False,False,OK,2122,8,0.5687203791469253,2085.8571428571427,2067.3571428571427,0.35714285714285715,1
2025-09-15,9,47,10,2086,10,False,0,False,False,False,False,False,OK,2133,0,0.5183788878416529,2097.714285714286,2074.0714285714284,0.9090909090909091,0
2025-09-16,7,28,17,2095,12,False,0,False,False,False,False,False,OK,2123,5,-0.46882325363337696,2106.0,2078.9285714285716,0.6666666666666666,1
2025-09-17,7,38,5,2096,13,False,0,False,False,False,False,False,OK,2134,-8,0.5181347150259086,2114.8571428571427,2085.0714285714284,2.1666666666666665,0
2025-09-18,20,52,11,2096,14,False,0,False,False,False,False,False,OK,2148,-3,0.6560449859418949,2123.8571428571427,2091.714285714286,1.1666666666666667,0
2025-09-19,0,46,0,2109,0,True,5,True,False,False,False,False,Imputed date; Imputed values,2155,0,0.3258845437616342,2132.1428571428573,2099.0714285714284,0.0,0
2025-09-20,0,41,0,2121,0,True,5,True,False,False,False,False,Imputed date; Imputed values,2162,0,0.32482598607888047,2139.5714285714284,2107.214285714286,0.0,0
2025-09-21,8,35,13,2134,5,False,0,False,False,False,False,False,OK,2169,8,0.3237742830712209,2146.285714285714,2116.0714285714284,0.35714285714285715,1
2025-09-22,17,40,14,2141,10,False,0,False,False,False,False,False,OK,2181,4,0.5532503457814641,2153.1428571428573,2125.4285714285716,0.6666666666666666,2
2025-09-23,11,36,10,2145,15,False,0,False,False,False,False,False,OK,2181,-5,0.0,2161.4285714285716,2133.714285714286,1.3636363636363635,0
2025-09-24,3,38,12,2138,17,False,0,False,False,False,False,False,OK,2176,-5,-0.22925263640531934,2167.4285714285716,2141.1428571428573,1.3076923076923077,0
2025-09-25,6,35,12,2132,18,False,0,False,False,False,False,False,OK,2167,-6,-0.4136029411764719,2170.1428571428573,2147.0,1.3846153846153846,0
2025-09-26,0,33,0,2137,0,True,5,True,False,False,False,False,Imputed date; Imputed values,2170,0,0.13844023996307797,2172.285714285714,2152.214285714286,0.0,0
2025-09-27,0,31,0,2141,0,True,5,True,False,False,False,False,Imputed date; Imputed values,2172,0,0.09216589861751334,2173.714285714286,2156.6428571428573,0.0,0
2025-09-28,11,29,12,2146,9,False,0,False,False,False,False,False,OK,2175,3,0.13812154696133394,2174.5714285714284,2160.4285714285716,0.6923076923076923,1
2025-09-29,8,35,12,2148,13,False,0,False,False,False,False,False,OK,2183,-1,0.36781609195402076,2174.8571428571427,2164.0,1.0,0
2025-09-30,8,32,12,2159,7,False,0,False,False,False,False,False,OK,2191,5,0.3664681630783262,2176.285714285714,2168.8571428571427,0.5384615384615384,1
2025-10-01,4,33,12,2163,14,False,0,False,False,False,False,False,OK,2196,-2,0.22820629849384932,2179.1428571428573,2173.285714285714,1.0769230769230769,0
2025-10-02,20,51,15,2164,16,False,0,False,False,False,False,False,OK,2215,-1,0.8652094717668479,2186.0,2178.0714285714284,1.0,0
2025-10-03,0,43,0,2169,0,True,5,True,False,False,False,False,Imputed date; Imputed values,2212,0,-0.13544018058690988,2192.0,2182.1428571428573,0.0,0
2025-10-04,0,36,0,2175,0,True,5,True,False,False,False,False,Imputed date; Imputed values,2211,0,-0.045207956600357146,2197.5714285714284,2185.6428571428573,0.0,0
2025-10-05,8,28,13,2180,16,False,0,False,False,False,False,False,OK,2208,-3,-0.13568521031207537,2202.285714285714,2188.4285714285716,1.1428571428571428,0
2025-10-06,5,33,15,2187,10,False,0,False,False,False,False,False,OK,2220,5,0.5434782608695565,2207.5714285714284,2191.214285714286,0.625,1
2025-10-07,11,45,4,2189,10,False,0,False,False,False,False,False,OK,2234,-6,0.6306306306306242,2213.714285714286,2195.0,2.0,0
2025-10-08,8,49,15,2192,17,False,0,False,False,False,False,False,OK,2241,-2,0.3133393017009878,2220.1428571428573,2199.6428571428573,1.0625,0
2025-10-09,11,55,13,2192,12,False,0,False,False,False,False,False,OK,2247,1,0.2677376171352108,2224.714285714286,2205.3571428571427,0.8571428571428571,1
2025-10-10,0,47,0,2200,0,True,5,True,False,False,False,False,Imputed date; Imputed values,2247,0,0.0,2229.714285714286,2210.8571428571427,0.0,0
2025-10-11,0,40,0,2208,0,True,5,True,False,False,False,False,Imputed date; Imputed values,2248,0,0.044503782821547766,2235.0,2216.285714285714,0.0,0
2025-10-12,0,32,0,2215,0,True,5,True,False,False,False,False,Imputed date; Imputed values,2247,0,-0.04448398576512025,2240.5714285714284,2221.4285714285716,0.0,0
2025-10-13,8,24,7,2223,6,False,0,False,False,False,False,False,OK,2247,1,0.0,2244.4285714285716,2226.0,0.75,1
2025-10-14,7,30,16,2235,8,False,0,False,False,False,False,False,OK,2265,8,0.8010680907877266,2248.8571428571427,2231.285714285714,0.47058823529411764,2
2025-10-15,8,29,10,2225,15,False,0,False,False,False,False,False,OK,2254,-5,-0.4856512141280356,2250.714285714286,2235.4285714285716,1.3636363636363635,0
2025-10-16,9,33,15,2233,9,False,0,False,False,False,False,False,OK,2266,6,0.5323868677906018,2253.4285714285716,2239.0714285714284,0.5625,1
2025-10-17,0,33,0,2234,0,True,5,True,False,False,False,False,Imputed date; Imputed values,2267,0,0.044130626654892424,2256.285714285714,2243.0,0.0,0
2025-10-18,0,34,0,2236,0,True,5,True,False,False,False,False,Imputed date; Imputed values,2270,0,0.13233348037053894,2259.4285714285716,2247.214285714286,0.0,0
2025-10-19,9,34,17,2237,7,False,0,False,False,False,False,False,OK,2271,10,0.04405286343611703,2262.8571428571427,2251.714285714286,0.3888888888888889,1
2025-10-20,10,39,6,2243,7,False,0,False,False,False,False,False,OK,2282,-1,0.484368119771017,2267.8571428571427,2256.1428571428573,1.0,0
2025-10-21,13,39,17,2251,9,False,0,False,False,False,False,False,OK,2290,8,0.35056967572304476,2271.4285714285716,2260.1428571428573,0.5,1
2025-10-22,12,42,13,2261,12,False,0,False,False,False,False,False,OK,2303,1,0.5676855895196509,2278.4285714285716,2264.5714285714284,0.8571428571428571,2
2025-10-23,4,27,26,2266,18,False,0,False,False,False,False,False,OK,2293,8,-0.43421623968736833,2282.285714285714,2267.8571428571427,0.6666666666666666,3
2025-10-24,0,30,0,2269,0,True,5,True,False,False,False,False,Imputed date; Imputed values,2299,0,0.2616659398168242,2286.8571428571427,2271.5714285714284,0.0,0
2025-10-25,0,32,0,2273,0,True,5,True,False,False,False,False,Imputed date; Imputed values,2305,0,0.2609830361026466,2291.8571428571427,2275.6428571428573,0.0,0
2025-10-26,4,35,12,2276,10,False,0,False,False,False,False,False,OK,2311,2,0.2603036876355658,2297.5714285714284,2280.214285714286,0.7692307692307693,1
2025-10-27,2,31,8,2282,11,False,0,False,False,False,False,False,OK,2313,-3,0.08654262224145892,2302.0,2284.9285714285716,1.2222222222222223,0
2025-10-28,6,22,11,2286,6,False,0,False,False,False,False,False,OK,2308,5,-0.2161694768698652,2304.5714285714284,2288.0,0.5,1
2025-10-29,6,25,4,2280,17,False,0,False,False,False,False,False,OK,2305,-13,-0.12998266897746857,2304.8571428571427,2291.6428571428573,3.4,0
2025-10-30,3,17,14,2287,12,False,0,False,False,False,False,False,OK,2304,2,-0.04338394793925726,2306.4285714285716,2294.3571428571427,0.8,1
2025-10-31,0,18,0,2284,0,True,5,True,False,False,False,False,Imputed date; Imputed values,2302,0,-0.08680555555555802,2306.8571428571427,2296.8571428571427,0.0,0
2025-11-01,0,20,0,2280,0,True,5,True,False,False,False,False,Imputed date; Imputed values,2300,0,-0.08688097306689402,2306.1428571428573,2299.0,0.0,0
2025-11-02,5,21,10,2277,7,False,0,False,False,False,False,False,OK,2298,3,-0.08695652173913437,2304.285714285714,2300.9285714285716,0.6363636363636364,1
2025-11-03,3,28,5,2269,12,False,0,False,False,False,False,False,OK,2297,-7,-0.04351610095735259,2302.0,2302.0,2.0,0
2025-11-04,6,33,6,2270,8,False,0,False,False,False,False,False,OK,2303,-2,0.2612102742707956,2301.285714285714,2302.9285714285716,1.1428571428571428,0
2025-11-05,8,41,8,2272,7,False,0,False,False,False,False,False,OK,2313,1,0.43421623968735723,2302.4285714285716,2303.6428571428573,0.7777777777777778,1
2025-11-06,6,33,9,2264,19,False,0,False,False,False,False,False,OK,2297,-10,-0.6917423259835687,2301.4285714285716,2303.9285714285716,1.9,0
2025-11-07,0,33,0,2274,0,True,5,True,False,False,False,False,Imputed date; Imputed values,2307,0,0.4353504571179778,2302.1428571428573,2304.5,0.0,0
2025-11-08,0,33,0,2284,0,True,5,True,False,False,False,False,Imputed date; Imputed values,2317,0,0.4334633723450443,2304.5714285714284,2305.3571428571427,0.0,0
2025-11-09,11,33,5,2294,4,False,0,False,False,False,False,False,OK,2327,1,0.4315925766076756,2308.714285714286,2306.5,0.6666666666666666,1
2025-11-10,0,36,0,2294,0,True,5,True,False,False,False,False,Imputed date; Imputed values,2330,0,0.12892135797164528,2313.4285714285716,2307.714285714286,0.0,0
2025-11-11,11,39,12,2294,14,False,0,False,False,False,False,False,OK,2333,-2,0.12875536480687622,2317.714285714286,2309.5,1.0769230769230769,0
2025-11-12,14,48,20,2302,7,False,0,False,False,False,False,False,OK,2350,13,0.7286755250750065,2323.0,2312.714285714286,0.3333333333333333,1
2025-11-13,6,26,16,2317,5,False,0,False,False,False,False,False,OK,2343,11,-0.29787234042553123,2329.5714285714284,2315.5,0.29411764705882354,2
2025-11-14,0,25,0,2325,0,True,5,True,False,False,False,False,Imputed date; Imputed values,2350,0,0.2987622705932669,2335.714285714286,2318.9285714285716,0.0,0
2025-11-15,0,23,0,2332,0,True,5,True,False,False,False,False,Imputed date; Imputed values,2355,0,0.21276595744681437,2341.1428571428573,2322.8571428571427,0.0,0
2025-11-16,5,22,3,2340,5,False,0,False,False,False,False,False,OK,2362,-2,0.2972399150743099,2346.1428571428573,2327.4285714285716,1.25,0
2025-11-17,1,35,6,2343,8,False,0,False,False,False,False,False,OK,2378,-2,0.6773920406435208,2353.0,2333.214285714286,1.1428571428571428,0
2025-11-18,2,38,8,2345,12,False,0,False,False,False,False,False,OK,2383,-4,0.2102607232968845,2360.1428571428573,2338.9285714285716,1.3333333333333333,0
2025-11-19,7,32,3,2340,10,False,0,False,False,False,False,False,OK,2372,-7,-0.46160302140159093,2363.285714285714,2343.1428571428573,2.5,0
2025-11-20,18,57,8,2340,9,False,0,False,False,False,False,False,OK,2397,-1,1.0539629005059004,2371.0,2350.285714285714,1.0,0
2025-11-21,0,53,0,2352,0,True,5,True,False,False,False,False,Imputed date; Imputed values,2405,0,0.3337505214851877,2378.8571428571427,2357.285714285714,0.0,0
2025-11-22,0,50,0,2363,0,True,5,True,False,False,False,False,Imputed date; Imputed values,2413,0,0.33264033264033266,2387.1428571428573,2364.1428571428573,0.0,0
2025-11-23,3,46,22,2375,1,False,0,False,False,False,False,False,OK,2421,21,0.33153750518026825,2395.5714285714284,2370.8571428571427,0.043478260869565216,1
2025-11-24,9,40,9,2371,13,False,0,False,False,False,False,False,OK,2411,-4,-0.41305245766212195,2400.285714285714,2376.6428571428573,1.3,0
2025-11-25,6,47,14,2375,11,False,0,False,False,False,False,False,OK,2422,3,0.45624222314393226,2405.8571428571427,2383.0,0.7333333333333333,1
2025-11-26,0,36,0,2382,0,True,5,True,False,False,False,False,Imputed date; Imputed values,2418,0,-0.16515276630884035,2412.4285714285716,2387.8571428571427,0.0,0
2025-11-27,4,24,8,2389,7,False,0,False,False,False,False,False,OK,2413,1,-0.20678246484697738,2414.714285714286,2392.8571428571427,0.7777777777777778,1
2025-11-28,0,22,0,2398,0,True,5,True,False,False,False,False,Imputed date; Imputed values,2420,0,0.2900953170327458,2416.8571428571427,2397.8571428571427,0.0,0
2025-11-29,0,20,0,2406,0,True,5,True,False,False,False,False,Imputed date; Imputed values,2426,0,0.24793388429751317,2418.714285714286,2402.9285714285716,0.0,0
2025-11-30,4,18,10,2415,0,False,0,False,False,False,False,False,OK,2433,10,0.2885408079142726,2420.4285714285716,2408.0,0.0,1
2025-12-01,4,26,4,2410,9,False,0,False,False,False,False,False,OK,2436,-5,0.12330456226881115,2424.0,2412.1428571428573,1.8,0
2025-12-02,7,34,6,2407,8,False,0,False,False,False,False,False,OK,2441,-2,0.20525451559934016,2426.714285714286,2416.285714285714,1.1428571428571428,0
2025-12-03,4,32,8,2419,7,False,0,False,False,False,False,False,OK,2451,1,0.4096681687832948,2431.4285714285716,2421.9285714285716,0.7777777777777778,1
2025-12-04,16,39,7,2418,13,False,0,False,False,False,False,False,OK,2457,-6,0.244798041615657,2437.714285714286,2426.214285714286,1.625,0
2025-12-05,0,34,0,2422,0,True,5,True,False,False,False,False,Imputed date; Imputed values,2456,0,-0.040700040700036855,2442.8571428571427,2429.8571428571427,0.0,0
2025-12-06,0,29,0,2425,0,True,5,True,False,False,False,False,Imputed date; Imputed values,2454,0,-0.08143322475570036,2446.8571428571427,2432.785714285714,0.0,0
2025-12-07,4,24,13,2429,12,False,0,False,False,False,False,False,OK,2453,1,-0.04074979625101616,2449.714285714286,2435.0714285714284,0.8571428571428571,1
2025-12-08,9,27,9,2440,4,False,0,False,False,False,False,False,OK,2467,5,0.570729718711771,2454.1428571428573,2439.0714285714284,0.4,2
2025-12-09,4,30,7,2443,8,False,0,False,False,False,False,False,OK,2473,-1,0.2432103769760774,2458.714285714286,2442.714285714286,1.0,0
2025-12-10,10,54,5,2439,9,False,0,False,False,False,False,False,OK,2493,-4,0.8087343307723316,2464.714285714286,2448.0714285714284,1.5,0
2025-12-11,7,47,9,2437,10,False,0,False,False,False,False,False,OK,2484,-1,-0.3610108303249149,2468.5714285714284,2453.1428571428573,1.0,0
2025-12-12,0,43,0,2445,0,True,5,True,False,False,False,False,Imputed date; Imputed values,2488,0,0.16103059581320522,2473.1428571428573,2458.0,0.0,0
2025-12-13,0,39,0,2454,0,True,5,True,False,False,False,False,Imputed date; Imputed values,2493,0,0.2009646302250756,2478.714285714286,2462.785714285714,0.0,0
2025-12-14,8,35,4,2462,8,False,0,False,False,False,False,False,OK,2497,-4,0.16044925792217946,2485.0,2467.3571428571427,1.6,0
2025-12-15,11,42,9,2470,7,False,0,False,False,False,False,False,OK,2512,2,0.6007208650380402,2491.4285714285716,2472.785714285714,0.7,1
2025-12-16,8,54,15,2468,9,False,0,False,False,False,False,False,OK,2522,6,0.398089171974525,2498.4285714285716,2478.5714285714284,0.5625,2
2025-12-17,7,31,11,2481,10,False,0,False,False,False,False,False,OK,2512,1,-0.3965107057890549,2501.1428571428573,2482.9285714285716,0.8333333333333334,3
2025-12-18,11,50,6,2472,16,False,0,False,False,False,False,False,OK,2522,-10,0.398089171974525,2506.5714285714284,2487.5714285714284,2.2857142857142856,0
2025-12-19,0,39,0,2476,0,True,5,True,False,False,False,False,Imputed date; Imputed values,2515,0,-0.2775574940523384,2510.4285714285716,2491.785714285714,0.0,0
2025-12-20,0,29,0,2480,0,True,5,True,False,False,False,False,Imputed date; Imputed values,2509,0,-0.23856858846919016,2512.714285714286,2495.714285714286,0.0,0
2025-12-21,6,18,11,2484,14,False,0,False,False,False,False,False,OK,2502,-3,-0.2789956157831841,2513.4285714285716,2499.214285714286,1.1666666666666667,0
