forecast_origin_date,target_date,actual_value,current_load,model_name,predicted_change_7d,reconstructed_absolute_prediction,persistence_prediction,lower_interval,median_prediction,upper_interval,evaluation_label,fold,is_imputed_date,has_anomaly,backlog_state,capacity_stress
2024-08-01,2024-08-08,6314.0,6314.0,catboost,57.73999982699752,6371.7399998269975,6314.0,6164.527561456626,6391.77898065,6812.604788029596,development_oof,1,False,False,True,False
2024-08-01,2024-08-08,6314.0,6314.0,elastic_net,472.28154635473857,6786.281546354739,6314.0,6164.527561456626,6391.77898065,6812.604788029596,development_oof,1,False,False,True,False
2024-08-01,2024-08-08,6314.0,6314.0,ets,214.88473449007597,6528.884734490076,6314.0,6164.527561456626,6391.77898065,6812.604788029596,development_oof,1,False,False,True,False
2024-08-01,2024-08-08,6314.0,6314.0,lightgbm,96.08583287822876,6410.085832878229,6314.0,6164.527561456626,6391.77898065,6812.604788029596,development_oof,1,False,False,True,False
2024-08-01,2024-08-08,6314.0,6314.0,persistence,0.0,6314.0,6314.0,6164.527561456626,6391.77898065,6812.604788029596,development_oof,1,False,False,True,False
2024-08-01,2024-08-08,6314.0,6314.0,ridge,414.26524746750147,6728.2652474675015,6314.0,6164.527561456626,6391.77898065,6812.604788029596,development_oof,1,False,False,True,False
2024-08-01,2024-08-08,6314.0,6314.0,sarimax,-13.99308703515635,6300.006912964844,6314.0,6164.527561456626,6391.77898065,6812.604788029596,development_oof,1,False,False,True,False
2024-08-01,2024-08-08,6314.0,6314.0,seven_day_drift,162.0,6476.0,6314.0,6164.527561456626,6391.77898065,6812.604788029596,development_oof,1,False,False,True,False
2024-08-01,2024-08-08,6314.0,6314.0,validation_weighted_ensemble,120.29599993079864,6434.295999930799,6314.0,6164.527561456626,6391.77898065,6812.604788029596,development_oof,1,False,False,True,False
2024-08-01,2024-08-08,6314.0,6314.0,xgboost,94.51258850097656,6408.512588500977,6314.0,6164.527561456626,6391.77898065,6812.604788029596,development_oof,1,False,False,True,False
2024-08-02,2024-08-09,6245.0,6246.0,catboost,52.21999995037913,6298.219999950379,6246.0,6121.577398783733,6323.77898065,6731.019152331561,development_oof,1,True,False,False,False
2024-08-02,2024-08-09,6245.0,6246.0,elastic_net,487.78237988971796,6733.782379889718,6246.0,6121.577398783733,6323.77898065,6731.019152331561,development_oof,1,True,False,False,False
2024-08-02,2024-08-09,6245.0,6246.0,ets,222.73800487221888,6468.738004872219,6246.0,6121.577398783733,6323.77898065,6731.019152331561,development_oof,1,True,False,False,False
2024-08-02,2024-08-09,6245.0,6246.0,lightgbm,96.08583287822876,6342.085832878229,6246.0,6121.577398783733,6323.77898065,6731.019152331561,development_oof,1,True,False,False,False
2024-08-02,2024-08-09,6245.0,6246.0,persistence,0.0,6246.0,6246.0,6121.577398783733,6323.77898065,6731.019152331561,development_oof,1,True,False,False,False
2024-08-02,2024-08-09,6245.0,6246.0,ridge,425.2254165781633,6671.225416578163,6246.0,6121.577398783733,6323.77898065,6731.019152331561,development_oof,1,True,False,False,False
2024-08-02,2024-08-09,6245.0,6246.0,sarimax,-24.030402080050408,6221.96959791995,6246.0,6121.577398783733,6323.77898065,6731.019152331561,development_oof,1,True,False,False,False
2024-08-02,2024-08-09,6245.0,6246.0,seven_day_drift,133.0,6379.0,6246.0,6121.577398783733,6323.77898065,6731.019152331561,development_oof,1,True,False,False,False
2024-08-02,2024-08-09,6245.0,6246.0,validation_weighted_ensemble,100.68799998015129,6346.687999980151,6246.0,6121.577398783733,6323.77898065,6731.019152331561,development_oof,1,True,False,False,False
2024-08-02,2024-08-09,6245.0,6246.0,xgboost,94.51258850097656,6340.512588500977,6246.0,6121.577398783733,6323.77898065,6731.019152331561,development_oof,1,True,False,False,False
2024-08-03,2024-08-10,6174.0,6178.0,catboost,52.21999995037913,6230.219999950379,6178.0,6046.357718775573,6255.77898065,6663.019152331561,development_oof,1,True,False,False,False
2024-08-03,2024-08-10,6174.0,6178.0,elastic_net,458.08908899356993,6636.08908899357,6178.0,6046.357718775573,6255.77898065,6663.019152331561,development_oof,1,True,False,False,False
2024-08-03,2024-08-10,6174.0,6178.0,ets,229.0206211779332,6407.020621177933,6178.0,6046.357718775573,6255.77898065,6663.019152331561,development_oof,1,True,False,False,False
2024-08-03,2024-08-10,6174.0,6178.0,lightgbm,85.78752759730014,6263.7875275973,6178.0,6046.357718775573,6255.77898065,6663.019152331561,development_oof,1,True,False,False,False
2024-08-03,2024-08-10,6174.0,6178.0,persistence,0.0,6178.0,6178.0,6046.357718775573,6255.77898065,6663.019152331561,development_oof,1,True,False,False,False
2024-08-03,2024-08-10,6174.0,6178.0,ridge,406.10304488084876,6584.103044880849,6178.0,6046.357718775573,6255.77898065,6663.019152331561,development_oof,1,True,False,False,False
2024-08-03,2024-08-10,6174.0,6178.0,sarimax,-33.21047513631129,6144.789524863689,6178.0,6046.357718775573,6255.77898065,6663.019152331561,development_oof,1,True,False,False,False
2024-08-03,2024-08-10,6174.0,6178.0,seven_day_drift,106.0,6284.0,6178.0,6046.357718775573,6255.77898065,6663.019152331561,development_oof,1,True,False,False,False
2024-08-03,2024-08-10,6174.0,6178.0,validation_weighted_ensemble,84.48799998015147,6262.4879999801515,6178.0,6046.357718775573,6255.77898065,6663.019152331561,development_oof,1,True,False,False,False
2024-08-03,2024-08-10,6174.0,6178.0,xgboost,87.97465515136719,6265.974655151367,6178.0,6046.357718775573,6255.77898065,6663.019152331561,development_oof,1,True,False,False,False
2024-08-04,2024-08-11,6105.0,6110.0,catboost,52.21999995037913,6162.219999950379,6110.0,5992.065537173384,6187.77898065,6595.019152331561,development_oof,1,False,False,False,False
2024-08-04,2024-08-11,6105.0,6110.0,elastic_net,440.4556745038326,6550.455674503833,6110.0,5992.065537173384,6187.77898065,6595.019152331561,development_oof,1,False,False,False,False
2024-08-04,2024-08-11,6105.0,6110.0,ets,234.0467142225043,6344.046714222504,6110.0,5992.065537173384,6187.77898065,6595.019152331561,development_oof,1,False,False,False,False
2024-08-04,2024-08-11,6105.0,6110.0,lightgbm,85.78752759730014,6195.7875275973,6110.0,5992.065537173384,6187.77898065,6595.019152331561,development_oof,1,False,False,False,False
2024-08-04,2024-08-11,6105.0,6110.0,persistence,0.0,6110.0,6110.0,5992.065537173384,6187.77898065,6595.019152331561,development_oof,1,False,False,False,False
2024-08-04,2024-08-11,6105.0,6110.0,ridge,379.41886474625153,6489.4188647462515,6110.0,5992.065537173384,6187.77898065,6595.019152331561,development_oof,1,False,False,False,False
2024-08-04,2024-08-11,6105.0,6110.0,sarimax,-41.717575874678914,6068.282424125321,6110.0,5992.065537173384,6187.77898065,6595.019152331561,development_oof,1,False,False,False,False
2024-08-04,2024-08-11,6105.0,6110.0,seven_day_drift,77.0,6187.0,6110.0,5992.065537173384,6187.77898065,6595.019152331561,development_oof,1,False,False,False,False
2024-08-04,2024-08-11,6105.0,6110.0,validation_weighted_ensemble,67.08799998015184,6177.087999980152,6110.0,5992.065537173384,6187.77898065,6595.019152331561,development_oof,1,False,False,False,False
2024-08-04,2024-08-11,6105.0,6110.0,xgboost,87.97465515136719,6197.974655151367,6110.0,5992.065537173384,6187.77898065,6595.019152331561,development_oof,1,False,False,False,False
2024-08-05,2024-08-12,6122.0,6209.0,catboost,57.73999982699752,6266.7399998269975,6209.0,6112.720289921185,6286.77898065,6707.604788029596,development_oof,1,False,False,False,False
2024-08-05,2024-08-12,6122.0,6209.0,elastic_net,443.52053201977833,6652.520532019778,6209.0,6112.720289921185,6286.77898065,6707.604788029596,development_oof,1,False,False,False,False
2024-08-05,2024-08-12,6122.0,6209.0,ets,238.0675886581621,6447.067588658162,6209.0,6112.720289921185,6286.77898065,6707.604788029596,development_oof,1,False,False,False,False
2024-08-05,2024-08-12,6122.0,6209.0,lightgbm,96.08583287822876,6305.085832878229,6209.0,6112.720289921185,6286.77898065,6707.604788029596,development_oof,1,False,False,False,False
2024-08-05,2024-08-12,6122.0,6209.0,persistence,0.0,6209.0,6209.0,6112.720289921185,6286.77898065,6707.604788029596,development_oof,1,False,False,False,False
2024-08-05,2024-08-12,6122.0,6209.0,ridge,408.23261120601273,6617.232611206013,6209.0,6112.720289921185,6286.77898065,6707.604788029596,development_oof,1,False,False,False,False
2024-08-05,2024-08-12,6122.0,6209.0,sarimax,-48.369710853587094,6160.630289146413,6209.0,6112.720289921185,6286.77898065,6707.604788029596,development_oof,1,False,False,False,False
2024-08-05,2024-08-12,6122.0,6209.0,seven_day_drift,180.0,6389.0,6209.0,6112.720289921185,6286.77898065,6707.604788029596,development_oof,1,False,False,False,False
2024-08-05,2024-08-12,6122.0,6209.0,validation_weighted_ensemble,131.09599993079883,6340.095999930799,6209.0,6112.720289921185,6286.77898065,6707.604788029596,development_oof,1,False,False,False,False
2024-08-05,2024-08-12,6122.0,6209.0,xgboost,94.51258850097656,6303.512588500977,6209.0,6112.720289921185,6286.77898065,6707.604788029596,development_oof,1,False,False,False,False
2024-08-06,2024-08-13,6220.0,6281.0,catboost,61.639999739825726,6342.639999739826,6281.0,6180.742964851741,6358.77898065,6779.604788029596,development_oof,1,False,False,True,False
2024-08-06,2024-08-13,6220.0,6281.0,elastic_net,398.03870357046344,6679.038703570463,6281.0,6180.742964851741,6358.77898065,6779.604788029596,development_oof,1,False,False,True,False
2024-08-06,2024-08-13,6220.0,6281.0,ets,241.28428820668796,6522.284288206688,6281.0,6180.742964851741,6358.77898065,6779.604788029596,development_oof,1,False,False,True,False
2024-08-06,2024-08-13,6220.0,6281.0,lightgbm,93.4588491282293,6374.458849128229,6281.0,6180.742964851741,6358.77898065,6779.604788029596,development_oof,1,False,False,True,False
2024-08-06,2024-08-13,6220.0,6281.0,persistence,0.0,6281.0,6281.0,6180.742964851741,6358.77898065,6779.604788029596,development_oof,1,False,False,True,False
2024-08-06,2024-08-13,6220.0,6281.0,ridge,364.38851510954646,6645.3885151095465,6281.0,6180.742964851741,6358.77898065,6779.604788029596,development_oof,1,False,False,True,False
2024-08-06,2024-08-13,6220.0,6281.0,sarimax,-55.382280150858605,6225.617719849141,6281.0,6180.742964851741,6358.77898065,6779.604788029596,development_oof,1,False,False,True,False
2024-08-06,2024-08-13,6220.0,6281.0,seven_day_drift,148.0,6429.0,6281.0,6180.742964851741,6358.77898065,6779.604788029596,development_oof,1,False,False,True,False
2024-08-06,2024-08-13,6220.0,6281.0,validation_weighted_ensemble,113.45599989593029,6394.45599989593,6281.0,6180.742964851741,6358.77898065,6779.604788029596,development_oof,1,False,False,True,False
2024-08-06,2024-08-13,6220.0,6281.0,xgboost,79.69183349609375,6360.691833496094,6281.0,6180.742964851741,6358.77898065,6779.604788029596,development_oof,1,False,False,True,False
2024-08-07,2024-08-14,6213.0,6311.0,catboost,61.639999739825726,6372.639999739826,6311.0,6189.9414604678705,6388.77898065,6817.004967726814,development_oof,1,False,False,True,False
2024-08-07,2024-08-14,6213.0,6311.0,elastic_net,427.2083782985328,6738.208378298533,6311.0,6189.9414604678705,6388.77898065,6817.004967726814,development_oof,1,False,False,True,False
2024-08-07,2024-08-14,6213.0,6311.0,ets,243.85764784550793,6554.857647845508,6311.0,6189.9414604678705,6388.77898065,6817.004967726814,development_oof,1,False,False,True,False
2024-08-07,2024-08-14,6213.0,6311.0,lightgbm,75.12054384730072,6386.120543847301,6311.0,6189.9414604678705,6388.77898065,6817.004967726814,development_oof,1,False,False,True,False
2024-08-07,2024-08-14,6213.0,6311.0,persistence,0.0,6311.0,6311.0,6189.9414604678705,6388.77898065,6817.004967726814,development_oof,1,False,False,True,False
2024-08-07,2024-08-14,6213.0,6311.0,ridge,379.0308439813889,6690.030843981389,6311.0,6189.9414604678705,6388.77898065,6817.004967726814,development_oof,1,False,False,True,False
2024-08-07,2024-08-14,6213.0,6311.0,sarimax,-62.41892913271113,6248.581070867289,6311.0,6189.9414604678705,6388.77898065,6817.004967726814,development_oof,1,False,False,True,False
2024-08-07,2024-08-14,6213.0,6311.0,seven_day_drift,87.0,6398.0,6311.0,6189.9414604678705,6388.77898065,6817.004967726814,development_oof,1,False,False,True,False
2024-08-07,2024-08-14,6213.0,6311.0,validation_weighted_ensemble,76.85599989592993,6387.85599989593,6311.0,6189.9414604678705,6388.77898065,6817.004967726814,development_oof,1,False,False,True,False
2024-08-07,2024-08-14,6213.0,6311.0,xgboost,63.204410552978516,6374.2044105529785,6311.0,6189.9414604678705,6388.77898065,6817.004967726814,development_oof,1,False,False,True,False
2024-08-08,2024-08-15,6136.0,6314.0,catboost,57.73999982699752,6371.7399998269975,6314.0,6199.711131856502,6370.70833065,6809.816151787251,development_oof,1,False,False,True,False
2024-08-08,2024-08-15,6136.0,6314.0,elastic_net,459.69801091194404,6773.698010911944,6314.0,6199.711131856502,6370.70833065,6809.816151787251,development_oof,1,False,False,True,False
2024-08-08,2024-08-15,6136.0,6314.0,ets,245.91633555656426,6559.916335556564,6314.0,6199.711131856502,6370.70833065,6809.816151787251,development_oof,1,False,False,True,False
2024-08-08,2024-08-15,6136.0,6314.0,lightgbm,76.72034361801343,6390.720343618013,6314.0,6199.711131856502,6370.70833065,6809.816151787251,development_oof,1,False,False,True,False
2024-08-08,2024-08-15,6136.0,6314.0,persistence,0.0,6314.0,6314.0,6199.711131856502,6370.70833065,6809.816151787251,development_oof,1,False,False,True,False
2024-08-08,2024-08-15,6136.0,6314.0,ridge,411.9624262473526,6725.962426247353,6314.0,6199.711131856502,6370.70833065,6809.816151787251,development_oof,1,False,False,True,False
2024-08-08,2024-08-15,6136.0,6314.0,sarimax,-68.2421169806048,6245.757883019395,6314.0,6199.711131856502,6370.70833065,6809.816151787251,development_oof,1,False,False,True,False
2024-08-08,2024-08-15,6136.0,6314.0,seven_day_drift,0.0,6314.0,6314.0,6199.711131856502,6370.70833065,6809.816151787251,development_oof,1,False,False,True,False
2024-08-08,2024-08-15,6136.0,6314.0,validation_weighted_ensemble,23.095999930798826,6337.095999930799,6314.0,6199.711131856502,6370.70833065,6809.816151787251,development_oof,1,False,False,True,False
2024-08-08,2024-08-15,6136.0,6314.0,xgboost,66.1492919921875,6380.1492919921875,6314.0,6199.711131856502,6370.70833065,6809.816151787251,development_oof,1,False,False,True,False
2024-08-09,2024-08-16,6112.0,6245.0,catboost,52.21999995037913,6297.219999950379,6245.0,6111.380452636606,6289.168723815,6730.019152331561,development_oof,1,True,False,False,False
2024-08-09,2024-08-16,6112.0,6245.0,elastic_net,420.8469261355931,6665.846926135593,6245.0,6111.380452636606,6289.168723815,6730.019152331561,development_oof,1,True,False,False,False
2024-08-09,2024-08-16,6112.0,6245.0,ets,247.56328572540951,6492.5632857254095,6245.0,6111.380452636606,6289.168723815,6730.019152331561,development_oof,1,True,False,False,False
2024-08-09,2024-08-16,6112.0,6245.0,lightgbm,69.26009361801334,6314.260093618013,6245.0,6111.380452636606,6289.168723815,6730.019152331561,development_oof,1,True,False,False,False
2024-08-09,2024-08-16,6112.0,6245.0,persistence,0.0,6245.0,6245.0,6111.380452636606,6289.168723815,6730.019152331561,development_oof,1,True,False,False,False
2024-08-09,2024-08-16,6112.0,6245.0,ridge,371.2963603524331,6616.296360352433,6245.0,6111.380452636606,6289.168723815,6730.019152331561,development_oof,1,True,False,False,False
2024-08-09,2024-08-16,6112.0,6245.0,sarimax,-73.59881957849029,6171.40118042151,6245.0,6111.380452636606,6289.168723815,6730.019152331561,development_oof,1,True,False,False,False
2024-08-09,2024-08-16,6112.0,6245.0,seven_day_drift,-1.0,6244.0,6245.0,6111.380452636606,6289.168723815,6730.019152331561,development_oof,1,True,False,False,False
2024-08-09,2024-08-16,6112.0,6245.0,validation_weighted_ensemble,20.287999980151653,6265.287999980152,6245.0,6111.380452636606,6289.168723815,6730.019152331561,development_oof,1,True,False,False,False
2024-08-09,2024-08-16,6112.0,6245.0,xgboost,55.64223861694336,6300.642238616943,6245.0,6111.380452636606,6289.168723815,6730.019152331561,development_oof,1,True,False,False,False
2024-08-10,2024-08-17,6089.0,6174.0,catboost,42.83000016026199,6216.830000160262,6174.0,6028.266543081001,6218.168723815,6659.019152331561,development_oof,1,True,False,False,False
2024-08-10,2024-08-17,6089.0,6174.0,elastic_net,360.60468623735414,6534.604686237354,6174.0,6028.266543081001,6218.168723815,6659.019152331561,development_oof,1,True,False,False,False
2024-08-10,2024-08-17,6089.0,6174.0,ets,248.88084586048626,6422.880845860486,6174.0,6028.266543081001,6218.168723815,6659.019152331561,development_oof,1,True,False,False,False
2024-08-10,2024-08-17,6089.0,6174.0,lightgbm,69.26009361801334,6243.260093618013,6174.0,6028.266543081001,6218.168723815,6659.019152331561,development_oof,1,True,False,False,False
2024-08-10,2024-08-17,6089.0,6174.0,persistence,0.0,6174.0,6174.0,6028.266543081001,6218.168723815,6659.019152331561,development_oof,1,True,False,False,False
2024-08-10,2024-08-17,6089.0,6174.0,ridge,331.92902137906094,6505.929021379061,6174.0,6028.266543081001,6218.168723815,6659.019152331561,development_oof,1,True,False,False,False
2024-08-10,2024-08-17,6089.0,6174.0,sarimax,-78.49654807395746,6095.5034519260425,6174.0,6028.266543081001,6218.168723815,6659.019152331561,development_oof,1,True,False,False,False
2024-08-10,2024-08-17,6089.0,6174.0,seven_day_drift,-4.0,6170.0,6174.0,6028.266543081001,6218.168723815,6659.019152331561,development_oof,1,True,False,False,False
2024-08-10,2024-08-17,6089.0,6174.0,validation_weighted_ensemble,14.732000064104795,6188.732000064105,6174.0,6028.266543081001,6218.168723815,6659.019152331561,development_oof,1,True,False,False,False
2024-08-10,2024-08-17,6089.0,6174.0,xgboost,50.167240142822266,6224.167240142822,6174.0,6028.266543081001,6218.168723815,6659.019152331561,development_oof,1,True,False,False,False
2024-08-11,2024-08-18,6065.0,6105.0,catboost,42.83000016026199,6147.830000160262,6105.0,5958.938938257388,6149.168723815,6590.019152331561,development_oof,1,False,False,False,False
2024-08-11,2024-08-18,6065.0,6105.0,elastic_net,325.01520052575233,6430.015200525752,6105.0,5958.938938257388,6149.168723815,6590.019152331561,development_oof,1,False,False,False,False
2024-08-11,2024-08-18,6065.0,6105.0,ets,249.93489396854693,6354.934893968547,6105.0,5958.938938257388,6149.168723815,6590.019152331561,development_oof,1,False,False,False,False
2024-08-11,2024-08-18,6065.0,6105.0,lightgbm,61.22009361801338,6166.220093618013,6105.0,5958.938938257388,6149.168723815,6590.019152331561,development_oof,1,False,False,False,False
2024-08-11,2024-08-18,6065.0,6105.0,persistence,0.0,6105.0,6105.0,5958.938938257388,6149.168723815,6590.019152331561,development_oof,1,False,False,False,False
2024-08-11,2024-08-18,6065.0,6105.0,ridge,287.0161984664537,6392.016198466454,6105.0,5958.938938257388,6149.168723815,6590.019152331561,development_oof,1,False,False,False,False
2024-08-11,2024-08-18,6065.0,6105.0,sarimax,-82.97973712219755,6022.020262877802,6105.0,5958.938938257388,6149.168723815,6590.019152331561,development_oof,1,False,False,False,False
2024-08-11,2024-08-18,6065.0,6105.0,seven_day_drift,-5.0,6100.0,6105.0,5958.938938257388,6149.168723815,6590.019152331561,development_oof,1,False,False,False,False
2024-08-11,2024-08-18,6065.0,6105.0,validation_weighted_ensemble,14.132000064105341,6119.132000064105,6105.0,5958.938938257388,6149.168723815,6590.019152331561,development_oof,1,False,False,False,False
2024-08-11,2024-08-18,6065.0,6105.0,xgboost,44.2945671081543,6149.294567108154,6105.0,5958.938938257388,6149.168723815,6590.019152331561,development_oof,1,False,False,False,False
2024-08-12,2024-08-19,6119.0,6122.0,catboost,42.50000016763806,6164.500000167638,6122.0,5905.8561770404995,6166.168723815,6628.004967726814,development_oof,1,False,False,True,False
2024-08-12,2024-08-19,6119.0,6122.0,elastic_net,351.4956658908941,6473.495665890894,6122.0,5905.8561770404995,6166.168723815,6628.004967726814,development_oof,1,False,False,True,False
2024-08-12,2024-08-19,6119.0,6122.0,ets,250.778132454996,6372.778132454996,6122.0,5905.8561770404995,6166.168723815,6628.004967726814,development_oof,1,False,False,True,False
2024-08-12,2024-08-19,6119.0,6122.0,lightgbm,50.23152807051338,6172.231528070513,6122.0,5905.8561770404995,6166.168723815,6628.004967726814,development_oof,1,False,False,True,False
2024-08-12,2024-08-19,6119.0,6122.0,persistence,0.0,6122.0,6122.0,5905.8561770404995,6166.168723815,6628.004967726814,development_oof,1,False,False,True,False
2024-08-12,2024-08-19,6119.0,6122.0,ridge,305.47123661816477,6427.471236618165,6122.0,5905.8561770404995,6166.168723815,6628.004967726814,development_oof,1,False,False,True,False
2024-08-12,2024-08-19,6119.0,6122.0,sarimax,-87.05361524543059,6034.946384754569,6122.0,5905.8561770404995,6166.168723815,6628.004967726814,development_oof,1,False,False,True,False
2024-08-12,2024-08-19,6119.0,6122.0,seven_day_drift,-87.0,6035.0,6122.0,5905.8561770404995,6166.168723815,6628.004967726814,development_oof,1,False,False,True,False
2024-08-12,2024-08-19,6119.0,6122.0,validation_weighted_ensemble,-35.19999993294459,6086.800000067055,6122.0,5905.8561770404995,6166.168723815,6628.004967726814,development_oof,1,False,False,True,False
2024-08-12,2024-08-19,6119.0,6122.0,xgboost,56.21158218383789,6178.211582183838,6122.0,5905.8561770404995,6166.168723815,6628.004967726814,development_oof,1,False,False,True,False
2024-08-13,2024-08-20,6269.0,6220.0,catboost,42.50000016763806,6262.500000167638,6220.0,5997.3950656932875,6229.535006315,6718.604788029596,development_oof,1,False,False,True,False
2024-08-13,2024-08-20,6269.0,6220.0,elastic_net,435.2383775625558,6655.238377562556,6220.0,5997.3950656932875,6229.535006315,6718.604788029596,development_oof,1,False,False,True,False
2024-08-13,2024-08-20,6269.0,6220.0,ets,251.45272324415419,6471.452723244154,6220.0,5997.3950656932875,6229.535006315,6718.604788029596,development_oof,1,False,False,True,False
2024-08-13,2024-08-20,6269.0,6220.0,lightgbm,-13.101384061855242,6206.898615938145,6220.0,5997.3950656932875,6229.535006315,6718.604788029596,development_oof,1,False,False,True,False
2024-08-13,2024-08-20,6269.0,6220.0,persistence,0.0,6220.0,6220.0,5997.3950656932875,6229.535006315,6718.604788029596,development_oof,1,False,False,True,False
2024-08-13,2024-08-20,6269.0,6220.0,ridge,375.22012123344666,6595.220121233447,6220.0,5997.3950656932875,6229.535006315,6718.604788029596,development_oof,1,False,False,True,False
2024-08-13,2024-08-20,6269.0,6220.0,sarimax,-90.80868622037451,6129.1913137796255,6220.0,5997.3950656932875,6229.535006315,6718.604788029596,development_oof,1,False,False,True,False
2024-08-13,2024-08-20,6269.0,6220.0,seven_day_drift,-61.0,6159.0,6220.0,5997.3950656932875,6229.535006315,6718.604788029596,development_oof,1,False,False,True,False
2024-08-13,2024-08-20,6269.0,6220.0,validation_weighted_ensemble,-19.59999993294514,6200.400000067055,6220.0,5997.3950656932875,6229.535006315,6718.604788029596,development_oof,1,False,False,True,False
2024-08-13,2024-08-20,6269.0,6220.0,xgboost,27.251874923706055,6247.251874923706,6220.0,5997.3950656932875,6229.535006315,6718.604788029596,development_oof,1,False,False,True,False
2024-08-14,2024-08-21,6273.0,6213.0,catboost,41.51000018976629,6254.510000189766,6213.0,5959.036443423718,6245.483723815,6708.816151787251,development_oof,1,False,False,True,False
2024-08-14,2024-08-21,6273.0,6213.0,elastic_net,353.00576042780267,6566.005760427803,6213.0,5959.036443423718,6245.483723815,6708.816151787251,development_oof,1,False,False,True,False
2024-08-14,2024-08-21,6273.0,6213.0,ets,251.99239587548163,6464.992395875482,6213.0,5959.036443423718,6245.483723815,6708.816151787251,development_oof,1,False,False,True,False
2024-08-14,2024-08-21,6273.0,6213.0,lightgbm,12.854560964194206,6225.854560964194,6213.0,5959.036443423718,6245.483723815,6708.816151787251,development_oof,1,False,False,True,False
2024-08-14,2024-08-21,6273.0,6213.0,persistence,0.0,6213.0,6213.0,5959.036443423718,6245.483723815,6708.816151787251,development_oof,1,False,False,True,False
2024-08-14,2024-08-21,6273.0,6213.0,ridge,293.1453828676222,6506.145382867622,6213.0,5959.036443423718,6245.483723815,6708.816151787251,development_oof,1,False,False,True,False
2024-08-14,2024-08-21,6273.0,6213.0,sarimax,-94.26597370241689,6118.734026297583,6213.0,5959.036443423718,6245.483723815,6708.816151787251,development_oof,1,False,False,True,False
2024-08-14,2024-08-21,6273.0,6213.0,seven_day_drift,-98.0,6115.0,6213.0,5959.036443423718,6245.483723815,6708.816151787251,development_oof,1,False,False,True,False
2024-08-14,2024-08-21,6273.0,6213.0,validation_weighted_ensemble,-42.195999924093485,6170.8040000759065,6213.0,5959.036443423718,6245.483723815,6708.816151787251,development_oof,1,False,False,True,False
2024-08-14,2024-08-21,6273.0,6213.0,xgboost,32.03278732299805,6245.032787322998,6213.0,5959.036443423718,6245.483723815,6708.816151787251,development_oof,1,False,False,True,False
2024-08-15,2024-08-22,6361.0,6136.0,catboost,42.83000016026199,6178.830000160262,6136.0,5851.844167166725,6180.168723815,6621.019152331561,development_oof,1,False,False,False,False
2024-08-15,2024-08-22,6361.0,6136.0,elastic_net,373.7887557649656,6509.788755764966,6136.0,5851.844167166725,6180.168723815,6621.019152331561,development_oof,1,False,False,False,False
2024-08-15,2024-08-22,6361.0,6136.0,ets,252.42413398054396,6388.424133980544,6136.0,5851.844167166725,6180.168723815,6621.019152331561,development_oof,1,False,False,False,False
2024-08-15,2024-08-22,6361.0,6136.0,lightgbm,41.96188994169461,6177.961889941695,6136.0,5851.844167166725,6180.168723815,6621.019152331561,development_oof,1,False,False,False,False
2024-08-15,2024-08-22,6361.0,6136.0,persistence,0.0,6136.0,6136.0,5851.844167166725,6180.168723815,6621.019152331561,development_oof,1,False,False,False,False
2024-08-15,2024-08-22,6361.0,6136.0,ridge,302.229677412367,6438.229677412367,6136.0,5851.844167166725,6180.168723815,6621.019152331561,development_oof,1,False,False,False,False
2024-08-15,2024-08-22,6361.0,6136.0,sarimax,-97.42030981868447,6038.5796901813155,6136.0,5851.844167166725,6180.168723815,6621.019152331561,development_oof,1,False,False,False,False
2024-08-15,2024-08-22,6361.0,6136.0,seven_day_drift,-178.0,5958.0,6136.0,5851.844167166725,6180.168723815,6621.019152331561,development_oof,1,False,False,False,False
2024-08-15,2024-08-22,6361.0,6136.0,validation_weighted_ensemble,-89.66799993589575,6046.332000064104,6136.0,5851.844167166725,6180.168723815,6621.019152331561,development_oof,1,False,False,False,False
2024-08-15,2024-08-22,6361.0,6136.0,xgboost,36.00826644897461,6172.008266448975,6136.0,5851.844167166725,6180.168723815,6621.019152331561,development_oof,1,False,False,False,False
2024-08-16,2024-08-23,6377.0,6112.0,catboost,61.639999739825726,6173.639999739826,6112.0,5865.287989352378,6156.168723815,6597.019152331561,development_oof,1,True,False,False,False
2024-08-16,2024-08-23,6377.0,6112.0,elastic_net,416.7199426306397,6528.71994263064,6112.0,5865.287989352378,6156.168723815,6597.019152331561,development_oof,1,True,False,False,False
2024-08-16,2024-08-23,6377.0,6112.0,ets,252.7695244645929,6364.769524464593,6112.0,5865.287989352378,6156.168723815,6597.019152331561,development_oof,1,True,False,False,False
2024-08-16,2024-08-23,6377.0,6112.0,lightgbm,60.935093618013525,6172.9350936180135,6112.0,5865.287989352378,6156.168723815,6597.019152331561,development_oof,1,True,False,False,False
2024-08-16,2024-08-23,6377.0,6112.0,persistence,0.0,6112.0,6112.0,5865.287989352378,6156.168723815,6597.019152331561,development_oof,1,True,False,False,False
2024-08-16,2024-08-23,6377.0,6112.0,ridge,342.50156249328757,6454.501562493288,6112.0,5865.287989352378,6156.168723815,6597.019152331561,development_oof,1,True,False,False,False
2024-08-16,2024-08-23,6377.0,6112.0,sarimax,-100.3157904850923,6011.684209514908,6112.0,5865.287989352378,6156.168723815,6597.019152331561,development_oof,1,True,False,False,False
2024-08-16,2024-08-23,6377.0,6112.0,seven_day_drift,-133.0,5979.0,6112.0,5865.287989352378,6156.168723815,6597.019152331561,development_oof,1,True,False,False,False
2024-08-16,2024-08-23,6377.0,6112.0,validation_weighted_ensemble,-55.144000104069164,6056.855999895931,6112.0,5865.287989352378,6156.168723815,6597.019152331561,development_oof,1,True,False,False,False
2024-08-16,2024-08-23,6377.0,6112.0,xgboost,40.229530334472656,6152.229530334473,6112.0,5865.287989352378,6156.168723815,6597.019152331561,development_oof,1,True,False,False,False
2024-08-17,2024-08-24,6391.0,6089.0,catboost,57.73999982699752,6146.7399998269975,6089.0,5874.586680534849,6133.168723815,6574.019152331561,development_oof,1,True,False,False,False
2024-08-17,2024-08-24,6391.0,6089.0,elastic_net,429.2220421569409,6518.222042156941,6089.0,5874.586680534849,6133.168723815,6574.019152331561,development_oof,1,True,False,False,False
2024-08-17,2024-08-24,6391.0,6089.0,ets,253.04583685183206,6342.045836851832,6089.0,5874.586680534849,6133.168723815,6574.019152331561,development_oof,1,True,False,False,False
2024-08-17,2024-08-24,6391.0,6089.0,lightgbm,60.935093618013525,6149.9350936180135,6089.0,5874.586680534849,6133.168723815,6574.019152331561,development_oof,1,True,False,False,False
2024-08-17,2024-08-24,6391.0,6089.0,persistence,0.0,6089.0,6089.0,5874.586680534849,6133.168723815,6574.019152331561,development_oof,1,True,False,False,False
2024-08-17,2024-08-24,6391.0,6089.0,ridge,365.64143344756394,6454.641433447564,6089.0,5874.586680534849,6133.168723815,6574.019152331561,development_oof,1,True,False,False,False
2024-08-17,2024-08-24,6391.0,6089.0,sarimax,-102.97500361373204,5986.024996386268,6089.0,5874.586680534849,6133.168723815,6574.019152331561,development_oof,1,True,False,False,False
2024-08-17,2024-08-24,6391.0,6089.0,seven_day_drift,-85.0,6004.0,6089.0,5874.586680534849,6133.168723815,6574.019152331561,development_oof,1,True,False,False,False
2024-08-17,2024-08-24,6391.0,6089.0,validation_weighted_ensemble,-27.904000069201174,6061.095999930799,6089.0,5874.586680534849,6133.168723815,6574.019152331561,development_oof,1,True,False,False,False
2024-08-17,2024-08-24,6391.0,6089.0,xgboost,60.27661895751953,6149.2766189575195,6089.0,5874.586680534849,6133.168723815,6574.019152331561,development_oof,1,True,False,False,False
2024-08-18,2024-08-25,6407.0,6065.0,catboost,57.73999982699752,6122.7399998269975,6065.0,5855.480981650585,6109.168723815,6550.019152331561,development_oof,1,False,False,True,False
2024-08-18,2024-08-25,6407.0,6065.0,elastic_net,441.8943359669356,6506.894335966936,6065.0,5855.480981650585,6109.168723815,6550.019152331561,development_oof,1,False,False,True,False
2024-08-18,2024-08-25,6407.0,6065.0,ets,253.26688676162394,6318.266886761624,6065.0,5855.480981650585,6109.168723815,6550.019152331561,development_oof,1,False,False,True,False
2024-08-18,2024-08-25,6407.0,6065.0,lightgbm,69.26009361801334,6134.260093618013,6065.0,5855.480981650585,6109.168723815,6550.019152331561,development_oof,1,False,False,True,False
2024-08-18,2024-08-25,6407.0,6065.0,persistence,0.0,6065.0,6065.0,5855.480981650585,6109.168723815,6550.019152331561,development_oof,1,False,False,True,False
2024-08-18,2024-08-25,6407.0,6065.0,ridge,368.8473254645769,6433.847325464577,6065.0,5855.480981650585,6109.168723815,6550.019152331561,development_oof,1,False,False,True,False
2024-08-18,2024-08-25,6407.0,6065.0,sarimax,-105.41946696889318,5959.580533031107,6065.0,5855.480981650585,6109.168723815,6550.019152331561,development_oof,1,False,False,True,False
2024-08-18,2024-08-25,6407.0,6065.0,seven_day_drift,-40.0,6025.0,6065.0,5855.480981650585,6109.168723815,6550.019152331561,development_oof,1,False,False,True,False
2024-08-18,2024-08-25,6407.0,6065.0,validation_weighted_ensemble,-0.9040000692011745,6064.095999930799,6065.0,5855.480981650585,6109.168723815,6550.019152331561,development_oof,1,False,False,True,False
2024-08-18,2024-08-25,6407.0,6065.0,xgboost,60.27661895751953,6125.2766189575195,6065.0,5855.480981650585,6109.168723815,6550.019152331561,development_oof,1,False,False,True,False
2024-08-19,2024-08-26,6421.0,6119.0,catboost,41.51000018976629,6160.510000189766,6119.0,5919.9166392423895,6163.168723815,6625.004967726814,development_oof,1,False,False,True,False
2024-08-19,2024-08-26,6421.0,6119.0,elastic_net,453.4903836085523,6572.490383608552,6119.0,5919.9166392423895,6163.168723815,6625.004967726814,development_oof,1,False,False,True,False
2024-08-19,2024-08-26,6421.0,6119.0,ets,253.44372668945743,6372.443726689457,6119.0,5919.9166392423895,6163.168723815,6625.004967726814,development_oof,1,False,False,True,False
2024-08-19,2024-08-26,6421.0,6119.0,lightgbm,58.556528070513195,6177.556528070513,6119.0,5919.9166392423895,6163.168723815,6625.004967726814,development_oof,1,False,False,True,False
2024-08-19,2024-08-26,6421.0,6119.0,persistence,0.0,6119.0,6119.0,5919.9166392423895,6163.168723815,6625.004967726814,development_oof,1,False,False,True,False
2024-08-19,2024-08-26,6421.0,6119.0,ridge,386.7804574525526,6505.780457452553,6119.0,5919.9166392423895,6163.168723815,6625.004967726814,development_oof,1,False,False,True,False
2024-08-19,2024-08-26,6421.0,6119.0,sarimax,-107.66782848894854,6011.3321715110515,6119.0,5919.9166392423895,6163.168723815,6625.004967726814,development_oof,1,False,False,True,False
2024-08-19,2024-08-26,6421.0,6119.0,seven_day_drift,-3.0,6116.0,6119.0,5919.9166392423895,6163.168723815,6625.004967726814,development_oof,1,False,False,True,False
2024-08-19,2024-08-26,6421.0,6119.0,validation_weighted_ensemble,14.804000075906515,6133.8040000759065,6119.0,5919.9166392423895,6163.168723815,6625.004967726814,development_oof,1,False,False,True,False
2024-08-19,2024-08-26,6421.0,6119.0,xgboost,50.167240142822266,6169.167240142822,6119.0,5919.9166392423895,6163.168723815,6625.004967726814,development_oof,1,False,False,True,False
2024-08-20,2024-08-27,6437.0,6269.0,catboost,41.51000018976629,6310.510000189766,6269.0,6092.045386051343,6332.605371585,6767.604788029596,development_oof,1,False,False,True,False
2024-08-20,2024-08-27,6437.0,6269.0,elastic_net,523.6270179754047,6792.627017975405,6269.0,6092.045386051343,6332.605371585,6767.604788029596,development_oof,1,False,False,True,False
2024-08-20,2024-08-27,6437.0,6269.0,ets,253.58519863172387,6522.585198631724,6269.0,6092.045386051343,6332.605371585,6767.604788029596,development_oof,1,False,False,True,False
2024-08-20,2024-08-27,6437.0,6269.0,lightgbm,43.082544252431944,6312.082544252432,6269.0,6092.045386051343,6332.605371585,6767.604788029596,development_oof,1,False,False,True,False
2024-08-20,2024-08-27,6437.0,6269.0,persistence,0.0,6269.0,6269.0,6092.045386051343,6332.605371585,6767.604788029596,development_oof,1,False,False,True,False
2024-08-20,2024-08-27,6437.0,6269.0,ridge,454.4221130698743,6723.422113069874,6269.0,6092.045386051343,6332.605371585,6767.604788029596,development_oof,1,False,False,True,False
2024-08-20,2024-08-27,6437.0,6269.0,sarimax,-109.7392783750629,6159.260721624937,6269.0,6092.045386051343,6332.605371585,6767.604788029596,development_oof,1,False,False,True,False
2024-08-20,2024-08-27,6437.0,6269.0,seven_day_drift,49.0,6318.0,6269.0,6092.045386051343,6332.605371585,6767.604788029596,development_oof,1,False,False,True,False
2024-08-20,2024-08-27,6437.0,6269.0,validation_weighted_ensemble,46.00400007590633,6315.004000075906,6269.0,6092.045386051343,6332.605371585,6767.604788029596,development_oof,1,False,False,True,False
2024-08-20,2024-08-27,6437.0,6269.0,xgboost,50.885711669921875,6319.885711669922,6269.0,6092.045386051343,6332.605371585,6767.604788029596,development_oof,1,False,False,True,False
2024-08-21,2024-08-28,6512.0,6273.0,catboost,61.639999739825726,6334.639999739826,6273.0,6101.9880099545035,6350.77898065,6768.816151787251,development_oof,1,False,False,True,False
2024-08-21,2024-08-28,6512.0,6273.0,elastic_net,432.93696615540557,6705.936966155406,6273.0,6101.9880099545035,6350.77898065,6768.816151787251,development_oof,1,False,False,True,False
2024-08-21,2024-08-28,6512.0,6273.0,ets,253.6983761855372,6526.698376185537,6273.0,6101.9880099545035,6350.77898065,6768.816151787251,development_oof,1,False,False,True,False
2024-08-21,2024-08-28,6512.0,6273.0,lightgbm,60.99620143637003,6333.99620143637,6273.0,6101.9880099545035,6350.77898065,6768.816151787251,development_oof,1,False,False,True,False
2024-08-21,2024-08-28,6512.0,6273.0,persistence,0.0,6273.0,6273.0,6101.9880099545035,6350.77898065,6768.816151787251,development_oof,1,False,False,True,False
2024-08-21,2024-08-28,6512.0,6273.0,ridge,366.8120976784594,6639.812097678459,6273.0,6101.9880099545035,6350.77898065,6768.816151787251,development_oof,1,False,False,True,False
2024-08-21,2024-08-28,6512.0,6273.0,sarimax,-111.64966822534552,6161.3503317746545,6273.0,6101.9880099545035,6350.77898065,6768.816151787251,development_oof,1,False,False,True,False
2024-08-21,2024-08-28,6512.0,6273.0,seven_day_drift,60.0,6333.0,6273.0,6101.9880099545035,6350.77898065,6768.816151787251,development_oof,1,False,False,True,False
2024-08-21,2024-08-28,6512.0,6273.0,validation_weighted_ensemble,60.65599989593011,6333.65599989593,6273.0,6101.9880099545035,6350.77898065,6768.816151787251,development_oof,1,False,False,True,False
2024-08-21,2024-08-28,6512.0,6273.0,xgboost,50.885711669921875,6323.885711669922,6273.0,6101.9880099545035,6350.77898065,6768.816151787251,development_oof,1,False,False,True,False
2024-08-22,2024-08-29,6545.0,6361.0,catboost,57.73999982699752,6418.7399998269975,6361.0,6245.301449132156,6438.77898065,6859.604788029596,development_oof,1,False,False,True,False
2024-08-22,2024-08-29,6545.0,6361.0,elastic_net,622.1978937583763,6983.197893758376,6361.0,6245.301449132156,6438.77898065,6859.604788029596,development_oof,1,False,False,True,False
2024-08-22,2024-08-29,6545.0,6361.0,ets,253.78891822858805,6614.788918228588,6361.0,6245.301449132156,6438.77898065,6859.604788029596,development_oof,1,False,False,True,False
2024-08-22,2024-08-29,6545.0,6361.0,lightgbm,96.08583287822876,6457.085832878229,6361.0,6245.301449132156,6438.77898065,6859.604788029596,development_oof,1,False,False,True,False
2024-08-22,2024-08-29,6545.0,6361.0,persistence,0.0,6361.0,6361.0,6245.301449132156,6438.77898065,6859.604788029596,development_oof,1,False,False,True,False
2024-08-22,2024-08-29,6545.0,6361.0,ridge,543.2668212263388,6904.266821226339,6361.0,6245.301449132156,6438.77898065,6859.604788029596,development_oof,1,False,False,True,False
2024-08-22,2024-08-29,6545.0,6361.0,sarimax,-113.41277793261906,6247.587222067381,6361.0,6245.301449132156,6438.77898065,6859.604788029596,development_oof,1,False,False,True,False
2024-08-22,2024-08-29,6545.0,6361.0,seven_day_drift,225.0,6586.0,6361.0,6245.301449132156,6438.77898065,6859.604788029596,development_oof,1,False,False,True,False
2024-08-22,2024-08-29,6545.0,6361.0,validation_weighted_ensemble,158.09599993079883,6519.095999930799,6361.0,6245.301449132156,6438.77898065,6859.604788029596,development_oof,1,False,False,True,False
2024-08-22,2024-08-29,6545.0,6361.0,xgboost,94.51258850097656,6455.512588500977,6361.0,6245.301449132156,6438.77898065,6859.604788029596,development_oof,1,False,False,True,False
2024-08-23,2024-08-30,6525.0,6377.0,catboost,57.73999982699752,6434.7399998269975,6377.0,6284.749499187952,6454.77898065,6900.110124998391,development_oof,1,True,False,False,False
2024-08-23,2024-08-30,6525.0,6377.0,elastic_net,675.331500700654,7052.331500700654,6377.0,6284.749499187952,6454.77898065,6900.110124998391,development_oof,1,True,False,False,False
2024-08-23,2024-08-30,6525.0,6377.0,ets,253.86135186302818,6630.861351863028,6377.0,6284.749499187952,6454.77898065,6900.110124998391,development_oof,1,True,False,False,False
2024-08-23,2024-08-30,6525.0,6377.0,lightgbm,96.08583287822876,6473.085832878229,6377.0,6284.749499187952,6454.77898065,6900.110124998391,development_oof,1,True,False,False,False
2024-08-23,2024-08-30,6525.0,6377.0,persistence,0.0,6377.0,6377.0,6284.749499187952,6454.77898065,6900.110124998391,development_oof,1,True,False,False,False
2024-08-23,2024-08-30,6525.0,6377.0,ridge,588.4828975170894,6965.482897517089,6377.0,6284.749499187952,6454.77898065,6900.110124998391,development_oof,1,True,False,False,False
2024-08-23,2024-08-30,6525.0,6377.0,sarimax,-115.04240835463497,6261.957591645365,6377.0,6284.749499187952,6454.77898065,6900.110124998391,development_oof,1,True,False,False,False
2024-08-23,2024-08-30,6525.0,6377.0,seven_day_drift,265.0,6642.0,6377.0,6284.749499187952,6454.77898065,6900.110124998391,development_oof,1,True,False,False,False
2024-08-23,2024-08-30,6525.0,6377.0,validation_weighted_ensemble,182.09599993079883,6559.095999930799,6377.0,6284.749499187952,6454.77898065,6900.110124998391,development_oof,1,True,False,False,False
2024-08-23,2024-08-30,6525.0,6377.0,xgboost,94.51258850097656,6471.512588500977,6377.0,6284.749499187952,6454.77898065,6900.110124998391,development_oof,1,True,False,False,False
2024-08-24,2024-08-31,6503.0,6391.0,catboost,57.73999982699752,6448.7399998269975,6391.0,6285.081619817642,6468.77898065,6914.110124998391,development_oof,1,True,False,False,False
2024-08-24,2024-08-31,6503.0,6391.0,elastic_net,652.5011748284869,7043.501174828487,6391.0,6285.081619817642,6468.77898065,6914.110124998391,development_oof,1,True,False,False,False
2024-08-24,2024-08-31,6503.0,6391.0,ets,253.919298770581,6644.919298770581,6391.0,6285.081619817642,6468.77898065,6914.110124998391,development_oof,1,True,False,False,False
2024-08-24,2024-08-31,6503.0,6391.0,lightgbm,96.08583287822876,6487.085832878229,6391.0,6285.081619817642,6468.77898065,6914.110124998391,development_oof,1,True,False,False,False
2024-08-24,2024-08-31,6503.0,6391.0,persistence,0.0,6391.0,6391.0,6285.081619817642,6468.77898065,6914.110124998391,development_oof,1,True,False,False,False
2024-08-24,2024-08-31,6503.0,6391.0,ridge,575.6216343724245,6966.6216343724245,6391.0,6285.081619817642,6468.77898065,6914.110124998391,development_oof,1,True,False,False,False
2024-08-24,2024-08-31,6503.0,6391.0,sarimax,-116.55065143250704,6274.449348567493,6391.0,6285.081619817642,6468.77898065,6914.110124998391,development_oof,1,True,False,False,False
2024-08-24,2024-08-31,6503.0,6391.0,seven_day_drift,302.0,6693.0,6391.0,6285.081619817642,6468.77898065,6914.110124998391,development_oof,1,True,False,False,False
2024-08-24,2024-08-31,6503.0,6391.0,validation_weighted_ensemble,204.29599993079864,6595.295999930799,6391.0,6285.081619817642,6468.77898065,6914.110124998391,development_oof,1,True,False,False,False
2024-08-24,2024-08-31,6503.0,6391.0,xgboost,94.51258850097656,6485.512588500977,6391.0,6285.081619817642,6468.77898065,6914.110124998391,development_oof,1,True,False,False,False
2024-08-25,2024-09-01,6482.0,6407.0,catboost,57.73999982699752,6464.7399998269975,6407.0,6263.069012582553,6484.77898065,6930.110124998391,development_oof,1,True,False,False,False
2024-08-25,2024-09-01,6482.0,6407.0,elastic_net,589.4443952077436,6996.444395207744,6407.0,6263.069012582553,6484.77898065,6930.110124998391,development_oof,1,True,False,False,False
2024-08-25,2024-09-01,6482.0,6407.0,ets,253.9656562966229,6660.965656296623,6407.0,6263.069012582553,6484.77898065,6930.110124998391,development_oof,1,True,False,False,False
2024-08-25,2024-09-01,6482.0,6407.0,lightgbm,96.08583287822876,6503.085832878229,6407.0,6263.069012582553,6484.77898065,6930.110124998391,development_oof,1,True,False,False,False
2024-08-25,2024-09-01,6482.0,6407.0,persistence,0.0,6407.0,6407.0,6263.069012582553,6484.77898065,6930.110124998391,development_oof,1,True,False,False,False
2024-08-25,2024-09-01,6482.0,6407.0,ridge,518.3899499029922,6925.389949902992,6407.0,6263.069012582553,6484.77898065,6930.110124998391,development_oof,1,True,False,False,False
2024-08-25,2024-09-01,6482.0,6407.0,sarimax,-117.94852709467887,6289.051472905321,6407.0,6263.069012582553,6484.77898065,6930.110124998391,development_oof,1,True,False,False,False
2024-08-25,2024-09-01,6482.0,6407.0,seven_day_drift,342.0,6749.0,6407.0,6263.069012582553,6484.77898065,6930.110124998391,development_oof,1,True,False,False,False
2024-08-25,2024-09-01,6482.0,6407.0,validation_weighted_ensemble,228.29599993079864,6635.295999930799,6407.0,6263.069012582553,6484.77898065,6930.110124998391,development_oof,1,True,False,False,False
2024-08-25,2024-09-01,6482.0,6407.0,xgboost,86.48759460449219,6493.487594604492,6407.0,6263.069012582553,6484.77898065,6930.110124998391,development_oof,1,True,False,False,False
2024-08-26,2024-09-02,6462.0,6421.0,catboost,57.73999982699752,6478.7399998269975,6421.0,6326.020477823872,6498.77898065,6944.110124998391,development_oof,1,True,False,False,False
2024-08-26,2024-09-02,6462.0,6421.0,elastic_net,553.1976758570454,6974.197675857045,6421.0,6326.020477823872,6498.77898065,6944.110124998391,development_oof,1,True,False,False,False
2024-08-26,2024-09-02,6462.0,6421.0,ets,254.00274231745607,6675.002742317456,6421.0,6326.020477823872,6498.77898065,6944.110124998391,development_oof,1,True,False,False,False
2024-08-26,2024-09-02,6462.0,6421.0,lightgbm,96.08583287822876,6517.085832878229,6421.0,6326.020477823872,6498.77898065,6944.110124998391,development_oof,1,True,False,False,False
2024-08-26,2024-09-02,6462.0,6421.0,persistence,0.0,6421.0,6421.0,6326.020477823872,6498.77898065,6944.110124998391,development_oof,1,True,False,False,False
2024-08-26,2024-09-02,6462.0,6421.0,ridge,498.4669444494557,6919.466944449456,6421.0,6326.020477823872,6498.77898065,6944.110124998391,development_oof,1,True,False,False,False
2024-08-26,2024-09-02,6462.0,6421.0,sarimax,-119.24603112448494,6301.753968875515,6421.0,6326.020477823872,6498.77898065,6944.110124998391,development_oof,1,True,False,False,False
2024-08-26,2024-09-02,6462.0,6421.0,seven_day_drift,302.0,6723.0,6421.0,6326.020477823872,6498.77898065,6944.110124998391,development_oof,1,True,False,False,False
2024-08-26,2024-09-02,6462.0,6421.0,validation_weighted_ensemble,204.29599993079864,6625.295999930799,6421.0,6326.020477823872,6498.77898065,6944.110124998391,development_oof,1,True,False,False,False
2024-08-26,2024-09-02,6462.0,6421.0,xgboost,94.51258850097656,6515.512588500977,6421.0,6326.020477823872,6498.77898065,6944.110124998391,development_oof,1,True,False,False,False
2024-08-27,2024-09-03,6535.0,6437.0,catboost,57.73999982699752,6494.7399998269975,6437.0,6334.226030006323,6514.77898065,6943.004967726814,development_oof,1,False,False,True,False
2024-08-27,2024-09-03,6535.0,6437.0,elastic_net,541.3818250361464,6978.381825036146,6437.0,6334.226030006323,6514.77898065,6943.004967726814,development_oof,1,False,False,True,False
2024-08-27,2024-09-03,6535.0,6437.0,ets,254.03241113412332,6691.032411134123,6437.0,6334.226030006323,6514.77898065,6943.004967726814,development_oof,1,False,False,True,False
2024-08-27,2024-09-03,6535.0,6437.0,lightgbm,93.4588491282293,6530.458849128229,6437.0,6334.226030006323,6514.77898065,6943.004967726814,development_oof,1,False,False,True,False
2024-08-27,2024-09-03,6535.0,6437.0,persistence,0.0,6437.0,6437.0,6334.226030006323,6514.77898065,6943.004967726814,development_oof,1,False,False,True,False
2024-08-27,2024-09-03,6535.0,6437.0,ridge,462.9966957969391,6899.996695796939,6437.0,6334.226030006323,6514.77898065,6943.004967726814,development_oof,1,False,False,True,False
2024-08-27,2024-09-03,6535.0,6437.0,sarimax,-120.45231025936846,6316.5476897406315,6437.0,6334.226030006323,6514.77898065,6943.004967726814,development_oof,1,False,False,True,False
2024-08-27,2024-09-03,6535.0,6437.0,seven_day_drift,168.0,6605.0,6437.0,6334.226030006323,6514.77898065,6943.004967726814,development_oof,1,False,False,True,False
2024-08-27,2024-09-03,6535.0,6437.0,validation_weighted_ensemble,123.89599993079901,6560.895999930799,6437.0,6334.226030006323,6514.77898065,6943.004967726814,development_oof,1,False,False,True,False
2024-08-27,2024-09-03,6535.0,6437.0,xgboost,94.51258850097656,6531.512588500977,6437.0,6334.226030006323,6514.77898065,6943.004967726814,development_oof,1,False,False,True,False
2024-08-28,2024-09-04,6606.0,6512.0,catboost,57.73999982699752,6569.7399998269975,6512.0,6405.712962300538,6589.77898065,7013.131982929586,development_oof,1,False,False,True,False
2024-08-28,2024-09-04,6606.0,6512.0,elastic_net,593.1954882841856,7105.195488284186,6512.0,6405.712962300538,6589.77898065,7013.131982929586,development_oof,1,False,False,True,False
2024-08-28,2024-09-04,6606.0,6512.0,ets,254.05614618745676,6766.056146187457,6512.0,6405.712962300538,6589.77898065,7013.131982929586,development_oof,1,False,False,True,False
2024-08-28,2024-09-04,6606.0,6512.0,lightgbm,96.08583287822876,6608.085832878229,6512.0,6405.712962300538,6589.77898065,7013.131982929586,development_oof,1,False,False,True,False
2024-08-28,2024-09-04,6606.0,6512.0,persistence,0.0,6512.0,6512.0,6405.712962300538,6589.77898065,7013.131982929586,development_oof,1,False,False,True,False
2024-08-28,2024-09-04,6606.0,6512.0,ridge,527.6371307703794,7039.637130770379,6512.0,6405.712962300538,6589.77898065,7013.131982929586,development_oof,1,False,False,True,False
2024-08-28,2024-09-04,6606.0,6512.0,sarimax,-121.57563939284773,6390.424360607152,6512.0,6405.712962300538,6589.77898065,7013.131982929586,development_oof,1,False,False,True,False
2024-08-28,2024-09-04,6606.0,6512.0,seven_day_drift,239.0,6751.0,6512.0,6405.712962300538,6589.77898065,7013.131982929586,development_oof,1,False,False,True,False
2024-08-28,2024-09-04,6606.0,6512.0,validation_weighted_ensemble,166.49599993079937,6678.495999930799,6512.0,6405.712962300538,6589.77898065,7013.131982929586,development_oof,1,False,False,True,False
2024-08-28,2024-09-04,6606.0,6512.0,xgboost,94.51258850097656,6606.512588500977,6512.0,6405.712962300538,6589.77898065,7013.131982929586,development_oof,1,False,False,True,False
2024-08-29,2024-09-05,6678.0,6545.0,catboost,57.73999982699752,6602.7399998269975,6545.0,6369.980963134522,6622.77898065,7051.004967726814,development_oof,1,False,False,True,False
2024-08-29,2024-09-05,6678.0,6545.0,elastic_net,544.4612922536144,7089.461292253614,6545.0,6369.980963134522,6622.77898065,7051.004967726814,development_oof,1,False,False,True,False
2024-08-29,2024-09-05,6678.0,6545.0,ets,254.0751342301237,6799.075134230124,6545.0,6369.980963134522,6622.77898065,7051.004967726814,development_oof,1,False,False,True,False
2024-08-29,2024-09-05,6678.0,6545.0,lightgbm,93.4588491282293,6638.458849128229,6545.0,6369.980963134522,6622.77898065,7051.004967726814,development_oof,1,False,False,True,False
2024-08-29,2024-09-05,6678.0,6545.0,persistence,0.0,6545.0,6545.0,6369.980963134522,6622.77898065,7051.004967726814,development_oof,1,False,False,True,False
2024-08-29,2024-09-05,6678.0,6545.0,ridge,465.16124261672303,7010.161242616723,6545.0,6369.980963134522,6622.77898065,7051.004967726814,development_oof,1,False,False,True,False
2024-08-29,2024-09-05,6678.0,6545.0,sarimax,-122.62352583077245,6422.376474169228,6545.0,6369.980963134522,6622.77898065,7051.004967726814,development_oof,1,False,False,True,False
2024-08-29,2024-09-05,6678.0,6545.0,seven_day_drift,184.0,6729.0,6545.0,6369.980963134522,6622.77898065,7051.004967726814,development_oof,1,False,False,True,False
2024-08-29,2024-09-05,6678.0,6545.0,validation_weighted_ensemble,133.49599993079846,6678.4959999307985,6545.0,6369.980963134522,6622.77898065,7051.004967726814,development_oof,1,False,False,True,False
2024-08-29,2024-09-05,6678.0,6545.0,xgboost,86.48759460449219,6631.487594604492,6545.0,6369.980963134522,6622.77898065,7051.004967726814,development_oof,1,False,False,True,False
2024-08-30,2024-09-06,6641.0,6525.0,catboost,57.73999982699752,6582.7399998269975,6525.0,6431.400706051816,6602.77898065,7010.019152331561,development_oof,1,True,False,False,False
2024-08-30,2024-09-06,6641.0,6525.0,elastic_net,618.7094848097067,7143.709484809707,6525.0,6431.400706051816,6602.77898065,7010.019152331561,development_oof,1,True,False,False,False
2024-08-30,2024-09-06,6641.0,6525.0,ets,254.0903246642565,6779.0903246642565,6525.0,6431.400706051816,6602.77898065,7010.019152331561,development_oof,1,True,False,False,False
2024-08-30,2024-09-06,6641.0,6525.0,lightgbm,93.4588491282293,6618.458849128229,6525.0,6431.400706051816,6602.77898065,7010.019152331561,development_oof,1,True,False,False,False
2024-08-30,2024-09-06,6641.0,6525.0,persistence,0.0,6525.0,6525.0,6431.400706051816,6602.77898065,7010.019152331561,development_oof,1,True,False,False,False
2024-08-30,2024-09-06,6641.0,6525.0,ridge,531.5371883680091,7056.537188368009,6525.0,6431.400706051816,6602.77898065,7010.019152331561,development_oof,1,True,False,False,False
2024-08-30,2024-09-06,6641.0,6525.0,sarimax,-123.60282860360257,6401.397171396397,6525.0,6431.400706051816,6602.77898065,7010.019152331561,development_oof,1,True,False,False,False
2024-08-30,2024-09-06,6641.0,6525.0,seven_day_drift,148.0,6673.0,6525.0,6431.400706051816,6602.77898065,7010.019152331561,development_oof,1,True,False,False,False
2024-08-30,2024-09-06,6641.0,6525.0,validation_weighted_ensemble,111.89599993079901,6636.895999930799,6525.0,6431.400706051816,6602.77898065,7010.019152331561,development_oof,1,True,False,False,False
2024-08-30,2024-09-06,6641.0,6525.0,xgboost,79.69183349609375,6604.691833496094,6525.0,6431.400706051816,6602.77898065,7010.019152331561,development_oof,1,True,False,False,False
2024-08-31,2024-09-07,6604.0,6503.0,catboost,57.73999982699752,6560.7399998269975,6503.0,6402.062608121354,6580.77898065,6988.019152331561,development_oof,1,True,False,False,False
2024-08-31,2024-09-07,6604.0,6503.0,elastic_net,583.4039807116924,7086.403980711692,6503.0,6402.062608121354,6580.77898065,6988.019152331561,development_oof,1,True,False,False,False
2024-08-31,2024-09-07,6604.0,6503.0,ets,254.10247701156368,6757.102477011564,6503.0,6402.062608121354,6580.77898065,6988.019152331561,development_oof,1,True,False,False,False
2024-08-31,2024-09-07,6604.0,6503.0,lightgbm,83.16054384730069,6586.160543847301,6503.0,6402.062608121354,6580.77898065,6988.019152331561,development_oof,1,True,False,False,False
2024-08-31,2024-09-07,6604.0,6503.0,persistence,0.0,6503.0,6503.0,6402.062608121354,6580.77898065,6988.019152331561,development_oof,1,True,False,False,False
2024-08-31,2024-09-07,6604.0,6503.0,ridge,513.4031642799182,7016.403164279918,6503.0,6402.062608121354,6580.77898065,6988.019152331561,development_oof,1,True,False,False,False
2024-08-31,2024-09-07,6604.0,6503.0,sarimax,-124.51977227264979,6378.48022772735,6503.0,6402.062608121354,6580.77898065,6988.019152331561,development_oof,1,True,False,False,False
2024-08-31,2024-09-07,6604.0,6503.0,seven_day_drift,112.0,6615.0,6503.0,6402.062608121354,6580.77898065,6988.019152331561,development_oof,1,True,False,False,False
2024-08-31,2024-09-07,6604.0,6503.0,validation_weighted_ensemble,90.29599993079955,6593.2959999308,6503.0,6402.062608121354,6580.77898065,6988.019152331561,development_oof,1,True,False,False,False
2024-08-31,2024-09-07,6604.0,6503.0,xgboost,73.1539077758789,6576.153907775879,6503.0,6402.062608121354,6580.77898065,6988.019152331561,development_oof,1,True,False,False,False
2024-09-01,2024-09-08,6567.0,6482.0,catboost,57.73999982699752,6539.7399998269975,6482.0,6381.062608121354,6559.77898065,6967.019152331561,development_oof,1,True,False,False,False
2024-09-01,2024-09-08,6567.0,6482.0,elastic_net,633.3041419817519,7115.304141981752,6482.0,6381.062608121354,6559.77898065,6967.019152331561,development_oof,1,True,False,False,False
2024-09-01,2024-09-08,6567.0,6482.0,ets,254.11219888940923,6736.112198889409,6482.0,6381.062608121354,6559.77898065,6967.019152331561,development_oof,1,True,False,False,False
2024-09-01,2024-09-08,6567.0,6482.0,lightgbm,83.16054384730069,6565.160543847301,6482.0,6381.062608121354,6559.77898065,6967.019152331561,development_oof,1,True,False,False,False
2024-09-01,2024-09-08,6567.0,6482.0,persistence,0.0,6482.0,6482.0,6381.062608121354,6559.77898065,6967.019152331561,development_oof,1,True,False,False,False
2024-09-01,2024-09-08,6567.0,6482.0,ridge,544.1384428601532,7026.138442860153,6482.0,6381.062608121354,6559.77898065,6967.019152331561,development_oof,1,True,False,False,False
2024-09-01,2024-09-08,6567.0,6482.0,sarimax,-125.38001707619605,6356.619982923804,6482.0,6381.062608121354,6559.77898065,6967.019152331561,development_oof,1,True,False,False,False
2024-09-01,2024-09-08,6567.0,6482.0,seven_day_drift,75.0,6557.0,6482.0,6381.062608121354,6559.77898065,6967.019152331561,development_oof,1,True,False,False,False
2024-09-01,2024-09-08,6567.0,6482.0,validation_weighted_ensemble,68.09599993079883,6550.095999930799,6482.0,6381.062608121354,6559.77898065,6967.019152331561,development_oof,1,True,False,False,False
2024-09-01,2024-09-08,6567.0,6482.0,xgboost,73.1539077758789,6555.153907775879,6482.0,6381.062608121354,6559.77898065,6967.019152331561,development_oof,1,True,False,False,False
2024-09-02,2024-09-09,6628.0,6462.0,catboost,61.639999739825726,6523.639999739826,6462.0,6286.143874485633,6539.77898065,6947.019152331561,development_oof,1,False,False,True,False
2024-09-02,2024-09-09,6628.0,6462.0,elastic_net,519.3554987970329,6981.355498797033,6462.0,6286.143874485633,6539.77898065,6947.019152331561,development_oof,1,False,False,True,False
2024-09-02,2024-09-09,6628.0,6462.0,ets,254.11997639168567,6716.119976391686,6462.0,6286.143874485633,6539.77898065,6947.019152331561,development_oof,1,False,False,True,False
2024-09-02,2024-09-09,6628.0,6462.0,lightgbm,69.03620143636999,6531.03620143637,6462.0,6286.143874485633,6539.77898065,6947.019152331561,development_oof,1,False,False,True,False
2024-09-02,2024-09-09,6628.0,6462.0,persistence,0.0,6462.0,6462.0,6286.143874485633,6539.77898065,6947.019152331561,development_oof,1,False,False,True,False
2024-09-02,2024-09-09,6628.0,6462.0,ridge,413.58590745502715,6875.585907455027,6462.0,6286.143874485633,6539.77898065,6947.019152331561,development_oof,1,False,False,True,False
2024-09-02,2024-09-09,6628.0,6462.0,sarimax,-126.18870886331297,6335.811291136687,6462.0,6286.143874485633,6539.77898065,6947.019152331561,development_oof,1,False,False,True,False
2024-09-02,2024-09-09,6628.0,6462.0,seven_day_drift,41.0,6503.0,6462.0,6286.143874485633,6539.77898065,6947.019152331561,development_oof,1,False,False,True,False
2024-09-02,2024-09-09,6628.0,6462.0,validation_weighted_ensemble,49.25599989593047,6511.2559998959305,6462.0,6286.143874485633,6539.77898065,6947.019152331561,development_oof,1,False,False,True,False
2024-09-02,2024-09-09,6628.0,6462.0,xgboost,60.835208892822266,6522.835208892822,6462.0,6286.143874485633,6539.77898065,6947.019152331561,development_oof,1,False,False,True,False
2024-09-03,2024-09-10,6647.0,6535.0,catboost,61.639999739825726,6596.639999739826,6535.0,6365.72627821929,6612.77898065,7033.604788029596,development_oof,1,False,False,True,False
2024-09-03,2024-09-10,6647.0,6535.0,elastic_net,565.6538839630484,7100.653883963048,6535.0,6365.72627821929,6612.77898065,7033.604788029596,development_oof,1,False,False,True,False
2024-09-03,2024-09-10,6647.0,6535.0,ets,254.12619839350646,6789.1261983935065,6535.0,6365.72627821929,6612.77898065,7033.604788029596,development_oof,1,False,False,True,False
2024-09-03,2024-09-10,6647.0,6535.0,lightgbm,60.99620143637003,6595.99620143637,6535.0,6365.72627821929,6612.77898065,7033.604788029596,development_oof,1,False,False,True,False
2024-09-03,2024-09-10,6647.0,6535.0,persistence,0.0,6535.0,6535.0,6365.72627821929,6612.77898065,7033.604788029596,development_oof,1,False,False,True,False
2024-09-03,2024-09-10,6647.0,6535.0,ridge,476.1151520632984,7011.115152063298,6535.0,6365.72627821929,6612.77898065,7033.604788029596,development_oof,1,False,False,True,False
2024-09-03,2024-09-10,6647.0,6535.0,sarimax,-126.95052792456681,6408.049472075433,6535.0,6365.72627821929,6612.77898065,7033.604788029596,development_oof,1,False,False,True,False
2024-09-03,2024-09-10,6647.0,6535.0,seven_day_drift,98.0,6633.0,6535.0,6365.72627821929,6612.77898065,7033.604788029596,development_oof,1,False,False,True,False
2024-09-03,2024-09-10,6647.0,6535.0,validation_weighted_ensemble,83.45599989593029,6618.45599989593,6535.0,6365.72627821929,6612.77898065,7033.604788029596,development_oof,1,False,False,True,False
2024-09-03,2024-09-10,6647.0,6535.0,xgboost,48.33571243286133,6583.335712432861,6535.0,6365.72627821929,6612.77898065,7033.604788029596,development_oof,1,False,False,True,False
2024-09-04,2024-09-11,6658.0,6606.0,catboost,57.73999982699752,6663.7399998269975,6606.0,6458.1328468607335,6683.77898065,7104.604788029596,development_oof,1,False,False,True,False
2024-09-04,2024-09-11,6658.0,6606.0,elastic_net,549.9530279314768,7155.953027931477,6606.0,6458.1328468607335,6683.77898065,7104.604788029596,development_oof,1,False,False,True,False
2024-09-04,2024-09-11,6658.0,6606.0,ets,254.1311759949631,6860.131175994963,6606.0,6458.1328468607335,6683.77898065,7104.604788029596,development_oof,1,False,False,True,False
2024-09-04,2024-09-11,6658.0,6606.0,lightgbm,61.826109799932055,6667.826109799932,6606.0,6458.1328468607335,6683.77898065,7104.604788029596,development_oof,1,False,False,True,False
2024-09-04,2024-09-11,6658.0,6606.0,persistence,0.0,6606.0,6606.0,6458.1328468607335,6683.77898065,7104.604788029596,development_oof,1,False,False,True,False
2024-09-04,2024-09-11,6658.0,6606.0,ridge,469.7046267515452,7075.704626751545,6606.0,6458.1328468607335,6683.77898065,7104.604788029596,development_oof,1,False,False,True,False
2024-09-04,2024-09-11,6658.0,6606.0,sarimax,-127.6697286469198,6478.33027135308,6606.0,6458.1328468607335,6683.77898065,7104.604788029596,development_oof,1,False,False,True,False
2024-09-04,2024-09-11,6658.0,6606.0,seven_day_drift,94.0,6700.0,6606.0,6458.1328468607335,6683.77898065,7104.604788029596,development_oof,1,False,False,True,False
2024-09-04,2024-09-11,6658.0,6606.0,validation_weighted_ensemble,79.49599993079937,6685.495999930799,6606.0,6458.1328468607335,6683.77898065,7104.604788029596,development_oof,1,False,False,True,False
2024-09-04,2024-09-11,6658.0,6606.0,xgboost,60.835208892822266,6666.835208892822,6606.0,6458.1328468607335,6683.77898065,7104.604788029596,development_oof,1,False,False,True,False
2024-09-05,2024-09-12,6640.0,6678.0,catboost,61.639999739825726,6739.639999739826,6678.0,6553.563900695661,6741.605371585,7176.604788029596,development_oof,1,False,False,True,False
2024-09-05,2024-09-12,6640.0,6678.0,elastic_net,618.9400105031918,7296.940010503192,6678.0,6553.563900695661,6741.605371585,7176.604788029596,development_oof,1,False,False,True,False
2024-09-05,2024-09-12,6640.0,6678.0,ets,254.1351580761284,6932.135158076128,6678.0,6553.563900695661,6741.605371585,7176.604788029596,development_oof,1,False,False,True,False
2024-09-05,2024-09-12,6640.0,6678.0,lightgbm,85.41884912822934,6763.418849128229,6678.0,6553.563900695661,6741.605371585,7176.604788029596,development_oof,1,False,False,True,False
2024-09-05,2024-09-12,6640.0,6678.0,persistence,0.0,6678.0,6678.0,6553.563900695661,6741.605371585,7176.604788029596,development_oof,1,False,False,True,False
2024-09-05,2024-09-12,6640.0,6678.0,ridge,525.9555545785133,7203.955554578513,6678.0,6553.563900695661,6741.605371585,7176.604788029596,development_oof,1,False,False,True,False
2024-09-05,2024-09-12,6640.0,6678.0,sarimax,-128.35017882672855,6549.649821173271,6678.0,6553.563900695661,6741.605371585,7176.604788029596,development_oof,1,False,False,True,False
2024-09-05,2024-09-12,6640.0,6678.0,seven_day_drift,133.0,6811.0,6678.0,6553.563900695661,6741.605371585,7176.604788029596,development_oof,1,False,False,True,False
2024-09-05,2024-09-12,6640.0,6678.0,validation_weighted_ensemble,104.45599989593029,6782.45599989593,6678.0,6553.563900695661,6741.605371585,7176.604788029596,development_oof,1,False,False,True,False
2024-09-05,2024-09-12,6640.0,6678.0,xgboost,69.74234008789062,6747.742340087891,6678.0,6553.563900695661,6741.605371585,7176.604788029596,development_oof,1,False,False,True,False
2024-09-06,2024-09-13,6526.0,6641.0,catboost,61.639999739825726,6702.639999739826,6641.0,6529.79460636616,6704.605371585,7126.019152331561,development_oof,1,True,False,False,False
2024-09-06,2024-09-13,6526.0,6641.0,elastic_net,596.4590577148601,7237.45905771486,6641.0,6529.79460636616,6704.605371585,7126.019152331561,development_oof,1,True,False,False,False
2024-09-06,2024-09-13,6526.0,6641.0,ets,254.13834374106136,6895.138343741061,6641.0,6529.79460636616,6704.605371585,7126.019152331561,development_oof,1,True,False,False,False
2024-09-06,2024-09-13,6526.0,6641.0,lightgbm,67.57455434104122,6708.574554341041,6641.0,6529.79460636616,6704.605371585,7126.019152331561,development_oof,1,True,False,False,False
2024-09-06,2024-09-13,6526.0,6641.0,persistence,0.0,6641.0,6641.0,6529.79460636616,6704.605371585,7126.019152331561,development_oof,1,True,False,False,False
2024-09-06,2024-09-13,6526.0,6641.0,ridge,508.66169077895756,7149.661690778958,6641.0,6529.79460636616,6704.605371585,7126.019152331561,development_oof,1,True,False,False,False
2024-09-06,2024-09-13,6526.0,6641.0,sarimax,-128.99539605343034,6512.00460394657,6641.0,6529.79460636616,6704.605371585,7126.019152331561,development_oof,1,True,False,False,False
2024-09-06,2024-09-13,6526.0,6641.0,seven_day_drift,116.0,6757.0,6641.0,6529.79460636616,6704.605371585,7126.019152331561,development_oof,1,True,False,False,False
2024-09-06,2024-09-13,6526.0,6641.0,validation_weighted_ensemble,94.25599989593047,6735.2559998959305,6641.0,6529.79460636616,6704.605371585,7126.019152331561,development_oof,1,True,False,False,False
2024-09-06,2024-09-13,6526.0,6641.0,xgboost,63.204410552978516,6704.2044105529785,6641.0,6529.79460636616,6704.605371585,7126.019152331561,development_oof,1,True,False,False,False
2024-09-07,2024-09-14,6490.0,6604.0,catboost,61.639999739825726,6665.639999739826,6604.0,6487.288146816088,6667.605371585,7089.019152331561,development_oof,1,True,False,False,False
2024-09-07,2024-09-14,6490.0,6604.0,elastic_net,568.2930794195081,7172.293079419508,6604.0,6487.288146816088,6667.605371585,7089.019152331561,development_oof,1,True,False,False,False
2024-09-07,2024-09-14,6490.0,6604.0,ets,254.140892273007,6858.140892273007,6604.0,6487.288146816088,6667.605371585,7089.019152331561,development_oof,1,True,False,False,False
2024-09-07,2024-09-14,6490.0,6604.0,lightgbm,63.078022670982136,6667.078022670982,6604.0,6487.288146816088,6667.605371585,7089.019152331561,development_oof,1,True,False,False,False
2024-09-07,2024-09-14,6490.0,6604.0,persistence,0.0,6604.0,6604.0,6487.288146816088,6667.605371585,7089.019152331561,development_oof,1,True,False,False,False
2024-09-07,2024-09-14,6490.0,6604.0,ridge,493.7557382647283,7097.755738264728,6604.0,6487.288146816088,6667.605371585,7089.019152331561,development_oof,1,True,False,False,False
2024-09-07,2024-09-14,6490.0,6604.0,sarimax,-129.60857832322927,6474.391421676771,6604.0,6487.288146816088,6667.605371585,7089.019152331561,development_oof,1,True,False,False,False
2024-09-07,2024-09-14,6490.0,6604.0,seven_day_drift,101.0,6705.0,6604.0,6487.288146816088,6667.605371585,7089.019152331561,development_oof,1,True,False,False,False
2024-09-07,2024-09-14,6490.0,6604.0,validation_weighted_ensemble,85.25599989593047,6689.2559998959305,6604.0,6487.288146816088,6667.605371585,7089.019152331561,development_oof,1,True,False,False,False
2024-09-07,2024-09-14,6490.0,6604.0,xgboost,63.204410552978516,6667.2044105529785,6604.0,6487.288146816088,6667.605371585,7089.019152331561,development_oof,1,True,False,False,False
2024-09-08,2024-09-15,6454.0,6567.0,catboost,61.639999739825726,6628.639999739826,6567.0,6450.288146816088,6630.605371585,7052.019152331561,development_oof,1,False,False,False,False
2024-09-08,2024-09-15,6454.0,6567.0,elastic_net,547.5972660474017,7114.597266047402,6567.0,6450.288146816088,6630.605371585,7052.019152331561,development_oof,1,False,False,False,False
2024-09-08,2024-09-15,6454.0,6567.0,ets,254.14293109856317,6821.142931098563,6567.0,6450.288146816088,6630.605371585,7052.019152331561,development_oof,1,False,False,False,False
2024-09-08,2024-09-15,6454.0,6567.0,lightgbm,75.12054384730072,6642.120543847301,6567.0,6450.288146816088,6630.605371585,7052.019152331561,development_oof,1,False,False,False,False
2024-09-08,2024-09-15,6454.0,6567.0,persistence,0.0,6567.0,6567.0,6450.288146816088,6630.605371585,7052.019152331561,development_oof,1,False,False,False,False
2024-09-08,2024-09-15,6454.0,6567.0,ridge,458.784226153678,7025.784226153678,6567.0,6450.288146816088,6630.605371585,7052.019152331561,development_oof,1,False,False,False,False
2024-09-08,2024-09-15,6454.0,6567.0,sarimax,-130.1926333750862,6436.807366624914,6567.0,6450.288146816088,6630.605371585,7052.019152331561,development_oof,1,False,False,False,False
2024-09-08,2024-09-15,6454.0,6567.0,seven_day_drift,85.0,6652.0,6567.0,6450.288146816088,6630.605371585,7052.019152331561,development_oof,1,False,False,False,False
2024-09-08,2024-09-15,6454.0,6567.0,validation_weighted_ensemble,75.65599989593011,6642.65599989593,6567.0,6450.288146816088,6630.605371585,7052.019152331561,development_oof,1,False,False,False,False
2024-09-08,2024-09-15,6454.0,6567.0,xgboost,63.204410552978516,6630.2044105529785,6567.0,6450.288146816088,6630.605371585,7052.019152331561,development_oof,1,False,False,False,False
2024-09-09,2024-09-16,6438.0,6628.0,catboost,61.639999739825726,6689.639999739826,6628.0,6525.402826010371,6691.605371585,7134.004967726814,development_oof,1,False,False,True,False
2024-09-09,2024-09-16,6438.0,6628.0,elastic_net,567.9364303192524,7195.936430319252,6628.0,6525.402826010371,6691.605371585,7134.004967726814,development_oof,1,False,False,True,False
2024-09-09,2024-09-16,6438.0,6628.0,ets,254.14456215900918,6882.144562159009,6628.0,6525.402826010371,6691.605371585,7134.004967726814,development_oof,1,False,False,True,False
2024-09-09,2024-09-16,6438.0,6628.0,lightgbm,85.41884912822934,6713.418849128229,6628.0,6525.402826010371,6691.605371585,7134.004967726814,development_oof,1,False,False,True,False
2024-09-09,2024-09-16,6438.0,6628.0,persistence,0.0,6628.0,6628.0,6525.402826010371,6691.605371585,7134.004967726814,development_oof,1,False,False,True,False
2024-09-09,2024-09-16,6438.0,6628.0,ridge,489.15078373384677,7117.150783733847,6628.0,6525.402826010371,6691.605371585,7134.004967726814,development_oof,1,False,False,True,False
2024-09-09,2024-09-16,6438.0,6628.0,sarimax,-130.75020500310893,6497.249794996891,6628.0,6525.402826010371,6691.605371585,7134.004967726814,development_oof,1,False,False,True,False
2024-09-09,2024-09-16,6438.0,6628.0,seven_day_drift,166.0,6794.0,6628.0,6525.402826010371,6691.605371585,7134.004967726814,development_oof,1,False,False,True,False
2024-09-09,2024-09-16,6438.0,6628.0,validation_weighted_ensemble,124.25599989593047,6752.2559998959305,6628.0,6525.402826010371,6691.605371585,7134.004967726814,development_oof,1,False,False,True,False
2024-09-09,2024-09-16,6438.0,6628.0,xgboost,75.29911041259766,6703.299110412598,6628.0,6525.402826010371,6691.605371585,7134.004967726814,development_oof,1,False,False,True,False
2024-09-10,2024-09-17,6531.0,6647.0,catboost,61.639999739825726,6708.639999739826,6647.0,6514.154539830918,6710.605371585,7153.004967726814,development_oof,1,False,False,True,False
2024-09-10,2024-09-17,6531.0,6647.0,elastic_net,508.1107758414373,7155.110775841437,6647.0,6514.154539830918,6710.605371585,7153.004967726814,development_oof,1,False,False,True,False
2024-09-10,2024-09-17,6531.0,6647.0,ets,254.14586700736527,6901.145867007365,6647.0,6514.154539830918,6710.605371585,7153.004967726814,development_oof,1,False,False,True,False
2024-09-10,2024-09-17,6531.0,6647.0,lightgbm,60.99620143637003,6707.99620143637,6647.0,6514.154539830918,6710.605371585,7153.004967726814,development_oof,1,False,False,True,False
2024-09-10,2024-09-17,6531.0,6647.0,persistence,0.0,6647.0,6647.0,6514.154539830918,6710.605371585,7153.004967726814,development_oof,1,False,False,True,False
2024-09-10,2024-09-17,6531.0,6647.0,ridge,430.4009430013757,7077.400943001376,6647.0,6514.154539830918,6710.605371585,7153.004967726814,development_oof,1,False,False,True,False
2024-09-10,2024-09-17,6531.0,6647.0,sarimax,-131.2836970699982,6515.716302930002,6647.0,6514.154539830918,6710.605371585,7153.004967726814,development_oof,1,False,False,True,False
2024-09-10,2024-09-17,6531.0,6647.0,seven_day_drift,112.0,6759.0,6647.0,6514.154539830918,6710.605371585,7153.004967726814,development_oof,1,False,False,True,False
2024-09-10,2024-09-17,6531.0,6647.0,validation_weighted_ensemble,91.85599989592993,6738.85599989593,6647.0,6514.154539830918,6710.605371585,7153.004967726814,development_oof,1,False,False,True,False
2024-09-10,2024-09-17,6531.0,6647.0,xgboost,50.885711669921875,6697.885711669922,6647.0,6514.154539830918,6710.605371585,7153.004967726814,development_oof,1,False,False,True,False
2024-09-11,2024-09-18,6458.0,6658.0,catboost,61.639999739825726,6719.639999739826,6658.0,6523.265154379641,6721.605371585,7164.004967726814,development_oof,1,False,False,True,False
2024-09-11,2024-09-18,6458.0,6658.0,elastic_net,459.9420208484689,7117.942020848469,6658.0,6523.265154379641,6721.605371585,7164.004967726814,development_oof,1,False,False,True,False
2024-09-11,2024-09-18,6458.0,6658.0,ets,254.14691088605014,6912.14691088605,6658.0,6523.265154379641,6721.605371585,7164.004967726814,development_oof,1,False,False,True,False
2024-09-11,2024-09-18,6458.0,6658.0,lightgbm,63.078022670982136,6721.078022670982,6658.0,6523.265154379641,6721.605371585,7164.004967726814,development_oof,1,False,False,True,False
2024-09-11,2024-09-18,6458.0,6658.0,persistence,0.0,6658.0,6658.0,6523.265154379641,6721.605371585,7164.004967726814,development_oof,1,False,False,True,False
2024-09-11,2024-09-18,6458.0,6658.0,ridge,392.6913694740151,7050.691369474015,6658.0,6523.265154379641,6721.605371585,7164.004967726814,development_oof,1,False,False,True,False
2024-09-11,2024-09-18,6458.0,6658.0,sarimax,-131.7952952172236,6526.204704782776,6658.0,6523.265154379641,6721.605371585,7164.004967726814,development_oof,1,False,False,True,False
2024-09-11,2024-09-18,6458.0,6658.0,seven_day_drift,52.0,6710.0,6658.0,6523.265154379641,6721.605371585,7164.004967726814,development_oof,1,False,False,True,False
2024-09-11,2024-09-18,6458.0,6658.0,validation_weighted_ensemble,55.855999895930836,6713.855999895931,6658.0,6523.265154379641,6721.605371585,7164.004967726814,development_oof,1,False,False,True,False
2024-09-11,2024-09-18,6458.0,6658.0,xgboost,63.204410552978516,6721.2044105529785,6658.0,6523.265154379641,6721.605371585,7164.004967726814,development_oof,1,False,False,True,False
2024-09-12,2024-09-19,6466.0,6640.0,catboost,61.639999739825726,6701.639999739826,6640.0,6455.692083959437,6649.535006315,7125.019152331561,development_oof,1,False,False,False,False
2024-09-12,2024-09-19,6466.0,6640.0,elastic_net,481.5721288341583,7121.572128834158,6640.0,6455.692083959437,6649.535006315,7125.019152331561,development_oof,1,False,False,False,False
2024-09-12,2024-09-19,6466.0,6640.0,ets,254.1477459889984,6894.147745988998,6640.0,6455.692083959437,6649.535006315,7125.019152331561,development_oof,1,False,False,False,False
2024-09-12,2024-09-19,6466.0,6640.0,lightgbm,9.032181485644287,6649.032181485644,6640.0,6455.692083959437,6649.535006315,7125.019152331561,development_oof,1,False,False,False,False
2024-09-12,2024-09-19,6466.0,6640.0,persistence,0.0,6640.0,6640.0,6455.692083959437,6649.535006315,7125.019152331561,development_oof,1,False,False,False,False
2024-09-12,2024-09-19,6466.0,6640.0,ridge,392.73314414140077,7032.733144141401,6640.0,6455.692083959437,6649.535006315,7125.019152331561,development_oof,1,False,False,False,False
2024-09-12,2024-09-19,6466.0,6640.0,sarimax,-132.2869866895153,6507.713013310485,6640.0,6455.692083959437,6649.535006315,7125.019152331561,development_oof,1,False,False,False,False
2024-09-12,2024-09-19,6466.0,6640.0,seven_day_drift,-38.0,6602.0,6640.0,6455.692083959437,6649.535006315,7125.019152331561,development_oof,1,False,False,False,False
2024-09-12,2024-09-19,6466.0,6640.0,validation_weighted_ensemble,1.8559998959299264,6641.85599989593,6640.0,6455.692083959437,6649.535006315,7125.019152331561,development_oof,1,False,False,False,False
2024-09-12,2024-09-19,6466.0,6640.0,xgboost,11.26982307434082,6651.269823074341,6640.0,6455.692083959437,6649.535006315,7125.019152331561,development_oof,1,False,False,False,False
2024-09-13,2024-09-20,6385.0,6526.0,catboost,42.83000016026199,6568.830000160262,6526.0,6209.394102464517,6535.535006315,7011.019152331561,development_oof,1,False,True,False,False
2024-09-13,2024-09-20,6385.0,6526.0,elastic_net,482.2091420971219,7008.209142097122,6526.0,6209.394102464517,6535.535006315,7011.019152331561,development_oof,1,False,True,False,False
2024-09-13,2024-09-20,6385.0,6526.0,ets,254.14841407135646,6780.1484140713565,6526.0,6209.394102464517,6535.535006315,7011.019152331561,development_oof,1,False,True,False,False
2024-09-13,2024-09-20,6385.0,6526.0,lightgbm,4.812273122081933,6530.812273122082,6526.0,6209.394102464517,6535.535006315,7011.019152331561,development_oof,1,False,True,False,False
2024-09-13,2024-09-20,6385.0,6526.0,persistence,0.0,6526.0,6526.0,6209.394102464517,6535.535006315,7011.019152331561,development_oof,1,False,True,False,False
2024-09-13,2024-09-20,6385.0,6526.0,ridge,369.06282985140024,6895.0628298514,6526.0,6209.394102464517,6535.535006315,7011.019152331561,development_oof,1,False,True,False,False
2024-09-13,2024-09-20,6385.0,6526.0,sarimax,-132.76057837658846,6393.2394216234115,6526.0,6209.394102464517,6535.535006315,7011.019152331561,development_oof,1,False,True,False,False
2024-09-13,2024-09-20,6385.0,6526.0,seven_day_drift,-115.0,6411.0,6526.0,6209.394102464517,6535.535006315,7011.019152331561,development_oof,1,False,True,False,False
2024-09-13,2024-09-20,6385.0,6526.0,validation_weighted_ensemble,-51.86799993589557,6474.132000064104,6526.0,6209.394102464517,6535.535006315,7011.019152331561,development_oof,1,False,True,False,False
2024-09-13,2024-09-20,6385.0,6526.0,xgboost,11.26982307434082,6537.269823074341,6526.0,6209.394102464517,6535.535006315,7011.019152331561,development_oof,1,False,True,False,False
2024-09-14,2024-09-21,6304.0,6490.0,catboost,61.639999739825726,6551.639999739826,6490.0,6260.909510706744,6499.535006315,6975.019152331561,development_oof,1,True,False,False,False
2024-09-14,2024-09-21,6304.0,6490.0,elastic_net,430.5429582126708,6920.542958212671,6490.0,6260.909510706744,6499.535006315,6975.019152331561,development_oof,1,True,False,False,False
2024-09-14,2024-09-21,6304.0,6490.0,ets,254.1489485372431,6744.148948537243,6490.0,6260.909510706744,6499.535006315,6975.019152331561,development_oof,1,True,False,False,False
2024-09-14,2024-09-21,6304.0,6490.0,lightgbm,-2.3978185143550945,6487.602181485645,6490.0,6260.909510706744,6499.535006315,6975.019152331561,development_oof,1,True,False,False,False
2024-09-14,2024-09-21,6304.0,6490.0,persistence,0.0,6490.0,6490.0,6260.909510706744,6499.535006315,6975.019152331561,development_oof,1,True,False,False,False
2024-09-14,2024-09-21,6304.0,6490.0,ridge,358.11306826363034,6848.11306826363,6490.0,6260.909510706744,6499.535006315,6975.019152331561,development_oof,1,True,False,False,False
2024-09-14,2024-09-21,6304.0,6490.0,sarimax,-133.21771315295246,6356.7822868470475,6490.0,6260.909510706744,6499.535006315,6975.019152331561,development_oof,1,True,False,False,False
2024-09-14,2024-09-21,6304.0,6490.0,seven_day_drift,-114.0,6376.0,6490.0,6260.909510706744,6499.535006315,6975.019152331561,development_oof,1,True,False,False,False
2024-09-14,2024-09-21,6304.0,6490.0,validation_weighted_ensemble,-43.74400010406953,6446.2559998959305,6490.0,6260.909510706744,6499.535006315,6975.019152331561,development_oof,1,True,False,False,False
2024-09-14,2024-09-21,6304.0,6490.0,xgboost,11.26982307434082,6501.269823074341,6490.0,6260.909510706744,6499.535006315,6975.019152331561,development_oof,1,True,False,False,False
2024-09-15,2024-09-22,6223.0,6454.0,catboost,61.639999739825726,6515.639999739826,6454.0,6208.342724794163,6463.535006315,6939.019152331561,development_oof,1,False,False,False,False
2024-09-15,2024-09-22,6223.0,6454.0,elastic_net,451.8543672855285,6905.8543672855285,6454.0,6208.342724794163,6463.535006315,6939.019152331561,development_oof,1,False,False,False,False
2024-09-15,2024-09-22,6223.0,6454.0,ets,254.14937610995275,6708.149376109953,6454.0,6208.342724794163,6463.535006315,6939.019152331561,development_oof,1,False,False,False,False
2024-09-15,2024-09-22,6223.0,6454.0,lightgbm,-2.3978185143550945,6451.602181485645,6454.0,6208.342724794163,6463.535006315,6939.019152331561,development_oof,1,False,False,False,False
2024-09-15,2024-09-22,6223.0,6454.0,persistence,0.0,6454.0,6454.0,6208.342724794163,6463.535006315,6939.019152331561,development_oof,1,False,False,False,False
2024-09-15,2024-09-22,6223.0,6454.0,ridge,359.5754549484873,6813.575454948487,6454.0,6208.342724794163,6463.535006315,6939.019152331561,development_oof,1,False,False,False,False
2024-09-15,2024-09-22,6223.0,6454.0,sarimax,-133.6598847737132,6320.340115226287,6454.0,6208.342724794163,6463.535006315,6939.019152331561,development_oof,1,False,False,False,False
2024-09-15,2024-09-22,6223.0,6454.0,seven_day_drift,-113.0,6341.0,6454.0,6208.342724794163,6463.535006315,6939.019152331561,development_oof,1,False,False,False,False
2024-09-15,2024-09-22,6223.0,6454.0,validation_weighted_ensemble,-43.144000104070074,6410.85599989593,6454.0,6208.342724794163,6463.535006315,6939.019152331561,development_oof,1,False,False,False,False
2024-09-15,2024-09-22,6223.0,6454.0,xgboost,11.26982307434082,6465.269823074341,6454.0,6208.342724794163,6463.535006315,6939.019152331561,development_oof,1,False,False,False,False
2024-09-16,2024-09-23,6205.0,6438.0,catboost,41.51000018976629,6479.510000189766,6438.0,6133.034927834082,6447.535006315,6923.019152331561,development_oof,1,False,False,False,False
2024-09-16,2024-09-23,6205.0,6438.0,elastic_net,403.83766203025607,6841.837662030256,6438.0,6133.034927834082,6447.535006315,6923.019152331561,development_oof,1,False,False,False,False
2024-09-16,2024-09-23,6205.0,6438.0,ets,254.14971816812067,6692.149718168121,6438.0,6133.034927834082,6447.535006315,6923.019152331561,development_oof,1,False,False,False,False
2024-09-16,2024-09-23,6205.0,6438.0,lightgbm,-13.101384061855242,6424.898615938145,6438.0,6133.034927834082,6447.535006315,6923.019152331561,development_oof,1,False,False,False,False
2024-09-16,2024-09-23,6205.0,6438.0,persistence,0.0,6438.0,6438.0,6133.034927834082,6447.535006315,6923.019152331561,development_oof,1,False,False,False,False
2024-09-16,2024-09-23,6205.0,6438.0,ridge,309.11205895589865,6747.112058955899,6438.0,6133.034927834082,6447.535006315,6923.019152331561,development_oof,1,False,False,False,False
2024-09-16,2024-09-23,6205.0,6438.0,sarimax,-134.08845140891663,6303.911548591083,6438.0,6133.034927834082,6447.535006315,6923.019152331561,development_oof,1,False,False,False,False
2024-09-16,2024-09-23,6205.0,6438.0,seven_day_drift,-190.0,6248.0,6438.0,6133.034927834082,6447.535006315,6923.019152331561,development_oof,1,False,False,False,False
2024-09-16,2024-09-23,6205.0,6438.0,validation_weighted_ensemble,-97.3959999240933,6340.604000075907,6438.0,6133.034927834082,6447.535006315,6923.019152331561,development_oof,1,False,False,False,False
2024-09-16,2024-09-23,6205.0,6438.0,xgboost,2.983523368835449,6440.983523368835,6438.0,6133.034927834082,6447.535006315,6923.019152331561,development_oof,1,False,False,False,False
2024-09-17,2024-09-24,6282.0,6531.0,catboost,41.51000018976629,6572.510000189766,6531.0,6206.390833184737,6540.535006315,7029.604788029596,development_oof,1,False,False,False,False
2024-09-17,2024-09-24,6282.0,6531.0,elastic_net,492.0095154967694,7023.009515496769,6531.0,6206.390833184737,6540.535006315,7029.604788029596,development_oof,1,False,False,False,False
2024-09-17,2024-09-24,6282.0,6531.0,ets,254.14999181465464,6785.149991814655,6531.0,6206.390833184737,6540.535006315,7029.604788029596,development_oof,1,False,False,False,False
2024-09-17,2024-09-24,6282.0,6531.0,lightgbm,-18.768001906855716,6512.231998093144,6531.0,6206.390833184737,6540.535006315,7029.604788029596,development_oof,1,False,False,False,False
2024-09-17,2024-09-24,6282.0,6531.0,persistence,0.0,6531.0,6531.0,6206.390833184737,6540.535006315,7029.604788029596,development_oof,1,False,False,False,False
2024-09-17,2024-09-24,6282.0,6531.0,ridge,393.1621846643602,6924.16218466436,6531.0,6206.390833184737,6540.535006315,7029.604788029596,development_oof,1,False,False,False,False
2024-09-17,2024-09-24,6282.0,6531.0,sarimax,-134.5046479517414,6396.495352048259,6531.0,6206.390833184737,6540.535006315,7029.604788029596,development_oof,1,False,False,False,False
2024-09-17,2024-09-24,6282.0,6531.0,seven_day_drift,-116.0,6415.0,6531.0,6206.390833184737,6540.535006315,7029.604788029596,development_oof,1,False,False,False,False
2024-09-17,2024-09-24,6282.0,6531.0,validation_weighted_ensemble,-52.99599992409367,6478.004000075906,6531.0,6206.390833184737,6540.535006315,7029.604788029596,development_oof,1,False,False,False,False
2024-09-17,2024-09-24,6282.0,6531.0,xgboost,11.26982307434082,6542.269823074341,6531.0,6206.390833184737,6540.535006315,7029.604788029596,development_oof,1,False,False,False,False
2024-09-18,2024-09-25,6275.0,6458.0,catboost,34.220000352710485,6492.2200003527105,6458.0,6155.086373268195,6467.535006315,6943.019152331561,development_oof,1,False,True,True,False
2024-09-18,2024-09-25,6275.0,6458.0,elastic_net,436.98282654507057,6894.982826545071,6458.0,6155.086373268195,6467.535006315,6943.019152331561,development_oof,1,False,True,True,False
2024-09-18,2024-09-25,6275.0,6458.0,ets,254.150210731882,6712.150210731882,6458.0,6155.086373268195,6467.535006315,6943.019152331561,development_oof,1,False,True,True,False
2024-09-18,2024-09-25,6275.0,6458.0,lightgbm,-5.891292425418214,6452.108707574582,6458.0,6155.086373268195,6467.535006315,6943.019152331561,development_oof,1,False,True,True,False
2024-09-18,2024-09-25,6275.0,6458.0,persistence,0.0,6458.0,6458.0,6155.086373268195,6467.535006315,6943.019152331561,development_oof,1,False,True,True,False
2024-09-18,2024-09-25,6275.0,6458.0,ridge,322.83411637261815,6780.834116372618,6458.0,6155.086373268195,6467.535006315,6943.019152331561,development_oof,1,False,True,True,False
2024-09-18,2024-09-25,6275.0,6458.0,sarimax,-134.9095972062778,6323.090402793722,6458.0,6155.086373268195,6467.535006315,6943.019152331561,development_oof,1,False,True,True,False
2024-09-18,2024-09-25,6275.0,6458.0,seven_day_drift,-200.0,6258.0,6458.0,6155.086373268195,6467.535006315,6943.019152331561,development_oof,1,False,True,True,False
2024-09-18,2024-09-25,6275.0,6458.0,validation_weighted_ensemble,-106.31199985891635,6351.688000141084,6458.0,6155.086373268195,6467.535006315,6943.019152331561,development_oof,1,False,True,True,False
2024-09-18,2024-09-25,6275.0,6458.0,xgboost,8.458520889282227,6466.458520889282,6458.0,6155.086373268195,6467.535006315,6943.019152331561,development_oof,1,False,True,True,False
2024-09-19,2024-09-26,6289.0,6466.0,catboost,42.50000016763806,6508.500000167638,6466.0,6113.86388091691,6475.535006315,6972.004967726814,development_oof,1,False,False,False,False
2024-09-19,2024-09-26,6289.0,6466.0,elastic_net,521.3354980342974,6987.335498034297,6466.0,6113.86388091691,6475.535006315,6972.004967726814,development_oof,1,False,False,False,False
2024-09-19,2024-09-26,6289.0,6466.0,ets,254.15038586566334,6720.150385865663,6466.0,6113.86388091691,6475.535006315,6972.004967726814,development_oof,1,False,False,False,False
2024-09-19,2024-09-26,6289.0,6466.0,lightgbm,-24.54252490685576,6441.457475093144,6466.0,6113.86388091691,6475.535006315,6972.004967726814,development_oof,1,False,False,False,False
2024-09-19,2024-09-26,6289.0,6466.0,persistence,0.0,6466.0,6466.0,6113.86388091691,6475.535006315,6972.004967726814,development_oof,1,False,False,False,False
2024-09-19,2024-09-26,6289.0,6466.0,ridge,398.3965816648679,6864.396581664868,6466.0,6113.86388091691,6475.535006315,6972.004967726814,development_oof,1,False,False,False,False
2024-09-19,2024-09-26,6289.0,6466.0,sarimax,-135.30432006204046,6330.6956799379595,6466.0,6113.86388091691,6475.535006315,6972.004967726814,development_oof,1,False,False,False,False
2024-09-19,2024-09-26,6289.0,6466.0,seven_day_drift,-174.0,6292.0,6466.0,6113.86388091691,6475.535006315,6972.004967726814,development_oof,1,False,False,False,False
2024-09-19,2024-09-26,6289.0,6466.0,validation_weighted_ensemble,-87.39999993294441,6378.600000067056,6466.0,6113.86388091691,6475.535006315,6972.004967726814,development_oof,1,False,False,False,False
2024-09-19,2024-09-26,6289.0,6466.0,xgboost,-11.68375301361084,6454.316246986389,6466.0,6113.86388091691,6475.535006315,6972.004967726814,development_oof,1,False,False,False,False
2024-09-20,2024-09-27,6239.0,6385.0,catboost,52.21999995037913,6437.219999950379,6385.0,6041.329954066743,6394.535006315,6870.019152331561,development_oof,1,True,False,False,False
2024-09-20,2024-09-27,6239.0,6385.0,elastic_net,446.120365754824,6831.120365754824,6385.0,6041.329954066743,6394.535006315,6870.019152331561,development_oof,1,True,False,False,False
2024-09-20,2024-09-27,6239.0,6385.0,ets,254.15052597268914,6639.150525972689,6385.0,6041.329954066743,6394.535006315,6870.019152331561,development_oof,1,True,False,False,False
2024-09-20,2024-09-27,6239.0,6385.0,lightgbm,-8.17234151435514,6376.827658485645,6385.0,6041.329954066743,6394.535006315,6870.019152331561,development_oof,1,True,False,False,False
2024-09-20,2024-09-27,6239.0,6385.0,persistence,0.0,6385.0,6385.0,6041.329954066743,6394.535006315,6870.019152331561,development_oof,1,True,False,False,False
2024-09-20,2024-09-27,6239.0,6385.0,ridge,351.2517699655873,6736.251769965587,6385.0,6041.329954066743,6394.535006315,6870.019152331561,development_oof,1,True,False,False,False
2024-09-20,2024-09-27,6239.0,6385.0,sarimax,-135.68974474538845,6249.310255254612,6385.0,6041.329954066743,6394.535006315,6870.019152331561,development_oof,1,True,False,False,False
2024-09-20,2024-09-27,6239.0,6385.0,seven_day_drift,-141.0,6244.0,6385.0,6041.329954066743,6394.535006315,6870.019152331561,development_oof,1,True,False,False,False
2024-09-20,2024-09-27,6239.0,6385.0,validation_weighted_ensemble,-63.71200001984835,6321.287999980152,6385.0,6041.329954066743,6394.535006315,6870.019152331561,development_oof,1,True,False,False,False
2024-09-20,2024-09-27,6239.0,6385.0,xgboost,-3.3974533081054688,6381.6025466918945,6385.0,6041.329954066743,6394.535006315,6870.019152331561,development_oof,1,True,False,False,False
2024-09-21,2024-09-28,6188.0,6304.0,catboost,52.21999995037913,6356.219999950379,6304.0,5954.948317619871,6313.535006315,6789.019152331561,development_oof,1,True,False,False,False
2024-09-21,2024-09-28,6188.0,6304.0,elastic_net,405.6822405093171,6709.682240509317,6304.0,5954.948317619871,6313.535006315,6789.019152331561,development_oof,1,True,False,False,False
2024-09-21,2024-09-28,6188.0,6304.0,ets,254.1506380583087,6558.150638058309,6304.0,5954.948317619871,6313.535006315,6789.019152331561,development_oof,1,True,False,False,False
2024-09-21,2024-09-28,6188.0,6304.0,lightgbm,-8.17234151435514,6295.827658485645,6304.0,5954.948317619871,6313.535006315,6789.019152331561,development_oof,1,True,False,False,False
2024-09-21,2024-09-28,6188.0,6304.0,persistence,0.0,6304.0,6304.0,5954.948317619871,6313.535006315,6789.019152331561,development_oof,1,True,False,False,False
2024-09-21,2024-09-28,6188.0,6304.0,ridge,318.1939143416721,6622.193914341672,6304.0,5954.948317619871,6313.535006315,6789.019152331561,development_oof,1,True,False,False,False
2024-09-21,2024-09-28,6188.0,6304.0,sarimax,-136.06671522955003,6167.93328477045,6304.0,5954.948317619871,6313.535006315,6789.019152331561,development_oof,1,True,False,False,False
2024-09-21,2024-09-28,6188.0,6304.0,seven_day_drift,-186.0,6118.0,6304.0,5954.948317619871,6313.535006315,6789.019152331561,development_oof,1,True,False,False,False
2024-09-21,2024-09-28,6188.0,6304.0,validation_weighted_ensemble,-90.71200001984835,6213.287999980152,6304.0,5954.948317619871,6313.535006315,6789.019152331561,development_oof,1,True,False,False,False
2024-09-21,2024-09-28,6188.0,6304.0,xgboost,-11.68375301361084,6292.316246986389,6304.0,5954.948317619871,6313.535006315,6789.019152331561,development_oof,1,True,False,False,False
2024-09-22,2024-09-29,6138.0,6223.0,catboost,55.87999986857176,6278.879999868572,6223.0,5858.276119444161,6232.535006315,6708.019152331561,development_oof,1,False,False,False,False
2024-09-22,2024-09-29,6138.0,6223.0,elastic_net,455.40932109184996,6678.40932109185,6223.0,5858.276119444161,6232.535006315,6708.019152331561,development_oof,1,False,False,False,False
2024-09-22,2024-09-29,6138.0,6223.0,ets,254.1507277268056,6477.150727726806,6223.0,5858.276119444161,6232.535006315,6708.019152331561,development_oof,1,False,False,False,False
2024-09-22,2024-09-29,6138.0,6223.0,lightgbm,-18.875907061855287,6204.124092938145,6223.0,5858.276119444161,6232.535006315,6708.019152331561,development_oof,1,False,False,False,False
2024-09-22,2024-09-29,6138.0,6223.0,persistence,0.0,6223.0,6223.0,5858.276119444161,6232.535006315,6708.019152331561,development_oof,1,False,False,False,False
2024-09-22,2024-09-29,6138.0,6223.0,ridge,355.07304149698757,6578.073041496988,6223.0,5858.276119444161,6232.535006315,6708.019152331561,development_oof,1,False,False,False,False
2024-09-22,2024-09-29,6138.0,6223.0,sarimax,-136.43599888229892,6086.564001117701,6223.0,5858.276119444161,6232.535006315,6708.019152331561,development_oof,1,False,False,False,False
2024-09-22,2024-09-29,6138.0,6223.0,seven_day_drift,-231.0,5992.0,6223.0,5858.276119444161,6232.535006315,6708.019152331561,development_oof,1,False,False,False,False
2024-09-22,2024-09-29,6138.0,6223.0,validation_weighted_ensemble,-116.24800005257111,6106.751999947429,6223.0,5858.276119444161,6232.535006315,6708.019152331561,development_oof,1,False,False,False,False
2024-09-22,2024-09-29,6138.0,6223.0,xgboost,-11.68375301361084,6211.316246986389,6223.0,5858.276119444161,6232.535006315,6708.019152331561,development_oof,1,False,False,False,False
2024-09-23,2024-09-30,6252.0,6205.0,catboost,41.51000018976629,6246.510000189766,6205.0,5863.373777297844,6214.535006315,6690.019152331561,development_oof,1,False,False,True,False
2024-09-23,2024-09-30,6252.0,6205.0,elastic_net,463.4998686138024,6668.499868613802,6205.0,5863.373777297844,6214.535006315,6690.019152331561,development_oof,1,False,False,True,False
2024-09-23,2024-09-30,6252.0,6205.0,ets,254.15079946160222,6459.150799461602,6205.0,5863.373777297844,6214.535006315,6690.019152331561,development_oof,1,False,False,True,False
2024-09-23,2024-09-30,6252.0,6205.0,lightgbm,-18.875907061855287,6186.124092938145,6205.0,5863.373777297844,6214.535006315,6690.019152331561,development_oof,1,False,False,True,False
2024-09-23,2024-09-30,6252.0,6205.0,persistence,0.0,6205.0,6205.0,5863.373777297844,6214.535006315,6690.019152331561,development_oof,1,False,False,True,False
2024-09-23,2024-09-30,6252.0,6205.0,ridge,366.79214052411226,6571.792140524112,6205.0,5863.373777297844,6214.535006315,6690.019152331561,development_oof,1,False,False,True,False
2024-09-23,2024-09-30,6252.0,6205.0,sarimax,-136.7982934192296,6068.20170658077,6205.0,5863.373777297844,6214.535006315,6690.019152331561,development_oof,1,False,False,True,False
2024-09-23,2024-09-30,6252.0,6205.0,seven_day_drift,-233.0,5972.0,6205.0,5863.373777297844,6214.535006315,6690.019152331561,development_oof,1,False,False,True,False
2024-09-23,2024-09-30,6252.0,6205.0,validation_weighted_ensemble,-123.19599992409348,6081.8040000759065,6205.0,5863.373777297844,6214.535006315,6690.019152331561,development_oof,1,False,False,True,False
2024-09-23,2024-09-30,6252.0,6205.0,xgboost,-11.68375301361084,6193.316246986389,6205.0,5863.373777297844,6214.535006315,6690.019152331561,development_oof,1,False,False,True,False
2024-09-24,2024-10-01,6354.0,6282.0,catboost,42.50000016763806,6324.500000167638,6282.0,5902.983571789173,6291.535006315,6780.604788029596,development_oof,1,False,False,True,False
2024-09-24,2024-10-01,6354.0,6282.0,elastic_net,512.8337273596981,6794.833727359698,6282.0,5902.983571789173,6291.535006315,6780.604788029596,development_oof,1,False,False,True,False
2024-09-24,2024-10-01,6354.0,6282.0,ets,254.15085684944006,6536.15085684944,6282.0,5902.983571789173,6291.535006315,6780.604788029596,development_oof,1,False,False,True,False
2024-09-24,2024-10-01,6354.0,6282.0,lightgbm,-24.54252490685576,6257.457475093144,6282.0,5902.983571789173,6291.535006315,6780.604788029596,development_oof,1,False,False,True,False
2024-09-24,2024-10-01,6354.0,6282.0,persistence,0.0,6282.0,6282.0,5902.983571789173,6291.535006315,6780.604788029596,development_oof,1,False,False,True,False
2024-09-24,2024-10-01,6354.0,6282.0,ridge,400.62000119523327,6682.620001195233,6282.0,5902.983571789173,6291.535006315,6780.604788029596,development_oof,1,False,False,True,False
2024-09-24,2024-10-01,6354.0,6282.0,sarimax,-137.15423322596143,6144.845766774039,6282.0,5902.983571789173,6291.535006315,6780.604788029596,development_oof,1,False,False,True,False
2024-09-24,2024-10-01,6354.0,6282.0,seven_day_drift,-249.0,6033.0,6282.0,5902.983571789173,6291.535006315,6780.604788029596,development_oof,1,False,False,True,False
2024-09-24,2024-10-01,6354.0,6282.0,validation_weighted_ensemble,-132.39999993294532,6149.600000067055,6282.0,5902.983571789173,6291.535006315,6780.604788029596,development_oof,1,False,False,True,False
2024-09-24,2024-10-01,6354.0,6282.0,xgboost,-11.68375301361084,6270.316246986389,6282.0,5902.983571789173,6291.535006315,6780.604788029596,development_oof,1,False,False,True,False
2024-09-25,2024-10-02,6306.0,6275.0,catboost,42.50000016763806,6317.500000167638,6275.0,5918.08959379662,6284.535006315,6770.816151787251,development_oof,1,False,False,True,False
2024-09-25,2024-10-02,6306.0,6275.0,elastic_net,440.8417502084376,6715.841750208438,6275.0,5918.08959379662,6284.535006315,6770.816151787251,development_oof,1,False,False,True,False
2024-09-25,2024-10-02,6306.0,6275.0,ets,254.15090275971033,6529.15090275971,6275.0,5918.08959379662,6284.535006315,6770.816151787251,development_oof,1,False,False,True,False
2024-09-25,2024-10-02,6306.0,6275.0,lightgbm,-24.54252490685576,6250.457475093144,6275.0,5918.08959379662,6284.535006315,6770.816151787251,development_oof,1,False,False,True,False
2024-09-25,2024-10-02,6306.0,6275.0,persistence,0.0,6275.0,6275.0,5918.08959379662,6284.535006315,6770.816151787251,development_oof,1,False,False,True,False
2024-09-25,2024-10-02,6306.0,6275.0,ridge,347.2878800898998,6622.2878800899,6275.0,5918.08959379662,6284.535006315,6770.816151787251,development_oof,1,False,False,True,False
2024-09-25,2024-10-02,6306.0,6275.0,sarimax,-137.50439510640444,6137.495604893596,6275.0,5918.08959379662,6284.535006315,6770.816151787251,development_oof,1,False,False,True,False
2024-09-25,2024-10-02,6306.0,6275.0,seven_day_drift,-183.0,6092.0,6275.0,5918.08959379662,6284.535006315,6770.816151787251,development_oof,1,False,False,True,False
2024-09-25,2024-10-02,6306.0,6275.0,validation_weighted_ensemble,-92.79999993294496,6182.200000067055,6275.0,5918.08959379662,6284.535006315,6770.816151787251,development_oof,1,False,False,True,False
2024-09-25,2024-10-02,6306.0,6275.0,xgboost,-11.68375301361084,6263.316246986389,6275.0,5918.08959379662,6284.535006315,6770.816151787251,development_oof,1,False,False,True,False
2024-09-26,2024-10-03,6280.0,6289.0,catboost,-114.8156268760049,6174.184373123995,6289.0,5954.992827167441,6322.04605,6405.369417647701,development_oof,2,False,False,False,False
2024-09-26,2024-10-03,6280.0,6289.0,elastic_net,156.39474877419525,6445.394748774195,6289.0,5954.992827167441,6322.04605,6405.369417647701,development_oof,2,False,False,False,False
2024-09-26,2024-10-03,6280.0,6289.0,ets,-137.94811441276488,6151.051885587235,6289.0,5954.992827167441,6322.04605,6405.369417647701,development_oof,2,False,False,False,False
2024-09-26,2024-10-03,6280.0,6289.0,lightgbm,28.11645000000044,6317.11645,6289.0,5954.992827167441,6322.04605,6405.369417647701,development_oof,2,False,False,False,False
2024-09-26,2024-10-03,6280.0,6289.0,persistence,0.0,6289.0,6289.0,5954.992827167441,6322.04605,6405.369417647701,development_oof,2,False,False,False,False
2024-09-26,2024-10-03,6280.0,6289.0,ridge,126.26894515626918,6415.268945156269,6289.0,5954.992827167441,6322.04605,6405.369417647701,development_oof,2,False,False,False,False
2024-09-26,2024-10-03,6280.0,6289.0,sarimax,-176.1559717364371,6112.844028263563,6289.0,5954.992827167441,6322.04605,6405.369417647701,development_oof,2,False,False,False,False
2024-09-26,2024-10-03,6280.0,6289.0,seven_day_drift,-177.0,6112.0,6289.0,5954.992827167441,6322.04605,6405.369417647701,development_oof,2,False,False,False,False
2024-09-26,2024-10-03,6280.0,6289.0,validation_weighted_ensemble,-152.1262507504016,6136.873749249598,6289.0,5954.992827167441,6322.04605,6405.369417647701,development_oof,2,False,False,False,False
2024-09-26,2024-10-03,6280.0,6289.0,xgboost,42.70500183105469,6331.705001831055,6289.0,5954.992827167441,6322.04605,6405.369417647701,development_oof,2,False,False,False,False
2024-09-27,2024-10-04,6249.0,6239.0,catboost,-69.3918462770016,6169.608153722998,6239.0,5968.519780676764,6269.07605,6366.863736905221,development_oof,2,True,False,False,False
2024-09-27,2024-10-04,6249.0,6239.0,elastic_net,159.77850778054108,6398.778507780541,6239.0,5968.519780676764,6269.07605,6366.863736905221,development_oof,2,True,False,False,False
2024-09-27,2024-10-04,6249.0,6239.0,ets,-135.96452206599315,6103.035477934007,6239.0,5968.519780676764,6269.07605,6366.863736905221,development_oof,2,True,False,False,False
2024-09-27,2024-10-04,6249.0,6239.0,lightgbm,28.11645000000044,6267.11645,6239.0,5968.519780676764,6269.07605,6366.863736905221,development_oof,2,True,False,False,False
2024-09-27,2024-10-04,6249.0,6239.0,persistence,0.0,6239.0,6239.0,5968.519780676764,6269.07605,6366.863736905221,development_oof,2,True,False,False,False
2024-09-27,2024-10-04,6249.0,6239.0,ridge,135.79351316579505,6374.793513165795,6239.0,5968.519780676764,6269.07605,6366.863736905221,development_oof,2,True,False,False,False
2024-09-27,2024-10-04,6249.0,6239.0,sarimax,-170.080964665387,6068.919035334613,6239.0,5968.519780676764,6269.07605,6366.863736905221,development_oof,2,True,False,False,False
2024-09-27,2024-10-04,6249.0,6239.0,seven_day_drift,-146.0,6093.0,6239.0,5968.519780676764,6269.07605,6366.863736905221,development_oof,2,True,False,False,False
2024-09-27,2024-10-04,6249.0,6239.0,validation_weighted_ensemble,-115.35673851080082,6123.643261489199,6239.0,5968.519780676764,6269.07605,6366.863736905221,development_oof,2,True,False,False,False
2024-09-27,2024-10-04,6249.0,6239.0,xgboost,41.369998931884766,6280.369998931885,6239.0,5968.519780676764,6269.07605,6366.863736905221,development_oof,2,True,False,False,False
2024-09-28,2024-10-05,6219.0,6188.0,catboost,-37.4644627833859,6150.535537216614,6188.0,5933.673721939668,6218.07605,6358.228970877467,development_oof,2,True,False,False,False
2024-09-28,2024-10-05,6219.0,6188.0,elastic_net,141.78028921678106,6329.780289216781,6188.0,5933.673721939668,6218.07605,6358.228970877467,development_oof,2,True,False,False,False
2024-09-28,2024-10-05,6219.0,6188.0,ets,-134.37764818857522,6053.622351811425,6188.0,5933.673721939668,6218.07605,6358.228970877467,development_oof,2,True,False,False,False
2024-09-28,2024-10-05,6219.0,6188.0,lightgbm,28.11645000000044,6216.11645,6188.0,5933.673721939668,6218.07605,6358.228970877467,development_oof,2,True,False,False,False
2024-09-28,2024-10-05,6219.0,6188.0,persistence,0.0,6188.0,6188.0,5933.673721939668,6218.07605,6358.228970877467,development_oof,2,True,False,False,False
2024-09-28,2024-10-05,6219.0,6188.0,ridge,128.5925145059282,6316.592514505928,6188.0,5933.673721939668,6218.07605,6358.228970877467,development_oof,2,True,False,False,False
2024-09-28,2024-10-05,6219.0,6188.0,sarimax,-164.45781475063905,6023.542185249361,6188.0,5933.673721939668,6218.07605,6358.228970877467,development_oof,2,True,False,False,False
2024-09-28,2024-10-05,6219.0,6188.0,seven_day_drift,-116.0,6072.0,6188.0,5933.673721939668,6218.07605,6358.228970877467,development_oof,2,True,False,False,False
2024-09-28,2024-10-05,6219.0,6188.0,validation_weighted_ensemble,-84.58578511335418,6103.414214886646,6188.0,5933.673721939668,6218.07605,6358.228970877467,development_oof,2,True,False,False,False
2024-09-28,2024-10-05,6219.0,6188.0,xgboost,41.369998931884766,6229.369998931885,6188.0,5933.673721939668,6218.07605,6358.228970877467,development_oof,2,True,False,False,False
2024-09-29,2024-10-06,6189.0,6138.0,catboost,-18.062371198929213,6119.937628801071,6138.0,5903.2233653985495,6168.07605,6427.143454799871,development_oof,2,False,False,False,False
2024-09-29,2024-10-06,6189.0,6138.0,elastic_net,197.5967707953978,6335.596770795398,6138.0,5903.2233653985495,6168.07605,6427.143454799871,development_oof,2,False,False,False,False
2024-09-29,2024-10-06,6189.0,6138.0,ets,-133.1081490866418,6004.891850913358,6138.0,5903.2233653985495,6168.07605,6427.143454799871,development_oof,2,False,False,False,False
2024-09-29,2024-10-06,6189.0,6138.0,lightgbm,28.11645000000044,6166.11645,6138.0,5903.2233653985495,6168.07605,6427.143454799871,development_oof,2,False,False,False,False
2024-09-29,2024-10-06,6189.0,6138.0,persistence,0.0,6138.0,6138.0,5903.2233653985495,6168.07605,6427.143454799871,development_oof,2,False,False,False,False
2024-09-29,2024-10-06,6189.0,6138.0,ridge,177.4001923344731,6315.400192334473,6138.0,5903.2233653985495,6168.07605,6427.143454799871,development_oof,2,False,False,False,False
2024-09-29,2024-10-06,6189.0,6138.0,sarimax,-159.3254858761793,5978.674514123821,6138.0,5903.2233653985495,6168.07605,6427.143454799871,development_oof,2,False,False,False,False
2024-09-29,2024-10-06,6189.0,6138.0,seven_day_drift,-85.0,6053.0,6138.0,5903.2233653985495,6168.07605,6427.143454799871,development_oof,2,False,False,False,False
2024-09-29,2024-10-06,6189.0,6138.0,validation_weighted_ensemble,-58.22494847957205,6079.775051520428,6138.0,5903.2233653985495,6168.07605,6427.143454799871,development_oof,2,False,False,False,False
2024-09-29,2024-10-06,6189.0,6138.0,xgboost,41.369998931884766,6179.369998931885,6138.0,5903.2233653985495,6168.07605,6427.143454799871,development_oof,2,False,False,False,False
2024-09-30,2024-10-07,6158.0,6252.0,catboost,50.6583898873987,6302.658389887399,6252.0,6128.444277809357,6315.2124,6499.667433924685,development_oof,2,False,False,True,False
2024-09-30,2024-10-07,6158.0,6252.0,elastic_net,257.76532462382147,6509.7653246238215,6252.0,6128.444277809357,6315.2124,6499.667433924685,development_oof,2,False,False,True,False
2024-09-30,2024-10-07,6158.0,6252.0,ets,-132.09254980509468,6119.907450194905,6252.0,6128.444277809357,6315.2124,6499.667433924685,development_oof,2,False,False,True,False
2024-09-30,2024-10-07,6158.0,6252.0,lightgbm,60.03704999999991,6312.03705,6252.0,6128.444277809357,6315.2124,6499.667433924685,development_oof,2,False,False,True,False
2024-09-30,2024-10-07,6158.0,6252.0,persistence,0.0,6252.0,6252.0,6128.444277809357,6315.2124,6499.667433924685,development_oof,2,False,False,True,False
2024-09-30,2024-10-07,6158.0,6252.0,ridge,228.7720750243634,6480.772075024363,6252.0,6128.444277809357,6315.2124,6499.667433924685,development_oof,2,False,False,True,False
2024-09-30,2024-10-07,6158.0,6252.0,sarimax,-154.41637166597047,6097.5836283340295,6252.0,6128.444277809357,6315.2124,6499.667433924685,development_oof,2,False,False,True,False
2024-09-30,2024-10-07,6158.0,6252.0,seven_day_drift,47.0,6299.0,6252.0,6128.444277809357,6315.2124,6499.667433924685,development_oof,2,False,False,True,False
2024-09-30,2024-10-07,6158.0,6252.0,validation_weighted_ensemble,48.4633559549593,6300.463355954959,6252.0,6128.444277809357,6315.2124,6499.667433924685,development_oof,2,False,False,True,False
2024-09-30,2024-10-07,6158.0,6252.0,xgboost,56.11499786376953,6308.1149978637695,6252.0,6128.444277809357,6315.2124,6499.667433924685,development_oof,2,False,False,True,False
2024-10-01,2024-10-08,6252.0,6354.0,catboost,27.557201276782507,6381.5572012767825,6354.0,6203.029896105917,6403.1532,6595.57670091093,development_oof,2,False,False,True,False
2024-10-01,2024-10-08,6252.0,6354.0,elastic_net,276.75499980257337,6630.754999802573,6354.0,6203.029896105917,6403.1532,6595.57670091093,development_oof,2,False,False,True,False
2024-10-01,2024-10-08,6252.0,6354.0,ets,-131.28007037985662,6222.719929620143,6354.0,6203.029896105917,6403.1532,6595.57670091093,development_oof,2,False,False,True,False
2024-10-01,2024-10-08,6252.0,6354.0,lightgbm,49.16790000000037,6403.1679,6354.0,6203.029896105917,6403.1532,6595.57670091093,development_oof,2,False,False,True,False
2024-10-01,2024-10-08,6252.0,6354.0,persistence,0.0,6354.0,6354.0,6203.029896105917,6403.1532,6595.57670091093,development_oof,2,False,False,True,False
2024-10-01,2024-10-08,6252.0,6354.0,ridge,256.3942975537211,6610.394297553721,6354.0,6203.029896105917,6403.1532,6595.57670091093,development_oof,2,False,False,True,False
2024-10-01,2024-10-08,6252.0,6354.0,sarimax,-150.62782997031718,6203.372170029683,6354.0,6203.029896105917,6403.1532,6595.57670091093,development_oof,2,False,False,True,False
2024-10-01,2024-10-08,6252.0,6354.0,seven_day_drift,72.0,6426.0,6354.0,6203.029896105917,6403.1532,6595.57670091093,development_oof,2,False,False,True,False
2024-10-01,2024-10-08,6252.0,6354.0,validation_weighted_ensemble,54.22288051071337,6408.222880510713,6354.0,6203.029896105917,6403.1532,6595.57670091093,development_oof,2,False,False,True,False
2024-10-01,2024-10-08,6252.0,6354.0,xgboost,42.70500183105469,6396.705001831055,6354.0,6203.029896105917,6403.1532,6595.57670091093,development_oof,2,False,False,True,False
2024-10-02,2024-10-09,6263.0,6306.0,catboost,78.17652876101783,6384.176528761018,6306.0,6178.360751658698,6369.2124,6566.893501630885,development_oof,2,False,True,True,False
2024-10-02,2024-10-09,6263.0,6306.0,elastic_net,191.16412532790764,6497.164125327908,6306.0,6178.360751658698,6369.2124,6566.893501630885,development_oof,2,False,True,True,False
2024-10-02,2024-10-09,6263.0,6306.0,ets,-130.63008683966655,6175.369913160333,6306.0,6178.360751658698,6369.2124,6566.893501630885,development_oof,2,False,True,True,False
2024-10-02,2024-10-09,6263.0,6306.0,lightgbm,60.03704999999991,6366.03705,6306.0,6178.360751658698,6369.2124,6566.893501630885,development_oof,2,False,True,True,False
2024-10-02,2024-10-09,6263.0,6306.0,persistence,0.0,6306.0,6306.0,6178.360751658698,6369.2124,6566.893501630885,development_oof,2,False,True,True,False
2024-10-02,2024-10-09,6263.0,6306.0,ridge,172.42884244936886,6478.428842449369,6306.0,6178.360751658698,6369.2124,6566.893501630885,development_oof,2,False,True,True,False
2024-10-02,2024-10-09,6263.0,6306.0,sarimax,-146.2657922106082,6159.734207789392,6306.0,6178.360751658698,6369.2124,6566.893501630885,development_oof,2,False,True,True,False
2024-10-02,2024-10-09,6263.0,6306.0,seven_day_drift,31.0,6337.0,6306.0,6178.360751658698,6369.2124,6566.893501630885,development_oof,2,False,True,True,False
2024-10-02,2024-10-09,6263.0,6306.0,validation_weighted_ensemble,49.87061150440695,6355.870611504407,6306.0,6178.360751658698,6369.2124,6566.893501630885,development_oof,2,False,True,True,False
2024-10-02,2024-10-09,6263.0,6306.0,xgboost,56.11499786376953,6362.1149978637695,6306.0,6178.360751658698,6369.2124,6566.893501630885,development_oof,2,False,True,True,False
2024-10-03,2024-10-10,6233.0,6280.0,catboost,5.8581705137003155,6285.8581705137,6280.0,6110.819638844818,6310.07605,6524.592215987518,development_oof,2,False,True,False,False
2024-10-03,2024-10-10,6233.0,6280.0,elastic_net,235.59600203884565,6515.596002038846,6280.0,6110.819638844818,6310.07605,6524.592215987518,development_oof,2,False,True,False,False
2024-10-03,2024-10-10,6233.0,6280.0,ets,-130.11010000751412,6149.889899992486,6280.0,6110.819638844818,6310.07605,6524.592215987518,development_oof,2,False,True,False,False
2024-10-03,2024-10-10,6233.0,6280.0,lightgbm,28.11645000000044,6308.11645,6280.0,6110.819638844818,6310.07605,6524.592215987518,development_oof,2,False,True,False,False
2024-10-03,2024-10-10,6233.0,6280.0,persistence,0.0,6280.0,6280.0,6110.819638844818,6310.07605,6524.592215987518,development_oof,2,False,True,False,False
2024-10-03,2024-10-10,6233.0,6280.0,ridge,205.70190018897392,6485.701900188974,6280.0,6110.819638844818,6310.07605,6524.592215987518,development_oof,2,False,True,False,False
2024-10-03,2024-10-10,6233.0,6280.0,sarimax,-142.76244600559858,6137.237553994401,6280.0,6110.819638844818,6310.07605,6524.592215987518,development_oof,2,False,True,False,False
2024-10-03,2024-10-10,6233.0,6280.0,seven_day_drift,-9.0,6271.0,6280.0,6110.819638844818,6310.07605,6524.592215987518,development_oof,2,False,True,False,False
2024-10-03,2024-10-10,6233.0,6280.0,validation_weighted_ensemble,-3.056731794519692,6276.94326820548,6280.0,6110.819638844818,6310.07605,6524.592215987518,development_oof,2,False,True,False,False
2024-10-03,2024-10-10,6233.0,6280.0,xgboost,56.11499786376953,6336.1149978637695,6280.0,6110.819638844818,6310.07605,6524.592215987518,development_oof,2,False,True,False,False
2024-10-04,2024-10-11,6194.0,6249.0,catboost,14.88606004999474,6263.886060049995,6249.0,6130.389999996278,6279.07605,6477.650817514266,development_oof,2,True,False,False,False
2024-10-04,2024-10-11,6194.0,6249.0,elastic_net,206.50821875535985,6455.50821875536,6249.0,6130.389999996278,6279.07605,6477.650817514266,development_oof,2,True,False,False,False
2024-10-04,2024-10-11,6194.0,6249.0,ets,-129.69411054179272,6119.305889458207,6249.0,6130.389999996278,6279.07605,6477.650817514266,development_oof,2,True,False,False,False
2024-10-04,2024-10-11,6194.0,6249.0,lightgbm,41.66204999999991,6290.66205,6249.0,6130.389999996278,6279.07605,6477.650817514266,development_oof,2,True,False,False,False
2024-10-04,2024-10-11,6194.0,6249.0,persistence,0.0,6249.0,6249.0,6130.389999996278,6279.07605,6477.650817514266,development_oof,2,True,False,False,False
2024-10-04,2024-10-11,6194.0,6249.0,ridge,195.5273936532194,6444.527393653219,6249.0,6130.389999996278,6279.07605,6477.650817514266,development_oof,2,True,False,False,False
2024-10-04,2024-10-11,6194.0,6249.0,sarimax,-139.5783787913997,6109.4216212086,6249.0,6130.389999996278,6279.07605,6477.650817514266,development_oof,2,True,False,False,False
2024-10-04,2024-10-11,6194.0,6249.0,seven_day_drift,10.0,6259.0,6249.0,6130.389999996278,6279.07605,6477.650817514266,development_oof,2,True,False,False,False
2024-10-04,2024-10-11,6194.0,6249.0,validation_weighted_ensemble,11.954424019997532,6260.9544240199975,6249.0,6130.389999996278,6279.07605,6477.650817514266,development_oof,2,True,False,False,False
2024-10-04,2024-10-11,6194.0,6249.0,xgboost,56.11499786376953,6305.1149978637695,6249.0,6130.389999996278,6279.07605,6477.650817514266,development_oof,2,True,False,False,False
2024-10-05,2024-10-12,6155.0,6219.0,catboost,57.2967463579007,6276.296746357901,6219.0,6108.026567603405,6282.2124,6463.87198047594,development_oof,2,True,False,False,False
2024-10-05,2024-10-12,6155.0,6219.0,elastic_net,191.47857372663202,6410.478573726632,6219.0,6108.026567603405,6282.2124,6463.87198047594,development_oof,2,True,False,False,False
2024-10-05,2024-10-12,6155.0,6219.0,ets,-129.36131896921506,6089.638681030785,6219.0,6108.026567603405,6282.2124,6463.87198047594,development_oof,2,True,False,False,False
2024-10-05,2024-10-12,6155.0,6219.0,lightgbm,60.03704999999991,6279.03705,6219.0,6108.026567603405,6282.2124,6463.87198047594,development_oof,2,True,False,False,False
2024-10-05,2024-10-12,6155.0,6219.0,persistence,0.0,6219.0,6219.0,6108.026567603405,6282.2124,6463.87198047594,development_oof,2,True,False,False,False
2024-10-05,2024-10-12,6155.0,6219.0,ridge,188.7264305977169,6407.726430597717,6219.0,6108.026567603405,6282.2124,6463.87198047594,development_oof,2,True,False,False,False
2024-10-05,2024-10-12,6155.0,6219.0,sarimax,-136.69987265396958,6082.30012734603,6219.0,6108.026567603405,6282.2124,6463.87198047594,development_oof,2,True,False,False,False
2024-10-05,2024-10-12,6155.0,6219.0,seven_day_drift,31.0,6250.0,6219.0,6108.026567603405,6282.2124,6463.87198047594,development_oof,2,True,False,False,False
2024-10-05,2024-10-12,6155.0,6219.0,validation_weighted_ensemble,41.5186985431601,6260.51869854316,6219.0,6108.026567603405,6282.2124,6463.87198047594,development_oof,2,True,False,False,False
2024-10-05,2024-10-12,6155.0,6219.0,xgboost,56.11499786376953,6275.1149978637695,6219.0,6108.026567603405,6282.2124,6463.87198047594,development_oof,2,True,False,False,False
2024-10-06,2024-10-13,6116.0,6189.0,catboost,53.0618509848,6242.0618509848,6189.0,6117.7152988554135,6252.2124,6488.918532483633,development_oof,2,True,False,False,False
2024-10-06,2024-10-13,6116.0,6189.0,elastic_net,162.11857013317876,6351.118570133179,6189.0,6117.7152988554135,6252.2124,6488.918532483633,development_oof,2,True,False,False,False
2024-10-06,2024-10-13,6116.0,6189.0,ets,-129.09508571115293,6059.904914288847,6189.0,6117.7152988554135,6252.2124,6488.918532483633,development_oof,2,True,False,False,False
2024-10-06,2024-10-13,6116.0,6189.0,lightgbm,60.03704999999991,6249.03705,6189.0,6117.7152988554135,6252.2124,6488.918532483633,development_oof,2,True,False,False,False
2024-10-06,2024-10-13,6116.0,6189.0,persistence,0.0,6189.0,6189.0,6117.7152988554135,6252.2124,6488.918532483633,development_oof,2,True,False,False,False
2024-10-06,2024-10-13,6116.0,6189.0,ridge,157.39296266716883,6346.392962667169,6189.0,6117.7152988554135,6252.2124,6488.918532483633,development_oof,2,True,False,False,False
2024-10-06,2024-10-13,6116.0,6189.0,sarimax,-134.10113243060732,6054.898867569393,6189.0,6117.7152988554135,6252.2124,6488.918532483633,development_oof,2,True,False,False,False
2024-10-06,2024-10-13,6116.0,6189.0,seven_day_drift,51.0,6240.0,6189.0,6117.7152988554135,6252.2124,6488.918532483633,development_oof,2,True,False,False,False
2024-10-06,2024-10-13,6116.0,6189.0,validation_weighted_ensemble,51.824740393920365,6240.82474039392,6189.0,6117.7152988554135,6252.2124,6488.918532483633,development_oof,2,True,False,False,False
2024-10-06,2024-10-13,6116.0,6189.0,xgboost,56.11499786376953,6245.1149978637695,6189.0,6117.7152988554135,6252.2124,6488.918532483633,development_oof,2,True,False,False,False
2024-10-07,2024-10-14,6149.0,6158.0,catboost,-22.174555204781427,6135.825444795219,6158.0,5925.960432767059,6188.07605,6371.47140282169,development_oof,2,False,False,True,False
2024-10-07,2024-10-14,6149.0,6158.0,elastic_net,61.28306700474786,6219.283067004748,6158.0,5925.960432767059,6188.07605,6371.47140282169,development_oof,2,False,False,True,False
2024-10-07,2024-10-14,6149.0,6158.0,ets,-128.88209910470323,6029.117900895297,6158.0,5925.960432767059,6188.07605,6371.47140282169,development_oof,2,False,False,True,False
2024-10-07,2024-10-14,6149.0,6158.0,lightgbm,28.11645000000044,6186.11645,6158.0,5925.960432767059,6188.07605,6371.47140282169,development_oof,2,False,False,True,False
2024-10-07,2024-10-14,6149.0,6158.0,persistence,0.0,6158.0,6158.0,5925.960432767059,6188.07605,6371.47140282169,development_oof,2,False,False,True,False
2024-10-07,2024-10-14,6149.0,6158.0,ridge,54.993719360720206,6212.99371936072,6158.0,5925.960432767059,6188.07605,6371.47140282169,development_oof,2,False,False,True,False
2024-10-07,2024-10-14,6149.0,6158.0,sarimax,-131.75128052042237,6026.248719479578,6158.0,5925.960432767059,6188.07605,6371.47140282169,development_oof,2,False,False,True,False
2024-10-07,2024-10-14,6149.0,6158.0,seven_day_drift,-94.0,6064.0,6158.0,5925.960432767059,6188.07605,6371.47140282169,development_oof,2,False,False,True,False
2024-10-07,2024-10-14,6149.0,6158.0,validation_weighted_ensemble,-65.26982208191203,6092.730177918088,6158.0,5925.960432767059,6188.07605,6371.47140282169,development_oof,2,False,False,True,False
2024-10-07,2024-10-14,6149.0,6158.0,xgboost,41.369998931884766,6199.369998931885,6158.0,5925.960432767059,6188.07605,6371.47140282169,development_oof,2,False,False,True,False
2024-10-08,2024-10-15,6221.0,6252.0,catboost,-42.8662183508377,6209.133781649162,6252.0,5958.555574847734,6285.04605,6389.45659403065,development_oof,2,False,False,True,False
2024-10-08,2024-10-15,6221.0,6252.0,elastic_net,195.49388708629158,6447.493887086292,6252.0,5958.555574847734,6285.04605,6389.45659403065,development_oof,2,False,False,True,False
2024-10-08,2024-10-15,6221.0,6252.0,ets,-128.711709819544,6123.288290180456,6252.0,5958.555574847734,6285.04605,6389.45659403065,development_oof,2,False,False,True,False
2024-10-08,2024-10-15,6221.0,6252.0,lightgbm,28.11645000000044,6280.11645,6252.0,5958.555574847734,6285.04605,6389.45659403065,development_oof,2,False,False,True,False
2024-10-08,2024-10-15,6221.0,6252.0,persistence,0.0,6252.0,6252.0,5958.555574847734,6285.04605,6389.45659403065,development_oof,2,False,False,True,False
2024-10-08,2024-10-15,6221.0,6252.0,ridge,178.43664200168132,6430.436642001681,6252.0,5958.555574847734,6285.04605,6389.45659403065,development_oof,2,False,False,True,False
2024-10-08,2024-10-15,6221.0,6252.0,sarimax,-129.6501950236252,6122.349804976375,6252.0,5958.555574847734,6285.04605,6389.45659403065,development_oof,2,False,False,True,False
2024-10-08,2024-10-15,6221.0,6252.0,seven_day_drift,-102.0,6150.0,6252.0,5958.555574847734,6285.04605,6389.45659403065,development_oof,2,False,False,True,False
2024-10-08,2024-10-15,6221.0,6252.0,validation_weighted_ensemble,-78.34648734033453,6173.6535126596655,6252.0,5958.555574847734,6285.04605,6389.45659403065,development_oof,2,False,False,True,False
2024-10-08,2024-10-15,6221.0,6252.0,xgboost,41.369998931884766,6293.369998931885,6252.0,5958.555574847734,6285.04605,6389.45659403065,development_oof,2,False,False,True,False
2024-10-09,2024-10-16,6321.0,6263.0,catboost,-18.549453614589765,6244.45054638541,6263.0,6084.237801258992,6293.07605,6544.686251426209,development_oof,2,False,False,True,False
2024-10-09,2024-10-16,6321.0,6263.0,elastic_net,148.1082349351882,6411.108234935188,6263.0,6084.237801258992,6293.07605,6544.686251426209,development_oof,2,False,False,True,False
2024-10-09,2024-10-16,6321.0,6263.0,ets,-128.57539839141646,6134.4246016085835,6263.0,6084.237801258992,6293.07605,6544.686251426209,development_oof,2,False,False,True,False
2024-10-09,2024-10-16,6321.0,6263.0,lightgbm,28.11645000000044,6291.11645,6263.0,6084.237801258992,6293.07605,6544.686251426209,development_oof,2,False,False,True,False
2024-10-09,2024-10-16,6321.0,6263.0,persistence,0.0,6263.0,6263.0,6084.237801258992,6293.07605,6544.686251426209,development_oof,2,False,False,True,False
2024-10-09,2024-10-16,6321.0,6263.0,ridge,140.9369286472447,6403.936928647245,6263.0,6084.237801258992,6293.07605,6544.686251426209,development_oof,2,False,False,True,False
2024-10-09,2024-10-16,6321.0,6263.0,sarimax,-127.73626152651013,6135.26373847349,6263.0,6084.237801258992,6293.07605,6544.686251426209,development_oof,2,False,False,True,False
2024-10-09,2024-10-16,6321.0,6263.0,seven_day_drift,-43.0,6220.0,6263.0,6084.237801258992,6293.07605,6544.686251426209,development_oof,2,False,False,True,False
2024-10-09,2024-10-16,6321.0,6263.0,validation_weighted_ensemble,-33.219781445835906,6229.780218554164,6263.0,6084.237801258992,6293.07605,6544.686251426209,development_oof,2,False,False,True,False
2024-10-09,2024-10-16,6321.0,6263.0,xgboost,56.11499786376953,6319.1149978637695,6263.0,6084.237801258992,6293.07605,6544.686251426209,development_oof,2,False,False,True,False
2024-10-10,2024-10-17,6306.0,6233.0,catboost,-30.52846096288158,6202.471539037118,6233.0,6030.681093707387,6263.07605,6413.129575926605,development_oof,2,False,True,True,False
2024-10-10,2024-10-17,6306.0,6233.0,elastic_net,51.22806602919172,6284.228066029192,6233.0,6030.681093707387,6263.07605,6413.129575926605,development_oof,2,False,True,True,False
2024-10-10,2024-10-17,6306.0,6233.0,ets,-128.4663492489144,6104.533650751086,6233.0,6030.681093707387,6263.07605,6413.129575926605,development_oof,2,False,True,True,False
2024-10-10,2024-10-17,6306.0,6233.0,lightgbm,28.11645000000044,6261.11645,6233.0,6030.681093707387,6263.07605,6413.129575926605,development_oof,2,False,True,True,False
2024-10-10,2024-10-17,6306.0,6233.0,persistence,0.0,6233.0,6233.0,6030.681093707387,6263.07605,6413.129575926605,development_oof,2,False,True,True,False
2024-10-10,2024-10-17,6306.0,6233.0,ridge,51.87895292412213,6284.878952924122,6233.0,6030.681093707387,6263.07605,6413.129575926605,development_oof,2,False,True,True,False
2024-10-10,2024-10-17,6306.0,6233.0,sarimax,-126.02629820741913,6106.973701792581,6233.0,6030.681093707387,6263.07605,6413.129575926605,development_oof,2,False,True,True,False
2024-10-10,2024-10-17,6306.0,6233.0,seven_day_drift,-47.0,6186.0,6233.0,6030.681093707387,6263.07605,6413.129575926605,development_oof,2,False,True,True,False
2024-10-10,2024-10-17,6306.0,6233.0,validation_weighted_ensemble,-40.411384385152815,6192.588615614847,6233.0,6030.681093707387,6263.07605,6413.129575926605,development_oof,2,False,True,True,False
2024-10-10,2024-10-17,6306.0,6233.0,xgboost,56.11499786376953,6289.1149978637695,6233.0,6030.681093707387,6263.07605,6413.129575926605,development_oof,2,False,True,True,False
2024-10-11,2024-10-18,6268.0,6194.0,catboost,30.086274553993462,6224.0862745539935,6194.0,6011.3516289571035,6235.64105,6430.136414529004,development_oof,2,True,False,False,False
2024-10-11,2024-10-18,6268.0,6194.0,elastic_net,116.47673653663333,6310.476736536633,6194.0,6011.3516289571035,6235.64105,6430.136414529004,development_oof,2,True,False,False,False
2024-10-11,2024-10-18,6268.0,6194.0,ets,-128.37910993491278,6065.620890065087,6194.0,6011.3516289571035,6235.64105,6430.136414529004,development_oof,2,True,False,False,False
2024-10-11,2024-10-18,6268.0,6194.0,lightgbm,53.373899999999594,6247.3739,6194.0,6011.3516289571035,6235.64105,6430.136414529004,development_oof,2,True,False,False,False
2024-10-11,2024-10-18,6268.0,6194.0,persistence,0.0,6194.0,6194.0,6011.3516289571035,6235.64105,6430.136414529004,development_oof,2,True,False,False,False
2024-10-11,2024-10-18,6268.0,6194.0,ridge,114.15352334900217,6308.153523349002,6194.0,6011.3516289571035,6235.64105,6430.136414529004,development_oof,2,True,False,False,False
2024-10-11,2024-10-18,6268.0,6194.0,sarimax,-124.49047080494165,6069.509529195058,6194.0,6011.3516289571035,6235.64105,6430.136414529004,development_oof,2,True,False,False,False
2024-10-11,2024-10-18,6268.0,6194.0,seven_day_drift,-55.0,6139.0,6194.0,6011.3516289571035,6235.64105,6430.136414529004,development_oof,2,True,False,False,False
2024-10-11,2024-10-18,6268.0,6194.0,validation_weighted_ensemble,-20.965490178402433,6173.034509821598,6194.0,6011.3516289571035,6235.64105,6430.136414529004,development_oof,2,True,False,False,False
2024-10-11,2024-10-18,6268.0,6194.0,xgboost,53.06999969482422,6247.069999694824,6194.0,6011.3516289571035,6235.64105,6430.136414529004,development_oof,2,True,False,False,False
2024-10-12,2024-10-19,6232.0,6155.0,catboost,41.90902888262917,6196.909028882629,6155.0,5983.174012218275,6196.64105,6431.475874067553,development_oof,2,True,False,False,False
2024-10-12,2024-10-19,6232.0,6155.0,elastic_net,140.81121825487935,6295.811218254879,6155.0,5983.174012218275,6196.64105,6431.475874067553,development_oof,2,True,False,False,False
2024-10-12,2024-10-19,6232.0,6155.0,ets,-128.30931848371074,6026.690681516289,6155.0,5983.174012218275,6196.64105,6431.475874067553,development_oof,2,True,False,False,False
2024-10-12,2024-10-19,6232.0,6155.0,lightgbm,53.373899999999594,6208.3739,6155.0,5983.174012218275,6196.64105,6431.475874067553,development_oof,2,True,False,False,False
2024-10-12,2024-10-19,6232.0,6155.0,persistence,0.0,6155.0,6155.0,5983.174012218275,6196.64105,6431.475874067553,development_oof,2,True,False,False,False
2024-10-12,2024-10-19,6232.0,6155.0,ridge,150.15167757201743,6305.151677572017,6155.0,5983.174012218275,6196.64105,6431.475874067553,development_oof,2,True,False,False,False
2024-10-12,2024-10-19,6232.0,6155.0,sarimax,-123.11333616338561,6031.886663836614,6155.0,5983.174012218275,6196.64105,6431.475874067553,development_oof,2,True,False,False,False
2024-10-12,2024-10-19,6232.0,6155.0,seven_day_drift,-64.0,6091.0,6155.0,5983.174012218275,6196.64105,6431.475874067553,development_oof,2,True,False,False,False
2024-10-12,2024-10-19,6232.0,6155.0,validation_weighted_ensemble,-21.63638844694833,6133.363611553052,6155.0,5983.174012218275,6196.64105,6431.475874067553,development_oof,2,True,False,False,False
2024-10-12,2024-10-19,6232.0,6155.0,xgboost,53.06999969482422,6208.069999694824,6155.0,5983.174012218275,6196.64105,6431.475874067553,development_oof,2,True,False,False,False
2024-10-13,2024-10-20,6194.0,6116.0,catboost,30.89902912872185,6146.899029128722,6116.0,5940.0322372325845,6157.64105,6418.994485528578,development_oof,2,False,False,False,False
2024-10-13,2024-10-20,6194.0,6116.0,elastic_net,132.6450822668503,6248.64508226685,6116.0,5940.0322372325845,6157.64105,6418.994485528578,development_oof,2,False,False,False,False
2024-10-13,2024-10-20,6194.0,6116.0,ets,-128.25348532274984,5987.74651467725,6116.0,5940.0322372325845,6157.64105,6418.994485528578,development_oof,2,False,False,False,False
2024-10-13,2024-10-20,6194.0,6116.0,lightgbm,53.373899999999594,6169.3739,6116.0,5940.0322372325845,6157.64105,6418.994485528578,development_oof,2,False,False,False,False
2024-10-13,2024-10-20,6194.0,6116.0,persistence,0.0,6116.0,6116.0,5940.0322372325845,6157.64105,6418.994485528578,development_oof,2,False,False,False,False
2024-10-13,2024-10-20,6194.0,6116.0,ridge,123.46830993185085,6239.468309931851,6116.0,5940.0322372325845,6157.64105,6418.994485528578,development_oof,2,False,False,False,False
2024-10-13,2024-10-20,6194.0,6116.0,sarimax,-121.88052743162461,5994.119472568375,6116.0,5940.0322372325845,6157.64105,6418.994485528578,development_oof,2,False,False,False,False
2024-10-13,2024-10-20,6194.0,6116.0,seven_day_drift,-73.0,6043.0,6116.0,5940.0322372325845,6157.64105,6418.994485528578,development_oof,2,False,False,False,False
2024-10-13,2024-10-20,6194.0,6116.0,validation_weighted_ensemble,-31.440388348511078,6084.559611651489,6116.0,5940.0322372325845,6157.64105,6418.994485528578,development_oof,2,False,False,False,False
2024-10-13,2024-10-20,6194.0,6116.0,xgboost,53.06999969482422,6169.069999694824,6116.0,5940.0322372325845,6157.64105,6418.994485528578,development_oof,2,False,False,False,False
2024-10-14,2024-10-21,6186.0,6149.0,catboost,-8.549392564534173,6140.450607435466,6149.0,5909.706757960104,6193.61105,6384.618019403911,development_oof,2,False,False,True,False
2024-10-14,2024-10-21,6186.0,6149.0,elastic_net,186.49344527932953,6335.4934452793295,6149.0,5909.706757960104,6193.61105,6384.618019403911,development_oof,2,False,False,True,False
2024-10-14,2024-10-21,6186.0,6149.0,ets,-128.20881879398075,6020.791181206019,6149.0,5909.706757960104,6193.61105,6384.618019403911,development_oof,2,False,False,True,False
2024-10-14,2024-10-21,6186.0,6149.0,lightgbm,53.373899999999594,6202.3739,6149.0,5909.706757960104,6193.61105,6384.618019403911,development_oof,2,False,False,True,False
2024-10-14,2024-10-21,6186.0,6149.0,persistence,0.0,6149.0,6149.0,5909.706757960104,6193.61105,6384.618019403911,development_oof,2,False,False,True,False
2024-10-14,2024-10-21,6186.0,6149.0,ridge,172.11719667997932,6321.117196679979,6149.0,5909.706757960104,6193.61105,6384.618019403911,development_oof,2,False,False,True,False
2024-10-14,2024-10-21,6186.0,6149.0,sarimax,-120.77880081720741,6028.221199182793,6149.0,5909.706757960104,6193.61105,6384.618019403911,development_oof,2,False,False,True,False
2024-10-14,2024-10-21,6186.0,6149.0,seven_day_drift,-9.0,6140.0,6149.0,5909.706757960104,6193.61105,6384.618019403911,development_oof,2,False,False,True,False
2024-10-14,2024-10-21,6186.0,6149.0,validation_weighted_ensemble,-8.819757025813487,6140.1802429741865,6149.0,5909.706757960104,6193.61105,6384.618019403911,development_oof,2,False,False,True,False
2024-10-14,2024-10-21,6186.0,6149.0,xgboost,42.70500183105469,6191.705001831055,6149.0,5909.706757960104,6193.61105,6384.618019403911,development_oof,2,False,False,True,False
2024-10-15,2024-10-22,6323.0,6221.0,catboost,-80.73843324262452,6140.2615667573755,6221.0,5932.630760183588,6254.04605,6301.737189292775,development_oof,2,False,False,True,False
2024-10-15,2024-10-22,6323.0,6221.0,elastic_net,152.40826953921623,6373.408269539216,6221.0,5932.630760183588,6254.04605,6301.737189292775,development_oof,2,False,False,True,False
2024-10-15,2024-10-22,6323.0,6221.0,ets,-128.17308557096567,6092.826914429034,6221.0,5932.630760183588,6254.04605,6301.737189292775,development_oof,2,False,False,True,False
2024-10-15,2024-10-22,6323.0,6221.0,lightgbm,28.11645000000044,6249.11645,6221.0,5932.630760183588,6254.04605,6301.737189292775,development_oof,2,False,False,True,False
2024-10-15,2024-10-22,6323.0,6221.0,persistence,0.0,6221.0,6221.0,5932.630760183588,6254.04605,6301.737189292775,development_oof,2,False,False,True,False
2024-10-15,2024-10-22,6323.0,6221.0,ridge,144.71032798215037,6365.71032798215,6221.0,5932.630760183588,6254.04605,6301.737189292775,development_oof,2,False,False,True,False
2024-10-15,2024-10-22,6323.0,6221.0,sarimax,-119.79680044717497,6101.203199552825,6221.0,5932.630760183588,6254.04605,6301.737189292775,development_oof,2,False,False,True,False
2024-10-15,2024-10-22,6323.0,6221.0,seven_day_drift,-31.0,6190.0,6221.0,5932.630760183588,6254.04605,6301.737189292775,development_oof,2,False,False,True,False
2024-10-15,2024-10-22,6323.0,6221.0,validation_weighted_ensemble,-50.895373297049446,6170.104626702951,6221.0,5932.630760183588,6254.04605,6301.737189292775,development_oof,2,False,False,True,False
2024-10-15,2024-10-22,6323.0,6221.0,xgboost,42.70500183105469,6263.705001831055,6221.0,5932.630760183588,6254.04605,6301.737189292775,development_oof,2,False,False,True,False
2024-10-16,2024-10-23,6371.0,6321.0,catboost,60.75882122787516,6381.758821227875,6321.0,6231.104748066549,6384.2124,6571.08371349058,development_oof,2,False,False,True,False
2024-10-16,2024-10-23,6371.0,6321.0,elastic_net,250.57659140580017,6571.5765914058,6321.0,6231.104748066549,6384.2124,6571.08371349058,development_oof,2,False,False,True,False
2024-10-16,2024-10-23,6371.0,6321.0,ets,-128.14449899255396,6192.855501007446,6321.0,6231.104748066549,6384.2124,6571.08371349058,development_oof,2,False,False,True,False
2024-10-16,2024-10-23,6371.0,6321.0,lightgbm,60.03704999999991,6381.03705,6321.0,6231.104748066549,6384.2124,6571.08371349058,development_oof,2,False,False,True,False
2024-10-16,2024-10-23,6371.0,6321.0,persistence,0.0,6321.0,6321.0,6231.104748066549,6384.2124,6571.08371349058,development_oof,2,False,False,True,False
2024-10-16,2024-10-23,6371.0,6321.0,ridge,240.25705122060936,6561.257051220609,6321.0,6231.104748066549,6384.2124,6571.08371349058,development_oof,2,False,False,True,False
2024-10-16,2024-10-23,6371.0,6321.0,sarimax,-118.92269486237728,6202.077305137623,6321.0,6231.104748066549,6384.2124,6571.08371349058,development_oof,2,False,False,True,False
2024-10-16,2024-10-23,6371.0,6321.0,seven_day_drift,58.0,6379.0,6321.0,6231.104748066549,6384.2124,6571.08371349058,development_oof,2,False,False,True,False
2024-10-16,2024-10-23,6371.0,6321.0,validation_weighted_ensemble,59.10352849114952,6380.1035284911495,6321.0,6231.104748066549,6384.2124,6571.08371349058,development_oof,2,False,False,True,False
2024-10-16,2024-10-23,6371.0,6321.0,xgboost,56.11499786376953,6377.1149978637695,6321.0,6231.104748066549,6384.2124,6571.08371349058,development_oof,2,False,False,True,False
2024-10-17,2024-10-24,6350.0,6306.0,catboost,71.77385872809919,6377.773858728099,6306.0,6256.394231869871,6369.2124,6620.731932611092,development_oof,2,False,False,True,False
2024-10-17,2024-10-24,6350.0,6306.0,elastic_net,202.24578970703715,6508.245789707037,6306.0,6256.394231869871,6369.2124,6620.731932611092,development_oof,2,False,False,True,False
2024-10-17,2024-10-24,6350.0,6306.0,ets,-128.12162972982424,6177.878370270176,6306.0,6256.394231869871,6369.2124,6620.731932611092,development_oof,2,False,False,True,False
2024-10-17,2024-10-24,6350.0,6306.0,lightgbm,60.03704999999991,6366.03705,6306.0,6256.394231869871,6369.2124,6620.731932611092,development_oof,2,False,False,True,False
2024-10-17,2024-10-24,6350.0,6306.0,persistence,0.0,6306.0,6306.0,6256.394231869871,6369.2124,6620.731932611092,development_oof,2,False,False,True,False
2024-10-17,2024-10-24,6350.0,6306.0,ridge,200.98527779484084,6506.985277794841,6306.0,6256.394231869871,6369.2124,6620.731932611092,development_oof,2,False,False,True,False
2024-10-17,2024-10-24,6350.0,6306.0,sarimax,-118.14751210464783,6187.852487895352,6306.0,6256.394231869871,6369.2124,6620.731932611092,development_oof,2,False,False,True,False
2024-10-17,2024-10-24,6350.0,6306.0,seven_day_drift,73.0,6379.0,6306.0,6256.394231869871,6369.2124,6620.731932611092,development_oof,2,False,False,True,False
2024-10-17,2024-10-24,6350.0,6306.0,validation_weighted_ensemble,72.50954349123913,6378.509543491239,6306.0,6256.394231869871,6369.2124,6620.731932611092,development_oof,2,False,False,True,False
2024-10-17,2024-10-24,6350.0,6306.0,xgboost,56.11499786376953,6362.1149978637695,6306.0,6256.394231869871,6369.2124,6620.731932611092,development_oof,2,False,False,True,False
2024-10-18,2024-10-25,6330.0,6268.0,catboost,63.870707812218825,6331.870707812219,6268.0,6207.154574351871,6331.2124,6518.184513136021,development_oof,2,True,False,False,False
2024-10-18,2024-10-25,6330.0,6268.0,elastic_net,272.62095173259513,6540.620951732595,6268.0,6207.154574351871,6331.2124,6518.184513136021,development_oof,2,True,False,False,False
2024-10-18,2024-10-25,6330.0,6268.0,ets,-128.10333431964045,6139.89666568036,6268.0,6207.154574351871,6331.2124,6518.184513136021,development_oof,2,True,False,False,False
2024-10-18,2024-10-25,6330.0,6268.0,lightgbm,60.03704999999991,6328.03705,6268.0,6207.154574351871,6331.2124,6518.184513136021,development_oof,2,True,False,False,False
2024-10-18,2024-10-25,6330.0,6268.0,persistence,0.0,6268.0,6268.0,6207.154574351871,6331.2124,6518.184513136021,development_oof,2,True,False,False,False
2024-10-18,2024-10-25,6330.0,6268.0,ridge,262.4969608972033,6530.496960897203,6268.0,6207.154574351871,6331.2124,6518.184513136021,development_oof,2,True,False,False,False
2024-10-18,2024-10-25,6330.0,6268.0,sarimax,-117.46198943719264,6150.538010562807,6268.0,6207.154574351871,6331.2124,6518.184513136021,development_oof,2,True,False,False,False
2024-10-18,2024-10-25,6330.0,6268.0,seven_day_drift,74.0,6342.0,6268.0,6207.154574351871,6331.2124,6518.184513136021,development_oof,2,True,False,False,False
2024-10-18,2024-10-25,6330.0,6268.0,validation_weighted_ensemble,69.9482831248879,6337.948283124888,6268.0,6207.154574351871,6331.2124,6518.184513136021,development_oof,2,True,False,False,False
2024-10-18,2024-10-25,6330.0,6268.0,xgboost,56.11499786376953,6324.1149978637695,6268.0,6207.154574351871,6331.2124,6518.184513136021,development_oof,2,True,False,False,False
2024-10-19,2024-10-26,6308.0,6232.0,catboost,72.53370314776112,6304.533703147761,6232.0,6173.778517278156,6295.2124,6501.4184960681305,development_oof,2,True,False,False,False
2024-10-19,2024-10-26,6308.0,6232.0,elastic_net,274.19297868201465,6506.192978682015,6232.0,6173.778517278156,6295.2124,6501.4184960681305,development_oof,2,True,False,False,False
2024-10-19,2024-10-26,6308.0,6232.0,ets,-128.08869799149397,6103.911302008506,6232.0,6173.778517278156,6295.2124,6501.4184960681305,development_oof,2,True,False,False,False
2024-10-19,2024-10-26,6308.0,6232.0,lightgbm,60.03704999999991,6292.03705,6232.0,6173.778517278156,6295.2124,6501.4184960681305,development_oof,2,True,False,False,False
2024-10-19,2024-10-26,6308.0,6232.0,persistence,0.0,6232.0,6232.0,6173.778517278156,6295.2124,6501.4184960681305,development_oof,2,True,False,False,False
2024-10-19,2024-10-26,6308.0,6232.0,ridge,266.4616539285653,6498.461653928565,6232.0,6173.778517278156,6295.2124,6501.4184960681305,development_oof,2,True,False,False,False
2024-10-19,2024-10-26,6308.0,6232.0,sarimax,-116.85799174274143,6115.142008257259,6232.0,6173.778517278156,6295.2124,6501.4184960681305,development_oof,2,True,False,False,False
2024-10-19,2024-10-26,6308.0,6232.0,seven_day_drift,77.0,6309.0,6232.0,6173.778517278156,6295.2124,6501.4184960681305,development_oof,2,True,False,False,False
2024-10-19,2024-10-26,6308.0,6232.0,validation_weighted_ensemble,75.2134812591039,6307.213481259104,6232.0,6173.778517278156,6295.2124,6501.4184960681305,development_oof,2,True,False,False,False
2024-10-19,2024-10-26,6308.0,6232.0,xgboost,56.11499786376953,6288.1149978637695,6232.0,6173.778517278156,6295.2124,6501.4184960681305,development_oof,2,True,False,False,False
2024-10-20,2024-10-27,6287.0,6194.0,catboost,75.03314913109352,6269.0331491310935,6194.0,6121.294610564983,6257.2124,6458.385908676846,development_oof,2,False,False,True,False
2024-10-20,2024-10-27,6287.0,6194.0,elastic_net,217.93727124120414,6411.937271241204,6194.0,6121.294610564983,6257.2124,6458.385908676846,development_oof,2,False,False,True,False
2024-10-20,2024-10-27,6287.0,6194.0,ets,-128.07698892897588,6065.923011071024,6194.0,6121.294610564983,6257.2124,6458.385908676846,development_oof,2,False,False,True,False
2024-10-20,2024-10-27,6287.0,6194.0,lightgbm,60.03704999999991,6254.03705,6194.0,6121.294610564983,6257.2124,6458.385908676846,development_oof,2,False,False,True,False
2024-10-20,2024-10-27,6287.0,6194.0,persistence,0.0,6194.0,6194.0,6121.294610564983,6257.2124,6458.385908676846,development_oof,2,False,False,True,False
2024-10-20,2024-10-27,6287.0,6194.0,ridge,209.36288374148262,6403.362883741483,6194.0,6121.294610564983,6257.2124,6458.385908676846,development_oof,2,False,False,True,False
2024-10-20,2024-10-27,6287.0,6194.0,sarimax,-116.32811485914226,6077.671885140858,6194.0,6121.294610564983,6257.2124,6458.385908676846,development_oof,2,False,False,True,False
2024-10-20,2024-10-27,6287.0,6194.0,seven_day_drift,78.0,6272.0,6194.0,6121.294610564983,6257.2124,6458.385908676846,development_oof,2,False,False,True,False
2024-10-20,2024-10-27,6287.0,6194.0,validation_weighted_ensemble,76.81325965243741,6270.813259652437,6194.0,6121.294610564983,6257.2124,6458.385908676846,development_oof,2,False,False,True,False
2024-10-20,2024-10-27,6287.0,6194.0,xgboost,56.11499786376953,6250.1149978637695,6194.0,6121.294610564983,6257.2124,6458.385908676846,development_oof,2,False,False,True,False
2024-10-21,2024-10-28,6280.0,6186.0,catboost,66.97481278624764,6252.974812786248,6186.0,6093.643257116291,6249.2124,6503.191743089772,development_oof,2,False,False,True,False
2024-10-21,2024-10-28,6280.0,6186.0,elastic_net,199.32964125253238,6385.329641252532,6186.0,6093.643257116291,6249.2124,6503.191743089772,development_oof,2,False,False,True,False
2024-10-21,2024-10-28,6280.0,6186.0,ets,-128.0676216789616,6057.932378321038,6186.0,6093.643257116291,6249.2124,6503.191743089772,development_oof,2,False,False,True,False
2024-10-21,2024-10-28,6280.0,6186.0,lightgbm,60.03704999999991,6246.03705,6186.0,6093.643257116291,6249.2124,6503.191743089772,development_oof,2,False,False,True,False
2024-10-21,2024-10-28,6280.0,6186.0,persistence,0.0,6186.0,6186.0,6093.643257116291,6249.2124,6503.191743089772,development_oof,2,False,False,True,False
2024-10-21,2024-10-28,6280.0,6186.0,ridge,190.40424820868793,6376.404248208688,6186.0,6093.643257116291,6249.2124,6503.191743089772,development_oof,2,False,False,True,False
2024-10-21,2024-10-28,6280.0,6186.0,sarimax,-115.86562272425817,6070.134377275742,6186.0,6093.643257116291,6249.2124,6503.191743089772,development_oof,2,False,False,True,False
2024-10-21,2024-10-28,6280.0,6186.0,seven_day_drift,37.0,6223.0,6186.0,6093.643257116291,6249.2124,6503.191743089772,development_oof,2,False,False,True,False
2024-10-21,2024-10-28,6280.0,6186.0,validation_weighted_ensemble,48.989925114498874,6234.989925114499,6186.0,6093.643257116291,6249.2124,6503.191743089772,development_oof,2,False,False,True,False
2024-10-21,2024-10-28,6280.0,6186.0,xgboost,56.11499786376953,6242.1149978637695,6186.0,6093.643257116291,6249.2124,6503.191743089772,development_oof,2,False,False,True,False
2024-10-22,2024-10-29,6383.0,6323.0,catboost,56.607769875650774,6379.607769875651,6323.0,6210.248779988334,6386.2124,6587.463196404238,development_oof,2,False,False,True,False
2024-10-22,2024-10-29,6383.0,6323.0,elastic_net,228.84441074333063,6551.844410743331,6323.0,6210.248779988334,6386.2124,6587.463196404238,development_oof,2,False,False,True,False
2024-10-22,2024-10-29,6383.0,6323.0,ets,-128.06012787895088,6194.939872121049,6323.0,6210.248779988334,6386.2124,6587.463196404238,development_oof,2,False,False,True,False
2024-10-22,2024-10-29,6383.0,6323.0,lightgbm,60.03704999999991,6383.03705,6323.0,6210.248779988334,6386.2124,6587.463196404238,development_oof,2,False,False,True,False
2024-10-22,2024-10-29,6383.0,6323.0,persistence,0.0,6323.0,6323.0,6210.248779988334,6386.2124,6587.463196404238,development_oof,2,False,False,True,False
2024-10-22,2024-10-29,6383.0,6323.0,ridge,226.65435531231924,6549.654355312319,6323.0,6210.248779988334,6386.2124,6587.463196404238,development_oof,2,False,False,True,False
2024-10-22,2024-10-29,6383.0,6323.0,sarimax,-115.46440793104739,6207.535592068953,6323.0,6210.248779988334,6386.2124,6587.463196404238,development_oof,2,False,False,True,False
2024-10-22,2024-10-29,6383.0,6323.0,seven_day_drift,102.0,6425.0,6323.0,6210.248779988334,6386.2124,6587.463196404238,development_oof,2,False,False,True,False
2024-10-22,2024-10-29,6383.0,6323.0,validation_weighted_ensemble,83.84310795026067,6406.843107950261,6323.0,6210.248779988334,6386.2124,6587.463196404238,development_oof,2,False,False,True,False
2024-10-22,2024-10-29,6383.0,6323.0,xgboost,56.11499786376953,6379.1149978637695,6323.0,6210.248779988334,6386.2124,6587.463196404238,development_oof,2,False,False,True,False
2024-10-23,2024-10-30,6425.0,6371.0,catboost,74.72823341410822,6445.728233414108,6371.0,6285.596418843873,6434.2124,6652.732459711289,development_oof,2,False,False,True,False
2024-10-23,2024-10-30,6425.0,6371.0,elastic_net,211.35381120404145,6582.353811204041,6371.0,6285.596418843873,6434.2124,6652.732459711289,development_oof,2,False,False,True,False
2024-10-23,2024-10-30,6425.0,6371.0,ets,-128.05413283894177,6242.945867161058,6371.0,6285.596418843873,6434.2124,6652.732459711289,development_oof,2,False,False,True,False
2024-10-23,2024-10-30,6425.0,6371.0,lightgbm,60.03704999999991,6431.03705,6371.0,6285.596418843873,6434.2124,6652.732459711289,development_oof,2,False,False,True,False
2024-10-23,2024-10-30,6425.0,6371.0,persistence,0.0,6371.0,6371.0,6285.596418843873,6434.2124,6652.732459711289,development_oof,2,False,False,True,False
2024-10-23,2024-10-30,6425.0,6371.0,ridge,207.49309469050877,6578.493094690509,6371.0,6285.596418843873,6434.2124,6652.732459711289,development_oof,2,False,False,True,False
2024-10-23,2024-10-30,6425.0,6371.0,sarimax,-115.11888090982666,6255.881119090173,6371.0,6285.596418843873,6434.2124,6652.732459711289,development_oof,2,False,False,True,False
2024-10-23,2024-10-30,6425.0,6371.0,seven_day_drift,50.0,6421.0,6371.0,6285.596418843873,6434.2124,6652.732459711289,development_oof,2,False,False,True,False
2024-10-23,2024-10-30,6425.0,6371.0,validation_weighted_ensemble,59.89129336564292,6430.891293365643,6371.0,6285.596418843873,6434.2124,6652.732459711289,development_oof,2,False,False,True,False
2024-10-23,2024-10-30,6425.0,6371.0,xgboost,56.11499786376953,6427.1149978637695,6371.0,6285.596418843873,6434.2124,6652.732459711289,development_oof,2,False,False,True,False
2024-10-24,2024-10-31,6394.0,6350.0,catboost,75.33672623269103,6425.336726232691,6350.0,6295.567322099697,6413.2124,6637.801707396657,development_oof,2,True,False,False,False
2024-10-24,2024-10-31,6394.0,6350.0,elastic_net,306.37766673109854,6656.3776667310985,6350.0,6295.567322099697,6413.2124,6637.801707396657,development_oof,2,True,False,False,False
2024-10-24,2024-10-31,6394.0,6350.0,ets,-128.04933680693466,6221.950663193065,6350.0,6295.567322099697,6413.2124,6637.801707396657,development_oof,2,True,False,False,False
2024-10-24,2024-10-31,6394.0,6350.0,lightgbm,60.03704999999991,6410.03705,6350.0,6295.567322099697,6413.2124,6637.801707396657,development_oof,2,True,False,False,False
2024-10-24,2024-10-31,6394.0,6350.0,persistence,0.0,6350.0,6350.0,6295.567322099697,6413.2124,6637.801707396657,development_oof,2,True,False,False,False
2024-10-24,2024-10-31,6394.0,6350.0,ridge,287.277540570929,6637.277540570929,6350.0,6295.567322099697,6413.2124,6637.801707396657,development_oof,2,True,False,False,False
2024-10-24,2024-10-31,6394.0,6350.0,sarimax,-114.8240035556264,6235.175996444374,6350.0,6295.567322099697,6413.2124,6637.801707396657,development_oof,2,True,False,False,False
2024-10-24,2024-10-31,6394.0,6350.0,seven_day_drift,44.0,6394.0,6350.0,6295.567322099697,6413.2124,6637.801707396657,development_oof,2,True,False,False,False
2024-10-24,2024-10-31,6394.0,6350.0,validation_weighted_ensemble,56.534690493076596,6406.534690493077,6350.0,6295.567322099697,6413.2124,6637.801707396657,development_oof,2,True,False,False,False
2024-10-24,2024-10-31,6394.0,6350.0,xgboost,56.11499786376953,6406.1149978637695,6350.0,6295.567322099697,6413.2124,6637.801707396657,development_oof,2,True,False,False,False
2024-10-25,2024-11-01,6316.0,6330.0,catboost,76.97585737014106,6406.975857370141,6330.0,6272.4934900598555,6393.2124,6628.63464129384,development_oof,2,True,False,False,False
2024-10-25,2024-11-01,6316.0,6330.0,elastic_net,371.8851084392536,6701.885108439254,6330.0,6272.4934900598555,6393.2124,6628.63464129384,development_oof,2,True,False,False,False
2024-10-25,2024-11-01,6316.0,6330.0,ets,-128.04549998132825,6201.954500018672,6330.0,6272.4934900598555,6393.2124,6628.63464129384,development_oof,2,True,False,False,False
2024-10-25,2024-11-01,6316.0,6330.0,lightgbm,60.03704999999991,6390.03705,6330.0,6272.4934900598555,6393.2124,6628.63464129384,development_oof,2,True,False,False,False
2024-10-25,2024-11-01,6316.0,6330.0,persistence,0.0,6330.0,6330.0,6272.4934900598555,6393.2124,6628.63464129384,development_oof,2,True,False,False,False
2024-10-25,2024-11-01,6316.0,6330.0,ridge,338.324946721119,6668.324946721119,6330.0,6272.4934900598555,6393.2124,6628.63464129384,development_oof,2,True,False,False,False
2024-10-25,2024-11-01,6316.0,6330.0,sarimax,-114.57516830534314,6215.424831694657,6330.0,6272.4934900598555,6393.2124,6628.63464129384,development_oof,2,True,False,False,False
2024-10-25,2024-11-01,6316.0,6330.0,seven_day_drift,62.0,6392.0,6330.0,6272.4934900598555,6393.2124,6628.63464129384,development_oof,2,True,False,False,False
2024-10-25,2024-11-01,6316.0,6330.0,validation_weighted_ensemble,67.99034294805642,6397.990342948056,6330.0,6272.4934900598555,6393.2124,6628.63464129384,development_oof,2,True,False,False,False
2024-10-25,2024-11-01,6316.0,6330.0,xgboost,56.11499786376953,6386.1149978637695,6330.0,6272.4934900598555,6393.2124,6628.63464129384,development_oof,2,True,False,False,False
2024-10-26,2024-11-02,6239.0,6308.0,catboost,76.97585737014106,6384.975857370141,6308.0,6256.1241645482005,6371.2124,6616.409285035984,development_oof,2,True,False,False,False
2024-10-26,2024-11-02,6239.0,6308.0,elastic_net,357.6269025595029,6665.626902559503,6308.0,6256.1241645482005,6371.2124,6616.409285035984,development_oof,2,True,False,False,False
2024-10-26,2024-11-02,6239.0,6308.0,ets,-128.0424305208444,6179.957569479156,6308.0,6256.1241645482005,6371.2124,6616.409285035984,development_oof,2,True,False,False,False
2024-10-26,2024-11-02,6239.0,6308.0,lightgbm,60.03704999999991,6368.03705,6308.0,6256.1241645482005,6371.2124,6616.409285035984,development_oof,2,True,False,False,False
2024-10-26,2024-11-02,6239.0,6308.0,persistence,0.0,6308.0,6308.0,6256.1241645482005,6371.2124,6616.409285035984,development_oof,2,True,False,False,False
2024-10-26,2024-11-02,6239.0,6308.0,ridge,333.81619413964745,6641.816194139647,6308.0,6256.1241645482005,6371.2124,6616.409285035984,development_oof,2,True,False,False,False
2024-10-26,2024-11-02,6239.0,6308.0,sarimax,-114.3681931389292,6193.631806861071,6308.0,6256.1241645482005,6371.2124,6616.409285035984,development_oof,2,True,False,False,False
2024-10-26,2024-11-02,6239.0,6308.0,seven_day_drift,76.0,6384.0,6308.0,6256.1241645482005,6371.2124,6616.409285035984,development_oof,2,True,False,False,False
2024-10-26,2024-11-02,6239.0,6308.0,validation_weighted_ensemble,76.39034294805606,6384.390342948056,6308.0,6256.1241645482005,6371.2124,6616.409285035984,development_oof,2,True,False,False,False
2024-10-26,2024-11-02,6239.0,6308.0,xgboost,56.11499786376953,6364.1149978637695,6308.0,6256.1241645482005,6371.2124,6616.409285035984,development_oof,2,True,False,False,False
2024-10-27,2024-11-03,6161.0,6287.0,catboost,83.18826575484309,6370.188265754843,6287.0,6236.935512327203,6350.2124,6617.278488555518,development_oof,2,False,False,False,False
2024-10-27,2024-11-03,6161.0,6287.0,elastic_net,369.4705887809505,6656.4705887809505,6287.0,6236.935512327203,6350.2124,6617.278488555518,development_oof,2,False,False,False,False
2024-10-27,2024-11-03,6161.0,6287.0,ets,-128.03997495245676,6158.960025047543,6287.0,6236.935512327203,6350.2124,6617.278488555518,development_oof,2,False,False,False,False
2024-10-27,2024-11-03,6161.0,6287.0,lightgbm,60.03704999999991,6347.03705,6287.0,6236.935512327203,6350.2124,6617.278488555518,development_oof,2,False,False,False,False
2024-10-27,2024-11-03,6161.0,6287.0,persistence,0.0,6287.0,6287.0,6236.935512327203,6350.2124,6617.278488555518,development_oof,2,False,False,False,False
2024-10-27,2024-11-03,6161.0,6287.0,ridge,332.9460360630201,6619.94603606302,6287.0,6236.935512327203,6350.2124,6617.278488555518,development_oof,2,False,False,False,False
2024-10-27,2024-11-03,6161.0,6287.0,sarimax,-114.1992757150374,6172.800724284963,6287.0,6236.935512327203,6350.2124,6617.278488555518,development_oof,2,False,False,False,False
2024-10-27,2024-11-03,6161.0,6287.0,seven_day_drift,93.0,6380.0,6287.0,6236.935512327203,6350.2124,6617.278488555518,development_oof,2,False,False,False,False
2024-10-27,2024-11-03,6161.0,6287.0,validation_weighted_ensemble,89.07530630193742,6376.075306301937,6287.0,6236.935512327203,6350.2124,6617.278488555518,development_oof,2,False,False,False,False
2024-10-27,2024-11-03,6161.0,6287.0,xgboost,56.11499786376953,6343.1149978637695,6287.0,6236.935512327203,6350.2124,6617.278488555518,development_oof,2,False,False,False,False
2024-10-28,2024-11-04,6216.0,6280.0,catboost,42.65409683434427,6322.654096834344,6280.0,6181.7268403176095,6343.2124,6539.8881879417795,development_oof,2,False,False,True,False
2024-10-28,2024-11-04,6216.0,6280.0,elastic_net,181.77538309251122,6461.775383092511,6280.0,6181.7268403176095,6343.2124,6539.8881879417795,development_oof,2,False,False,True,False
2024-10-28,2024-11-04,6216.0,6280.0,ets,-128.03801049774665,6151.961989502253,6280.0,6181.7268403176095,6343.2124,6539.8881879417795,development_oof,2,False,False,True,False
2024-10-28,2024-11-04,6216.0,6280.0,lightgbm,60.03704999999991,6340.03705,6280.0,6181.7268403176095,6343.2124,6539.8881879417795,development_oof,2,False,False,True,False
2024-10-28,2024-11-04,6216.0,6280.0,persistence,0.0,6280.0,6280.0,6181.7268403176095,6343.2124,6539.8881879417795,development_oof,2,False,False,True,False
2024-10-28,2024-11-04,6216.0,6280.0,ridge,163.3550455772238,6443.355045577224,6280.0,6181.7268403176095,6343.2124,6539.8881879417795,development_oof,2,False,False,True,False
2024-10-28,2024-11-04,6216.0,6280.0,sarimax,-114.06495896959859,6165.935041030401,6280.0,6181.7268403176095,6343.2124,6539.8881879417795,development_oof,2,False,False,True,False
2024-10-28,2024-11-04,6216.0,6280.0,seven_day_drift,94.0,6374.0,6280.0,6181.7268403176095,6343.2124,6539.8881879417795,development_oof,2,False,False,True,False
2024-10-28,2024-11-04,6216.0,6280.0,validation_weighted_ensemble,73.46163873373735,6353.461638733737,6280.0,6181.7268403176095,6343.2124,6539.8881879417795,development_oof,2,False,False,True,False
2024-10-28,2024-11-04,6216.0,6280.0,xgboost,56.11499786376953,6336.1149978637695,6280.0,6181.7268403176095,6343.2124,6539.8881879417795,development_oof,2,False,False,True,False
2024-10-29,2024-11-05,6290.0,6383.0,catboost,23.029435178873428,6406.029435178873,6383.0,6268.563845881615,6446.2124,6589.924178296426,development_oof,2,False,False,True,False
2024-10-29,2024-11-05,6290.0,6383.0,elastic_net,225.18063828855793,6608.180638288558,6383.0,6268.563845881615,6446.2124,6589.924178296426,development_oof,2,False,False,True,False
2024-10-29,2024-11-05,6290.0,6383.0,ets,-128.0364389339784,6254.963561066022,6383.0,6268.563845881615,6446.2124,6589.924178296426,development_oof,2,False,False,True,False
2024-10-29,2024-11-05,6290.0,6383.0,lightgbm,60.03704999999991,6443.03705,6383.0,6268.563845881615,6446.2124,6589.924178296426,development_oof,2,False,False,True,False
2024-10-29,2024-11-05,6290.0,6383.0,persistence,0.0,6383.0,6383.0,6268.563845881615,6446.2124,6589.924178296426,development_oof,2,False,False,True,False
2024-10-29,2024-11-05,6290.0,6383.0,ridge,207.66895450327684,6590.668954503277,6383.0,6268.563845881615,6446.2124,6589.924178296426,development_oof,2,False,False,True,False
2024-10-29,2024-11-05,6290.0,6383.0,sarimax,-113.96210027300731,6269.037899726993,6383.0,6268.563845881615,6446.2124,6589.924178296426,development_oof,2,False,False,True,False
2024-10-29,2024-11-05,6290.0,6383.0,seven_day_drift,60.0,6443.0,6383.0,6268.563845881615,6446.2124,6589.924178296426,development_oof,2,False,False,True,False
2024-10-29,2024-11-05,6290.0,6383.0,validation_weighted_ensemble,45.21177407154937,6428.211774071549,6383.0,6268.563845881615,6446.2124,6589.924178296426,development_oof,2,False,False,True,False
2024-10-29,2024-11-05,6290.0,6383.0,xgboost,56.11499786376953,6439.1149978637695,6383.0,6268.563845881615,6446.2124,6589.924178296426,development_oof,2,False,False,True,False
2024-10-30,2024-11-06,6342.0,6425.0,catboost,27.632454275359123,6452.632454275359,6425.0,6298.453270684852,6474.1532,6676.341908674065,development_oof,2,False,False,True,False
2024-10-30,2024-11-06,6342.0,6425.0,elastic_net,253.37209100862128,6678.372091008621,6425.0,6298.453270684852,6474.1532,6676.341908674065,development_oof,2,False,False,True,False
2024-10-30,2024-11-06,6342.0,6425.0,ets,-128.0351816829634,6296.964818317037,6425.0,6298.453270684852,6474.1532,6676.341908674065,development_oof,2,False,False,True,False
2024-10-30,2024-11-06,6342.0,6425.0,lightgbm,49.16790000000037,6474.1679,6425.0,6298.453270684852,6474.1532,6676.341908674065,development_oof,2,False,False,True,False
2024-10-30,2024-11-06,6342.0,6425.0,persistence,0.0,6425.0,6425.0,6298.453270684852,6474.1532,6676.341908674065,development_oof,2,False,False,True,False
2024-10-30,2024-11-06,6342.0,6425.0,ridge,232.82117660366748,6657.8211766036675,6425.0,6298.453270684852,6474.1532,6676.341908674065,development_oof,2,False,False,True,False
2024-10-30,2024-11-06,6342.0,6425.0,sarimax,-113.88784155217581,6311.112158447824,6425.0,6298.453270684852,6474.1532,6676.341908674065,development_oof,2,False,False,True,False
2024-10-30,2024-11-06,6342.0,6425.0,seven_day_drift,54.0,6479.0,6425.0,6298.453270684852,6474.1532,6676.341908674065,development_oof,2,False,False,True,False
2024-10-30,2024-11-06,6342.0,6425.0,validation_weighted_ensemble,43.45298171014383,6468.452981710144,6425.0,6298.453270684852,6474.1532,6676.341908674065,development_oof,2,False,False,True,False
2024-10-30,2024-11-06,6342.0,6425.0,xgboost,42.70500183105469,6467.705001831055,6425.0,6298.453270684852,6474.1532,6676.341908674065,development_oof,2,False,False,True,False
2024-10-31,2024-11-07,6316.0,6394.0,catboost,72.39082043191411,6466.390820431914,6394.0,6341.12812363705,6457.2124,6690.640995705046,development_oof,2,False,False,False,False
2024-10-31,2024-11-07,6316.0,6394.0,elastic_net,338.8274409886262,6732.827440988626,6394.0,6341.12812363705,6457.2124,6690.640995705046,development_oof,2,False,False,False,False
2024-10-31,2024-11-07,6316.0,6394.0,ets,-128.03417588215234,6265.965824117848,6394.0,6341.12812363705,6457.2124,6690.640995705046,development_oof,2,False,False,False,False
2024-10-31,2024-11-07,6316.0,6394.0,lightgbm,60.03704999999991,6454.03705,6394.0,6341.12812363705,6457.2124,6690.640995705046,development_oof,2,False,False,False,False
2024-10-31,2024-11-07,6316.0,6394.0,persistence,0.0,6394.0,6394.0,6341.12812363705,6457.2124,6690.640995705046,development_oof,2,False,False,False,False
2024-10-31,2024-11-07,6316.0,6394.0,ridge,288.2865078556151,6682.286507855615,6394.0,6341.12812363705,6457.2124,6690.640995705046,development_oof,2,False,False,False,False
2024-10-31,2024-11-07,6316.0,6394.0,sarimax,-113.83958541942684,6280.160414580573,6394.0,6341.12812363705,6457.2124,6690.640995705046,development_oof,2,False,False,False,False
2024-10-31,2024-11-07,6316.0,6394.0,seven_day_drift,44.0,6438.0,6394.0,6341.12812363705,6457.2124,6690.640995705046,development_oof,2,False,False,False,False
2024-10-31,2024-11-07,6316.0,6394.0,validation_weighted_ensemble,55.35632817276564,6449.356328172766,6394.0,6341.12812363705,6457.2124,6690.640995705046,development_oof,2,False,False,False,False
2024-10-31,2024-11-07,6316.0,6394.0,xgboost,56.11499786376953,6450.1149978637695,6394.0,6341.12812363705,6457.2124,6690.640995705046,development_oof,2,False,False,False,False
2024-11-01,2024-11-08,6263.0,6316.0,catboost,19.113880914586844,6335.113880914587,6316.0,6117.222916639699,6360.61105,6579.832079467956,development_oof,2,True,False,False,False
2024-11-01,2024-11-08,6263.0,6316.0,elastic_net,293.7444263648413,6609.744426364841,6316.0,6117.222916639699,6360.61105,6579.832079467956,development_oof,2,True,False,False,False
2024-11-01,2024-11-08,6263.0,6316.0,ets,-128.03337124150312,6187.966628758497,6316.0,6117.222916639699,6360.61105,6579.832079467956,development_oof,2,True,False,False,False
2024-11-01,2024-11-08,6263.0,6316.0,lightgbm,53.373899999999594,6369.3739,6316.0,6117.222916639699,6360.61105,6579.832079467956,development_oof,2,True,False,False,False
2024-11-01,2024-11-08,6263.0,6316.0,persistence,0.0,6316.0,6316.0,6117.222916639699,6360.61105,6579.832079467956,development_oof,2,True,False,False,False
2024-11-01,2024-11-08,6263.0,6316.0,ridge,258.8705379873072,6574.870537987307,6316.0,6117.222916639699,6360.61105,6579.832079467956,development_oof,2,True,False,False,False
2024-11-01,2024-11-08,6263.0,6316.0,sarimax,-113.81496975742266,6202.185030242577,6316.0,6117.222916639699,6360.61105,6579.832079467956,development_oof,2,True,False,False,False
2024-11-01,2024-11-08,6263.0,6316.0,seven_day_drift,-14.0,6302.0,6316.0,6117.222916639699,6360.61105,6579.832079467956,development_oof,2,True,False,False,False
2024-11-01,2024-11-08,6263.0,6316.0,validation_weighted_ensemble,-0.7544476341654445,6315.245552365835,6316.0,6117.222916639699,6360.61105,6579.832079467956,development_oof,2,True,False,False,False
2024-11-01,2024-11-08,6263.0,6316.0,xgboost,56.11499786376953,6372.1149978637695,6316.0,6117.222916639699,6360.61105,6579.832079467956,development_oof,2,True,False,False,False
2024-11-02,2024-11-09,6210.0,6239.0,catboost,-6.545985722258592,6232.454014277741,6239.0,6017.225519117623,6283.61105,6470.766451566431,development_oof,2,True,False,False,False
2024-11-02,2024-11-09,6210.0,6239.0,elastic_net,247.25673813219782,6486.256738132198,6239.0,6017.225519117623,6283.61105,6470.766451566431,development_oof,2,True,False,False,False
2024-11-02,2024-11-09,6210.0,6239.0,ets,-128.03272752898374,6110.967272471016,6239.0,6017.225519117623,6283.61105,6470.766451566431,development_oof,2,True,False,False,False
2024-11-02,2024-11-09,6210.0,6239.0,lightgbm,53.373899999999594,6292.3739,6239.0,6017.225519117623,6283.61105,6470.766451566431,development_oof,2,True,False,False,False
2024-11-02,2024-11-09,6210.0,6239.0,persistence,0.0,6239.0,6239.0,6017.225519117623,6283.61105,6470.766451566431,development_oof,2,True,False,False,False
2024-11-02,2024-11-09,6210.0,6239.0,ridge,224.1428823187407,6463.142882318741,6239.0,6017.225519117623,6283.61105,6470.766451566431,development_oof,2,True,False,False,False
2024-11-02,2024-11-09,6210.0,6239.0,sarimax,-113.8118471841617,6125.188152815838,6239.0,6017.225519117623,6283.61105,6470.766451566431,development_oof,2,True,False,False,False
2024-11-02,2024-11-09,6210.0,6239.0,seven_day_drift,-69.0,6170.0,6239.0,6017.225519117623,6283.61105,6470.766451566431,development_oof,2,True,False,False,False
2024-11-02,2024-11-09,6210.0,6239.0,validation_weighted_ensemble,-44.01839428890344,6194.981605711097,6239.0,6017.225519117623,6283.61105,6470.766451566431,development_oof,2,True,False,False,False
2024-11-02,2024-11-09,6210.0,6239.0,xgboost,53.06999969482422,6292.069999694824,6239.0,6017.225519117623,6283.61105,6470.766451566431,development_oof,2,True,False,False,False
2024-11-03,2024-11-10,6155.0,6161.0,catboost,-11.847594080397357,6149.152405919603,6161.0,5912.654490648648,6205.61105,6416.76117566401,development_oof,2,False,False,False,False
2024-11-03,2024-11-10,6155.0,6161.0,elastic_net,245.36342249330028,6406.3634224933,6161.0,5912.654490648648,6205.61105,6416.76117566401,development_oof,2,False,False,False,False
2024-11-03,2024-11-10,6155.0,6161.0,ets,-128.03221255896733,6032.967787441033,6161.0,5912.654490648648,6205.61105,6416.76117566401,development_oof,2,False,False,False,False
2024-11-03,2024-11-10,6155.0,6161.0,lightgbm,53.373899999999594,6214.3739,6161.0,5912.654490648648,6205.61105,6416.76117566401,development_oof,2,False,False,False,False
2024-11-03,2024-11-10,6155.0,6161.0,persistence,0.0,6161.0,6161.0,5912.654490648648,6205.61105,6416.76117566401,development_oof,2,False,False,False,False
2024-11-03,2024-11-10,6155.0,6161.0,ridge,226.61310855572628,6387.613108555726,6161.0,5912.654490648648,6205.61105,6416.76117566401,development_oof,2,False,False,False,False
2024-11-03,2024-11-10,6155.0,6161.0,sarimax,-113.82826537076926,6047.171734629231,6161.0,5912.654490648648,6205.61105,6416.76117566401,development_oof,2,False,False,False,False
2024-11-03,2024-11-10,6155.0,6161.0,seven_day_drift,-126.0,6035.0,6161.0,5912.654490648648,6205.61105,6416.76117566401,development_oof,2,False,False,False,False
2024-11-03,2024-11-10,6155.0,6161.0,validation_weighted_ensemble,-80.33903763215858,6080.660962367841,6161.0,5912.654490648648,6205.61105,6416.76117566401,development_oof,2,False,False,False,False
2024-11-03,2024-11-10,6155.0,6161.0,xgboost,42.70500183105469,6203.705001831055,6161.0,5912.654490648648,6205.61105,6416.76117566401,development_oof,2,False,False,False,False
2024-11-04,2024-11-11,6102.0,6216.0,catboost,35.052713938071065,6251.052713938071,6216.0,6035.7655725825625,6257.64105,6479.905194406759,development_oof,2,False,False,True,False
2024-11-04,2024-11-11,6102.0,6216.0,elastic_net,261.0863215144218,6477.086321514422,6216.0,6035.7655725825625,6257.64105,6479.905194406759,development_oof,2,False,False,True,False
2024-11-04,2024-11-11,6102.0,6216.0,ets,-128.03180058295493,6087.968199417045,6216.0,6035.7655725825625,6257.64105,6479.905194406759,development_oof,2,False,False,True,False
2024-11-04,2024-11-11,6102.0,6216.0,lightgbm,53.373899999999594,6269.3739,6216.0,6035.7655725825625,6257.64105,6479.905194406759,development_oof,2,False,False,True,False
2024-11-04,2024-11-11,6102.0,6216.0,persistence,0.0,6216.0,6216.0,6035.7655725825625,6257.64105,6479.905194406759,development_oof,2,False,False,True,False
2024-11-04,2024-11-11,6102.0,6216.0,ridge,231.34233340010724,6447.342333400107,6216.0,6035.7655725825625,6257.64105,6479.905194406759,development_oof,2,False,False,True,False
2024-11-04,2024-11-11,6102.0,6216.0,sarimax,-113.86244932592854,6102.1375506740715,6216.0,6035.7655725825625,6257.64105,6479.905194406759,development_oof,2,False,False,True,False
2024-11-04,2024-11-11,6102.0,6216.0,seven_day_drift,-64.0,6152.0,6216.0,6035.7655725825625,6257.64105,6479.905194406759,development_oof,2,False,False,True,False
2024-11-04,2024-11-11,6102.0,6216.0,validation_weighted_ensemble,-24.37891442477121,6191.621085575229,6216.0,6035.7655725825625,6257.64105,6479.905194406759,development_oof,2,False,False,True,False
2024-11-04,2024-11-11,6102.0,6216.0,xgboost,53.06999969482422,6269.069999694824,6216.0,6035.7655725825625,6257.64105,6479.905194406759,development_oof,2,False,False,True,False
2024-11-05,2024-11-12,6210.0,6290.0,catboost,-49.0018522736018,6240.998147726398,6290.0,5985.518420368423,6323.04605,6481.78436114789,development_oof,2,False,False,True,False
2024-11-05,2024-11-12,6210.0,6290.0,elastic_net,178.49203553481038,6468.49203553481,6290.0,5985.518420368423,6323.04605,6481.78436114789,development_oof,2,False,False,True,False
2024-11-05,2024-11-12,6210.0,6290.0,ets,-128.03147100214574,6161.968528997854,6290.0,5985.518420368423,6323.04605,6481.78436114789,development_oof,2,False,False,True,False
2024-11-05,2024-11-12,6210.0,6290.0,lightgbm,28.11645000000044,6318.11645,6290.0,5985.518420368423,6323.04605,6481.78436114789,development_oof,2,False,False,True,False
2024-11-05,2024-11-12,6210.0,6290.0,persistence,0.0,6290.0,6290.0,5985.518420368423,6323.04605,6481.78436114789,development_oof,2,False,False,True,False
2024-11-05,2024-11-12,6210.0,6290.0,ridge,165.40451686249617,6455.404516862496,6290.0,5985.518420368423,6323.04605,6481.78436114789,development_oof,2,False,False,True,False
2024-11-05,2024-11-12,6210.0,6290.0,sarimax,-113.91278530013915,6176.087214699861,6290.0,5985.518420368423,6323.04605,6481.78436114789,development_oof,2,False,False,True,False
2024-11-05,2024-11-12,6210.0,6290.0,seven_day_drift,-93.0,6197.0,6290.0,5985.518420368423,6323.04605,6481.78436114789,development_oof,2,False,False,True,False
2024-11-05,2024-11-12,6210.0,6290.0,validation_weighted_ensemble,-75.40074090944108,6214.599259090559,6290.0,5985.518420368423,6323.04605,6481.78436114789,development_oof,2,False,False,True,False
2024-11-05,2024-11-12,6210.0,6290.0,xgboost,42.70500183105469,6332.705001831055,6290.0,5985.518420368423,6323.04605,6481.78436114789,development_oof,2,False,False,True,False
2024-11-06,2024-11-13,6211.0,6342.0,catboost,-20.165383029459917,6321.83461697054,6342.0,6094.003932237508,6386.61105,6522.813839183839,development_oof,2,False,False,True,False
2024-11-06,2024-11-13,6211.0,6342.0,elastic_net,214.34744792482888,6556.347447924829,6342.0,6094.003932237508,6386.61105,6522.813839183839,development_oof,2,False,False,True,False
2024-11-06,2024-11-13,6211.0,6342.0,ets,-128.0312073374971,6213.968792662503,6342.0,6094.003932237508,6386.61105,6522.813839183839,development_oof,2,False,False,True,False
2024-11-06,2024-11-13,6211.0,6342.0,lightgbm,53.373899999999594,6395.3739,6342.0,6094.003932237508,6386.61105,6522.813839183839,development_oof,2,False,False,True,False
2024-11-06,2024-11-13,6211.0,6342.0,persistence,0.0,6342.0,6342.0,6094.003932237508,6386.61105,6522.813839183839,development_oof,2,False,False,True,False
2024-11-06,2024-11-13,6211.0,6342.0,ridge,194.64923844907753,6536.6492384490775,6342.0,6094.003932237508,6386.61105,6522.813839183839,development_oof,2,False,False,True,False
2024-11-06,2024-11-13,6211.0,6342.0,sarimax,-113.97780610702739,6228.022193892973,6342.0,6094.003932237508,6386.61105,6522.813839183839,development_oof,2,False,False,True,False
2024-11-06,2024-11-13,6211.0,6342.0,seven_day_drift,-83.0,6259.0,6342.0,6094.003932237508,6386.61105,6522.813839183839,development_oof,2,False,False,True,False
2024-11-06,2024-11-13,6211.0,6342.0,validation_weighted_ensemble,-57.86615321178397,6284.133846788216,6342.0,6094.003932237508,6386.61105,6522.813839183839,development_oof,2,False,False,True,False
2024-11-06,2024-11-13,6211.0,6342.0,xgboost,42.70500183105469,6384.705001831055,6342.0,6094.003932237508,6386.61105,6522.813839183839,development_oof,2,False,False,True,False
2024-11-07,2024-11-14,6244.0,6316.0,catboost,-8.904331521443964,6307.095668478556,6316.0,6105.396744659928,6360.61105,6591.460237387151,development_oof,2,False,False,True,False
2024-11-07,2024-11-14,6244.0,6316.0,elastic_net,151.86635253889654,6467.8663525388965,6316.0,6105.396744659928,6360.61105,6591.460237387151,development_oof,2,False,False,True,False
2024-11-07,2024-11-14,6244.0,6316.0,ets,-128.03099640577875,6187.969003594221,6316.0,6105.396744659928,6360.61105,6591.460237387151,development_oof,2,False,False,True,False
2024-11-07,2024-11-14,6244.0,6316.0,lightgbm,53.373899999999594,6369.3739,6316.0,6105.396744659928,6360.61105,6591.460237387151,development_oof,2,False,False,True,False
2024-11-07,2024-11-14,6244.0,6316.0,persistence,0.0,6316.0,6316.0,6105.396744659928,6360.61105,6591.460237387151,development_oof,2,False,False,True,False
2024-11-07,2024-11-14,6244.0,6316.0,ridge,143.73741814280675,6459.737418142807,6316.0,6105.396744659928,6360.61105,6591.460237387151,development_oof,2,False,False,True,False
2024-11-07,2024-11-14,6244.0,6316.0,sarimax,-114.05617785868344,6201.943822141317,6316.0,6105.396744659928,6360.61105,6591.460237387151,development_oof,2,False,False,True,False
2024-11-07,2024-11-14,6244.0,6316.0,seven_day_drift,-78.0,6238.0,6316.0,6105.396744659928,6360.61105,6591.460237387151,development_oof,2,False,False,True,False
2024-11-07,2024-11-14,6244.0,6316.0,validation_weighted_ensemble,-50.36173260857777,6265.638267391422,6316.0,6105.396744659928,6360.61105,6591.460237387151,development_oof,2,False,False,True,False
2024-11-07,2024-11-14,6244.0,6316.0,xgboost,42.70500183105469,6358.705001831055,6316.0,6105.396744659928,6360.61105,6591.460237387151,development_oof,2,False,False,True,False
2024-11-08,2024-11-15,6171.0,6263.0,catboost,-18.55323829725603,6244.446761702744,6263.0,6064.990368996921,6307.61105,6527.880157407536,development_oof,2,True,False,False,False
2024-11-08,2024-11-15,6171.0,6263.0,elastic_net,235.13776619098007,6498.13776619098,6263.0,6064.990368996921,6307.61105,6527.880157407536,development_oof,2,True,False,False,False
2024-11-08,2024-11-15,6171.0,6263.0,ets,-128.0308276604046,6134.969172339595,6263.0,6064.990368996921,6307.61105,6527.880157407536,development_oof,2,True,False,False,False
2024-11-08,2024-11-15,6171.0,6263.0,lightgbm,53.373899999999594,6316.3739,6263.0,6064.990368996921,6307.61105,6527.880157407536,development_oof,2,True,False,False,False
2024-11-08,2024-11-15,6171.0,6263.0,persistence,0.0,6263.0,6263.0,6064.990368996921,6307.61105,6527.880157407536,development_oof,2,True,False,False,False
2024-11-08,2024-11-15,6171.0,6263.0,ridge,216.155597077337,6479.155597077337,6263.0,6064.990368996921,6307.61105,6527.880157407536,development_oof,2,True,False,False,False
2024-11-08,2024-11-15,6171.0,6263.0,sarimax,-114.1466878149431,6148.853312185057,6263.0,6064.990368996921,6307.61105,6527.880157407536,development_oof,2,True,False,False,False
2024-11-08,2024-11-15,6171.0,6263.0,seven_day_drift,-53.0,6210.0,6263.0,6064.990368996921,6307.61105,6527.880157407536,development_oof,2,True,False,False,False
2024-11-08,2024-11-15,6171.0,6263.0,validation_weighted_ensemble,-39.221295318901866,6223.778704681098,6263.0,6064.990368996921,6307.61105,6527.880157407536,development_oof,2,True,False,False,False
2024-11-08,2024-11-15,6171.0,6263.0,xgboost,42.70500183105469,6305.705001831055,6263.0,6064.990368996921,6307.61105,6527.880157407536,development_oof,2,True,False,False,False
2024-11-09,2024-11-16,6099.0,6210.0,catboost,-8.303406773580718,6201.696593226419,6210.0,6012.6364938371635,6254.61105,6466.313820653457,development_oof,2,True,False,False,False
2024-11-09,2024-11-16,6099.0,6210.0,elastic_net,192.09993921276418,6402.099939212764,6210.0,6012.6364938371635,6254.61105,6466.313820653457,development_oof,2,True,False,False,False
2024-11-09,2024-11-16,6099.0,6210.0,ets,-128.0306926641042,6081.969307335896,6210.0,6012.6364938371635,6254.61105,6466.313820653457,development_oof,2,True,False,False,False
2024-11-09,2024-11-16,6099.0,6210.0,lightgbm,53.373899999999594,6263.3739,6210.0,6012.6364938371635,6254.61105,6466.313820653457,development_oof,2,True,False,False,False
2024-11-09,2024-11-16,6099.0,6210.0,persistence,0.0,6210.0,6210.0,6012.6364938371635,6254.61105,6466.313820653457,development_oof,2,True,False,False,False
2024-11-09,2024-11-16,6099.0,6210.0,ridge,187.48397886861585,6397.483978868616,6210.0,6012.6364938371635,6254.61105,6466.313820653457,development_oof,2,True,False,False,False
2024-11-09,2024-11-16,6099.0,6210.0,sarimax,-114.24823339937666,6095.751766600623,6210.0,6012.6364938371635,6254.61105,6466.313820653457,development_oof,2,True,False,False,False
2024-11-09,2024-11-16,6099.0,6210.0,seven_day_drift,-29.0,6181.0,6210.0,6012.6364938371635,6254.61105,6466.313820653457,development_oof,2,True,False,False,False
2024-11-09,2024-11-16,6099.0,6210.0,validation_weighted_ensemble,-20.72136270943247,6189.2786372905675,6210.0,6012.6364938371635,6254.61105,6466.313820653457,development_oof,2,True,False,False,False
2024-11-09,2024-11-16,6099.0,6210.0,xgboost,42.70500183105469,6252.705001831055,6210.0,6012.6364938371635,6254.61105,6466.313820653457,development_oof,2,True,False,False,False
2024-11-10,2024-11-17,6026.0,6155.0,catboost,-32.66188344966122,6122.338116550339,6155.0,5943.102014709248,6199.61105,6422.253392075773,development_oof,2,True,False,False,False
2024-11-10,2024-11-17,6026.0,6155.0,elastic_net,139.56251089843954,6294.5625108984395,6155.0,5943.102014709248,6199.61105,6422.253392075773,development_oof,2,True,False,False,False
2024-11-10,2024-11-17,6026.0,6155.0,ets,-128.03058466706443,6026.969415332936,6155.0,5943.102014709248,6199.61105,6422.253392075773,development_oof,2,True,False,False,False
2024-11-10,2024-11-17,6026.0,6155.0,lightgbm,40.70144999999957,6195.70145,6155.0,5943.102014709248,6199.61105,6422.253392075773,development_oof,2,True,False,False,False
2024-11-10,2024-11-17,6026.0,6155.0,persistence,0.0,6155.0,6155.0,5943.102014709248,6199.61105,6422.253392075773,development_oof,2,True,False,False,False
2024-11-10,2024-11-17,6026.0,6155.0,ridge,135.43535641514882,6290.435356415149,6155.0,5943.102014709248,6199.61105,6422.253392075773,development_oof,2,True,False,False,False
2024-11-10,2024-11-17,6026.0,6155.0,sarimax,-114.3598121882178,6040.640187811782,6155.0,5943.102014709248,6199.61105,6422.253392075773,development_oof,2,True,False,False,False
2024-11-10,2024-11-17,6026.0,6155.0,seven_day_drift,-6.0,6149.0,6155.0,5943.102014709248,6199.61105,6422.253392075773,development_oof,2,True,False,False,False
2024-11-10,2024-11-17,6026.0,6155.0,validation_weighted_ensemble,-16.664753379865033,6138.335246620135,6155.0,5943.102014709248,6199.61105,6422.253392075773,development_oof,2,True,False,False,False
2024-11-10,2024-11-17,6026.0,6155.0,xgboost,42.70500183105469,6197.705001831055,6155.0,5943.102014709248,6199.61105,6422.253392075773,development_oof,2,True,False,False,False
2024-11-11,2024-11-18,6022.0,6102.0,catboost,-2.7660609157519502,6099.233939084248,6102.0,5844.581110978584,6146.61105,6362.590571277878,development_oof,2,False,True,True,False
2024-11-11,2024-11-18,6022.0,6102.0,elastic_net,95.05814586435281,6197.058145864353,6102.0,5844.581110978584,6146.61105,6362.590571277878,development_oof,2,False,True,True,False
2024-11-11,2024-11-18,6022.0,6102.0,ets,-128.03049826943334,5973.969501730567,6102.0,5844.581110978584,6146.61105,6362.590571277878,development_oof,2,False,True,True,False
2024-11-11,2024-11-18,6022.0,6102.0,lightgbm,53.373899999999594,6155.3739,6102.0,5844.581110978584,6146.61105,6362.590571277878,development_oof,2,False,True,True,False
2024-11-11,2024-11-18,6022.0,6102.0,persistence,0.0,6102.0,6102.0,5844.581110978584,6146.61105,6362.590571277878,development_oof,2,False,True,True,False
2024-11-11,2024-11-18,6022.0,6102.0,ridge,86.70191221503501,6188.701912215035,6102.0,5844.581110978584,6146.61105,6362.590571277878,development_oof,2,False,True,True,False
2024-11-11,2024-11-18,6022.0,6102.0,sarimax,-114.48051281302651,5987.5194871869735,6102.0,5844.581110978584,6146.61105,6362.590571277878,development_oof,2,False,True,True,False
2024-11-11,2024-11-18,6022.0,6102.0,seven_day_drift,-114.0,5988.0,6102.0,5844.581110978584,6146.61105,6362.590571277878,development_oof,2,False,True,True,False
2024-11-11,2024-11-18,6022.0,6102.0,validation_weighted_ensemble,-69.50642436630096,6032.493575633699,6102.0,5844.581110978584,6146.61105,6362.590571277878,development_oof,2,False,True,True,False
2024-11-11,2024-11-18,6022.0,6102.0,xgboost,42.70500183105469,6144.705001831055,6102.0,5844.581110978584,6146.61105,6362.590571277878,development_oof,2,False,True,True,False
2024-11-12,2024-11-19,6053.0,6210.0,catboost,0.3537180648654612,6210.3537180648655,6210.0,5925.974202246945,6254.61105,6400.188882686804,development_oof,2,False,False,True,False
2024-11-12,2024-11-19,6053.0,6210.0,elastic_net,252.57525217514376,6462.575252175144,6210.0,5925.974202246945,6254.61105,6400.188882686804,development_oof,2,False,False,True,False
2024-11-12,2024-11-19,6053.0,6210.0,ets,-128.03042915132755,6081.969570848672,6210.0,5925.974202246945,6254.61105,6400.188882686804,development_oof,2,False,False,True,False
2024-11-12,2024-11-19,6053.0,6210.0,lightgbm,53.373899999999594,6263.3739,6210.0,5925.974202246945,6254.61105,6400.188882686804,development_oof,2,False,False,True,False
2024-11-12,2024-11-19,6053.0,6210.0,persistence,0.0,6210.0,6210.0,5925.974202246945,6254.61105,6400.188882686804,development_oof,2,False,False,True,False
2024-11-12,2024-11-19,6053.0,6210.0,ridge,231.7863877869222,6441.786387786922,6210.0,5925.974202246945,6254.61105,6400.188882686804,development_oof,2,False,False,True,False
2024-11-12,2024-11-19,6053.0,6210.0,sarimax,-114.6095066899652,6095.390493310035,6210.0,5925.974202246945,6254.61105,6400.188882686804,development_oof,2,False,False,True,False
2024-11-12,2024-11-19,6053.0,6210.0,seven_day_drift,-80.0,6130.0,6210.0,5925.974202246945,6254.61105,6400.188882686804,development_oof,2,False,False,True,False
2024-11-12,2024-11-19,6053.0,6210.0,validation_weighted_ensemble,-47.85851277405345,6162.141487225947,6210.0,5925.974202246945,6254.61105,6400.188882686804,development_oof,2,False,False,True,False
2024-11-12,2024-11-19,6053.0,6210.0,xgboost,42.70500183105469,6252.705001831055,6210.0,5925.974202246945,6254.61105,6400.188882686804,development_oof,2,False,False,True,False
2024-11-13,2024-11-20,6091.0,6211.0,catboost,-82.20482620377516,6128.795173796225,6211.0,5886.498613126692,6244.04605,6315.067836854168,development_oof,2,False,False,True,False
2024-11-13,2024-11-20,6091.0,6211.0,elastic_net,89.92877815539941,6300.928778155399,6211.0,5886.498613126692,6244.04605,6315.067836854168,development_oof,2,False,False,True,False
2024-11-13,2024-11-20,6091.0,6211.0,ets,-128.03037385684274,6082.969626143157,6211.0,5886.498613126692,6244.04605,6315.067836854168,development_oof,2,False,False,True,False
2024-11-13,2024-11-20,6091.0,6211.0,lightgbm,28.11645000000044,6239.11645,6211.0,5886.498613126692,6244.04605,6315.067836854168,development_oof,2,False,False,True,False
2024-11-13,2024-11-20,6091.0,6211.0,persistence,0.0,6211.0,6211.0,5886.498613126692,6244.04605,6315.067836854168,development_oof,2,False,False,True,False
2024-11-13,2024-11-20,6091.0,6211.0,ridge,82.68999293048,6293.68999293048,6211.0,5886.498613126692,6244.04605,6315.067836854168,development_oof,2,False,False,True,False
2024-11-13,2024-11-20,6091.0,6211.0,sarimax,-114.74604049925438,6096.253959500746,6211.0,5886.498613126692,6244.04605,6315.067836854168,development_oof,2,False,False,True,False
2024-11-13,2024-11-20,6091.0,6211.0,seven_day_drift,-131.0,6080.0,6211.0,5886.498613126692,6244.04605,6315.067836854168,development_oof,2,False,False,True,False
2024-11-13,2024-11-20,6091.0,6211.0,validation_weighted_ensemble,-111.48193048151006,6099.51806951849,6211.0,5886.498613126692,6244.04605,6315.067836854168,development_oof,2,False,False,True,False
2024-11-13,2024-11-20,6091.0,6211.0,xgboost,42.70500183105469,6253.705001831055,6211.0,5886.498613126692,6244.04605,6315.067836854168,development_oof,2,False,False,True,False
2024-11-14,2024-11-21,6064.0,6244.0,catboost,20.745282941491496,6264.7452829414915,6244.0,6026.334329987043,6277.04605,6517.967945966559,development_oof,2,False,False,True,False
2024-11-14,2024-11-21,6064.0,6244.0,elastic_net,208.22473282934243,6452.224732829342,6244.0,6026.334329987043,6277.04605,6517.967945966559,development_oof,2,False,False,True,False
2024-11-14,2024-11-21,6064.0,6244.0,ets,-128.030329621256,6115.969670378744,6244.0,6026.334329987043,6277.04605,6517.967945966559,development_oof,2,False,False,True,False
2024-11-14,2024-11-21,6064.0,6244.0,lightgbm,28.11645000000044,6272.11645,6244.0,6026.334329987043,6277.04605,6517.967945966559,development_oof,2,False,False,True,False
2024-11-14,2024-11-21,6064.0,6244.0,persistence,0.0,6244.0,6244.0,6026.334329987043,6277.04605,6517.967945966559,development_oof,2,False,False,True,False
2024-11-14,2024-11-21,6064.0,6244.0,ridge,187.7248690897395,6431.7248690897395,6244.0,6026.334329987043,6277.04605,6517.967945966559,development_oof,2,False,False,True,False
2024-11-14,2024-11-21,6064.0,6244.0,sarimax,-114.88942934973056,6129.110570650269,6244.0,6026.334329987043,6277.04605,6517.967945966559,development_oof,2,False,False,True,False
2024-11-14,2024-11-21,6064.0,6244.0,seven_day_drift,-72.0,6172.0,6244.0,6026.334329987043,6277.04605,6517.967945966559,development_oof,2,False,False,True,False
2024-11-14,2024-11-21,6064.0,6244.0,validation_weighted_ensemble,-34.9018868234034,6209.098113176597,6244.0,6026.334329987043,6277.04605,6517.967945966559,development_oof,2,False,False,True,False
2024-11-14,2024-11-21,6064.0,6244.0,xgboost,41.369998931884766,6285.369998931885,6244.0,6026.334329987043,6277.04605,6517.967945966559,development_oof,2,False,False,True,False
2024-11-15,2024-11-22,6025.0,6171.0,catboost,-34.05497540231863,6136.945024597681,6171.0,5988.512524636336,6201.07605,6419.762829249602,development_oof,2,True,False,False,False
2024-11-15,2024-11-22,6025.0,6171.0,elastic_net,179.9714730122887,6350.971473012289,6171.0,5988.512524636336,6201.07605,6419.762829249602,development_oof,2,True,False,False,False
2024-11-15,2024-11-22,6025.0,6171.0,ets,-128.0302942327853,6042.969705767215,6171.0,5988.512524636336,6201.07605,6419.762829249602,development_oof,2,True,False,False,False
2024-11-15,2024-11-22,6025.0,6171.0,lightgbm,28.11645000000044,6199.11645,6171.0,5988.512524636336,6201.07605,6419.762829249602,development_oof,2,True,False,False,False
2024-11-15,2024-11-22,6025.0,6171.0,persistence,0.0,6171.0,6171.0,5988.512524636336,6201.07605,6419.762829249602,development_oof,2,True,False,False,False
2024-11-15,2024-11-22,6025.0,6171.0,ridge,161.92528439876514,6332.925284398765,6171.0,5988.512524636336,6201.07605,6419.762829249602,development_oof,2,True,False,False,False
2024-11-15,2024-11-22,6025.0,6171.0,sarimax,-115.03905056207714,6055.960949437923,6171.0,5988.512524636336,6201.07605,6419.762829249602,development_oof,2,True,False,False,False
2024-11-15,2024-11-22,6025.0,6171.0,seven_day_drift,-92.0,6079.0,6171.0,5988.512524636336,6201.07605,6419.762829249602,development_oof,2,True,False,False,False
2024-11-15,2024-11-22,6025.0,6171.0,validation_weighted_ensemble,-68.82199016092727,6102.178009839073,6171.0,5988.512524636336,6201.07605,6419.762829249602,development_oof,2,True,False,False,False
2024-11-15,2024-11-22,6025.0,6171.0,xgboost,41.369998931884766,6212.369998931885,6171.0,5988.512524636336,6201.07605,6419.762829249602,development_oof,2,True,False,False,False
2024-11-16,2024-11-23,5986.0,6099.0,catboost,-46.380235899532636,6052.619764100467,6099.0,5889.653022334894,6129.07605,6368.3125493354955,development_oof,2,True,False,False,False
2024-11-16,2024-11-23,5986.0,6099.0,elastic_net,141.40626491687817,6240.406264916878,6099.0,5889.653022334894,6129.07605,6368.3125493354955,development_oof,2,True,False,False,False
2024-11-16,2024-11-23,5986.0,6099.0,ets,-128.03026592200968,5970.96973407799,6099.0,5889.653022334894,6129.07605,6368.3125493354955,development_oof,2,True,False,False,False
2024-11-16,2024-11-23,5986.0,6099.0,lightgbm,28.11645000000044,6127.11645,6099.0,5889.653022334894,6129.07605,6368.3125493354955,development_oof,2,True,False,False,False
2024-11-16,2024-11-23,5986.0,6099.0,persistence,0.0,6099.0,6099.0,5889.653022334894,6129.07605,6368.3125493354955,development_oof,2,True,False,False,False
2024-11-16,2024-11-23,5986.0,6099.0,ridge,136.97452535197044,6235.97452535197,6099.0,5889.653022334894,6129.07605,6368.3125493354955,development_oof,2,True,False,False,False
2024-11-16,2024-11-23,5986.0,6099.0,sarimax,-115.19433801829564,5983.805661981704,6099.0,5889.653022334894,6129.07605,6368.3125493354955,development_oof,2,True,False,False,False
2024-11-16,2024-11-23,5986.0,6099.0,seven_day_drift,-111.0,5988.0,6099.0,5889.653022334894,6129.07605,6368.3125493354955,development_oof,2,True,False,False,False
2024-11-16,2024-11-23,5986.0,6099.0,validation_weighted_ensemble,-85.15209435981342,6013.847905640187,6099.0,5889.653022334894,6129.07605,6368.3125493354955,development_oof,2,True,False,False,False
2024-11-16,2024-11-23,5986.0,6099.0,xgboost,41.369998931884766,6140.369998931885,6099.0,5889.653022334894,6129.07605,6368.3125493354955,development_oof,2,True,False,False,False
2024-11-17,2024-11-24,5947.0,6026.0,catboost,-55.04577222393982,5970.95422777606,6026.0,5793.020514442127,6056.07605,6274.443215205076,development_oof,2,False,False,False,False
2024-11-17,2024-11-24,5947.0,6026.0,elastic_net,81.74044282426257,6107.740442824263,6026.0,5793.020514442127,6056.07605,6274.443215205076,development_oof,2,False,False,False,False
2024-11-17,2024-11-24,5947.0,6026.0,ets,-128.0302432733888,5897.969756726611,6026.0,5793.020514442127,6056.07605,6274.443215205076,development_oof,2,False,False,False,False
2024-11-17,2024-11-24,5947.0,6026.0,lightgbm,28.11645000000044,6054.11645,6026.0,5793.020514442127,6056.07605,6274.443215205076,development_oof,2,False,False,False,False
2024-11-17,2024-11-24,5947.0,6026.0,persistence,0.0,6026.0,6026.0,5793.020514442127,6056.07605,6274.443215205076,development_oof,2,False,False,False,False
2024-11-17,2024-11-24,5947.0,6026.0,ridge,67.4073830861953,6093.407383086195,6026.0,5793.020514442127,6056.07605,6274.443215205076,development_oof,2,False,False,False,False
2024-11-17,2024-11-24,5947.0,6026.0,sarimax,-115.35477702384105,5910.645222976159,6026.0,5793.020514442127,6056.07605,6274.443215205076,development_oof,2,False,False,False,False
2024-11-17,2024-11-24,5947.0,6026.0,seven_day_drift,-129.0,5897.0,6026.0,5793.020514442127,6056.07605,6274.443215205076,development_oof,2,False,False,False,False
2024-11-17,2024-11-24,5947.0,6026.0,validation_weighted_ensemble,-99.41830888957611,5926.581691110424,6026.0,5793.020514442127,6056.07605,6274.443215205076,development_oof,2,False,False,False,False
2024-11-17,2024-11-24,5947.0,6026.0,xgboost,41.369998931884766,6067.369998931885,6026.0,5793.020514442127,6056.07605,6274.443215205076,development_oof,2,False,False,False,False
2024-11-18,2024-11-25,6012.0,6022.0,catboost,16.31960411966702,6038.319604119667,6022.0,5801.299190043029,6063.64105,6292.392402816379,development_oof,2,False,False,True,False
2024-11-18,2024-11-25,6012.0,6022.0,elastic_net,117.54529938375072,6139.545299383751,6022.0,5801.299190043029,6063.64105,6292.392402816379,development_oof,2,False,False,True,False
2024-11-18,2024-11-25,6012.0,6022.0,ets,-128.03022515449175,5893.969774845508,6022.0,5801.299190043029,6063.64105,6292.392402816379,development_oof,2,False,False,True,False
2024-11-18,2024-11-25,6012.0,6022.0,lightgbm,53.373899999999594,6075.3739,6022.0,5801.299190043029,6063.64105,6292.392402816379,development_oof,2,False,False,True,False
2024-11-18,2024-11-25,6012.0,6022.0,persistence,0.0,6022.0,6022.0,5801.299190043029,6063.64105,6292.392402816379,development_oof,2,False,False,True,False
2024-11-18,2024-11-25,6012.0,6022.0,ridge,113.11084908298835,6135.110849082988,6022.0,5801.299190043029,6063.64105,6292.392402816379,development_oof,2,False,False,True,False
2024-11-18,2024-11-25,6012.0,6022.0,sarimax,-115.51989963656342,5906.480100363437,6022.0,5801.299190043029,6063.64105,6292.392402816379,development_oof,2,False,False,True,False
2024-11-18,2024-11-25,6012.0,6022.0,seven_day_drift,-80.0,5942.0,6022.0,5801.299190043029,6063.64105,6292.392402816379,development_oof,2,False,False,True,False
2024-11-18,2024-11-25,6012.0,6022.0,validation_weighted_ensemble,-41.47215835213319,5980.527841647867,6022.0,5801.299190043029,6063.64105,6292.392402816379,development_oof,2,False,False,True,False
2024-11-18,2024-11-25,6012.0,6022.0,xgboost,53.06999969482422,6075.069999694824,6022.0,5801.299190043029,6063.64105,6292.392402816379,development_oof,2,False,False,True,False
2024-11-19,2024-11-26,6098.0,6053.0,catboost,-40.75915850909405,6012.240841490906,6053.0,5739.459343501265,6086.04605,6274.633022361223,development_oof,2,False,False,True,False
2024-11-19,2024-11-26,6098.0,6053.0,elastic_net,105.41030354238774,6158.410303542388,6053.0,5739.459343501265,6086.04605,6274.633022361223,development_oof,2,False,False,True,False
2024-11-19,2024-11-26,6098.0,6053.0,ets,-128.03021065937446,5924.9697893406255,6053.0,5739.459343501265,6086.04605,6274.633022361223,development_oof,2,False,False,True,False
2024-11-19,2024-11-26,6098.0,6053.0,lightgbm,28.11645000000044,6081.11645,6053.0,5739.459343501265,6086.04605,6274.633022361223,development_oof,2,False,False,True,False
2024-11-19,2024-11-26,6098.0,6053.0,persistence,0.0,6053.0,6053.0,5739.459343501265,6086.04605,6274.633022361223,development_oof,2,False,False,True,False
2024-11-19,2024-11-26,6098.0,6053.0,ridge,100.35192533581358,6153.351925335814,6053.0,5739.459343501265,6086.04605,6274.633022361223,development_oof,2,False,False,True,False
2024-11-19,2024-11-26,6098.0,6053.0,sarimax,-115.68928041994877,5937.310719580051,6053.0,5739.459343501265,6086.04605,6274.633022361223,development_oof,2,False,False,True,False
2024-11-19,2024-11-26,6098.0,6053.0,seven_day_drift,-157.0,5896.0,6053.0,5739.459343501265,6086.04605,6274.633022361223,development_oof,2,False,False,True,False
2024-11-19,2024-11-26,6098.0,6053.0,validation_weighted_ensemble,-110.5036634036378,5942.496336596362,6053.0,5739.459343501265,6086.04605,6274.633022361223,development_oof,2,False,False,True,False
2024-11-19,2024-11-26,6098.0,6053.0,xgboost,41.369998931884766,6094.369998931885,6053.0,5739.459343501265,6086.04605,6274.633022361223,development_oof,2,False,False,True,False
2024-11-20,2024-11-27,6229.0,6091.0,catboost,-92.57091104363826,5998.429088956362,6091.0,5782.091781775887,6124.04605,6172.9894530263655,development_oof,2,False,False,True,False
2024-11-20,2024-11-27,6229.0,6091.0,elastic_net,148.56042248993253,6239.5604224899325,6091.0,5782.091781775887,6124.04605,6172.9894530263655,development_oof,2,False,False,True,False
2024-11-20,2024-11-27,6229.0,6091.0,ets,-128.03019906328063,5962.969800936719,6091.0,5782.091781775887,6124.04605,6172.9894530263655,development_oof,2,False,False,True,False
2024-11-20,2024-11-27,6229.0,6091.0,lightgbm,28.11645000000044,6119.11645,6091.0,5782.091781775887,6124.04605,6172.9894530263655,development_oof,2,False,False,True,False
2024-11-20,2024-11-27,6229.0,6091.0,persistence,0.0,6091.0,6091.0,5782.091781775887,6124.04605,6172.9894530263655,development_oof,2,False,False,True,False
2024-11-20,2024-11-27,6229.0,6091.0,ridge,131.4128603216941,6222.412860321694,6091.0,5782.091781775887,6124.04605,6172.9894530263655,development_oof,2,False,False,True,False
2024-11-20,2024-11-27,6229.0,6091.0,sarimax,-115.86253258209399,5975.137467417906,6091.0,5782.091781775887,6124.04605,6172.9894530263655,development_oof,2,False,False,True,False
2024-11-20,2024-11-27,6229.0,6091.0,seven_day_drift,-120.0,5971.0,6091.0,5782.091781775887,6124.04605,6172.9894530263655,development_oof,2,False,False,True,False
2024-11-20,2024-11-27,6229.0,6091.0,validation_weighted_ensemble,-109.02836441745512,5981.971635582545,6091.0,5782.091781775887,6124.04605,6172.9894530263655,development_oof,2,False,False,True,False
2024-11-20,2024-11-27,6229.0,6091.0,xgboost,41.369998931884766,6132.369998931885,6091.0,5782.091781775887,6124.04605,6172.9894530263655,development_oof,2,False,False,True,False
2024-11-21,2024-11-28,6243.0,6064.0,catboost,15.358299298096426,6079.358299298096,6064.0,5674.846081462799,6019.99423305296,6330.255271800386,development_oof,3,False,False,False,False
2024-11-21,2024-11-28,6243.0,6064.0,elastic_net,57.74159707896251,6121.7415970789625,6064.0,5674.846081462799,6019.99423305296,6330.255271800386,development_oof,3,False,False,False,False
2024-11-21,2024-11-28,6243.0,6064.0,ets,-121.29142257672902,5942.708577423271,6064.0,5674.846081462799,6019.99423305296,6330.255271800386,development_oof,3,False,False,False,False
2024-11-21,2024-11-28,6243.0,6064.0,lightgbm,-7.75804030720974,6056.24195969279,6064.0,5674.846081462799,6019.99423305296,6330.255271800386,development_oof,3,False,False,False,False
2024-11-21,2024-11-28,6243.0,6064.0,persistence,0.0,6064.0,6064.0,5674.846081462799,6019.99423305296,6330.255271800386,development_oof,3,False,False,False,False
2024-11-21,2024-11-28,6243.0,6064.0,ridge,49.441573826407875,6113.441573826408,6064.0,5674.846081462799,6019.99423305296,6330.255271800386,development_oof,3,False,False,False,False
2024-11-21,2024-11-28,6243.0,6064.0,sarimax,-121.80064008256977,5942.19935991743,6064.0,5674.846081462799,6019.99423305296,6330.255271800386,development_oof,3,False,False,False,False
2024-11-21,2024-11-28,6243.0,6064.0,seven_day_drift,-180.0,5884.0,6064.0,5674.846081462799,6019.99423305296,6330.255271800386,development_oof,3,False,False,False,False
2024-11-21,2024-11-28,6243.0,6064.0,validation_weighted_ensemble,-101.85668028076088,5962.143319719239,6064.0,5674.846081462799,6019.99423305296,6330.255271800386,development_oof,3,False,False,False,False
2024-11-21,2024-11-28,6243.0,6064.0,xgboost,4.445796966552734,6068.445796966553,6064.0,5674.846081462799,6019.99423305296,6330.255271800386,development_oof,3,False,False,False,False
2024-11-22,2024-11-29,6260.0,6025.0,catboost,43.448729097638534,6068.4487290976385,6025.0,5649.621860425214,6012.429953676078,6306.00773190852,development_oof,3,True,False,False,False
2024-11-22,2024-11-29,6260.0,6025.0,elastic_net,30.811790536661647,6055.811790536662,6025.0,5649.621860425214,6012.429953676078,6306.00773190852,development_oof,3,True,False,False,False
2024-11-22,2024-11-29,6260.0,6025.0,ets,-121.23566587718688,5903.764334122813,6025.0,5649.621860425214,6012.429953676078,6306.00773190852,development_oof,3,True,False,False,False
2024-11-22,2024-11-29,6260.0,6025.0,lightgbm,9.761326293140883,6034.761326293141,6025.0,5649.621860425214,6012.429953676078,6306.00773190852,development_oof,3,True,False,False,False
2024-11-22,2024-11-29,6260.0,6025.0,persistence,0.0,6025.0,6025.0,5649.621860425214,6012.429953676078,6306.00773190852,development_oof,3,True,False,False,False
2024-11-22,2024-11-29,6260.0,6025.0,ridge,21.086326782962715,6046.086326782963,6025.0,5649.621860425214,6012.429953676078,6306.00773190852,development_oof,3,True,False,False,False
2024-11-22,2024-11-29,6260.0,6025.0,sarimax,-118.12657063006282,5906.873429369937,6025.0,5649.621860425214,6012.429953676078,6306.00773190852,development_oof,3,True,False,False,False
2024-11-22,2024-11-29,6260.0,6025.0,seven_day_drift,-146.0,5879.0,6025.0,5649.621860425214,6012.429953676078,6306.00773190852,development_oof,3,True,False,False,False
2024-11-22,2024-11-29,6260.0,6025.0,validation_weighted_ensemble,-70.22050836094422,5954.779491639056,6025.0,5649.621860425214,6012.429953676078,6306.00773190852,development_oof,3,True,False,False,False
2024-11-22,2024-11-29,6260.0,6025.0,xgboost,13.229698181152344,6038.229698181152,6025.0,5649.621860425214,6012.429953676078,6306.00773190852,development_oof,3,True,False,False,False
2024-11-23,2024-11-30,6275.0,5986.0,catboost,33.663549098508156,6019.663549098508,5986.0,5613.979670828751,5982.948998080988,6270.23216701599,development_oof,3,True,False,False,False
2024-11-23,2024-11-30,6275.0,5986.0,elastic_net,53.58110550258334,6039.581105502583,5986.0,5613.979670828751,5982.948998080988,6270.23216701599,development_oof,3,True,False,False,False
2024-11-23,2024-11-30,6275.0,5986.0,ets,-121.19106051755261,5864.808939482447,5986.0,5613.979670828751,5982.948998080988,6270.23216701599,development_oof,3,True,False,False,False
2024-11-23,2024-11-30,6275.0,5986.0,lightgbm,37.063315299928945,6023.063315299929,5986.0,5613.979670828751,5982.948998080988,6270.23216701599,development_oof,3,True,False,False,False
2024-11-23,2024-11-30,6275.0,5986.0,persistence,0.0,5986.0,5986.0,5613.979670828751,5982.948998080988,6270.23216701599,development_oof,3,True,False,False,False
2024-11-23,2024-11-30,6275.0,5986.0,ridge,46.64621677941523,6032.646216779415,5986.0,5613.979670828751,5982.948998080988,6270.23216701599,development_oof,3,True,False,False,False
2024-11-23,2024-11-30,6275.0,5986.0,sarimax,-114.74071189699953,5871.2592881030005,5986.0,5613.979670828751,5982.948998080988,6270.23216701599,development_oof,3,True,False,False,False
2024-11-23,2024-11-30,6275.0,5986.0,seven_day_drift,-113.0,5873.0,5986.0,5613.979670828751,5982.948998080988,6270.23216701599,development_oof,3,True,False,False,False
2024-11-23,2024-11-30,6275.0,5986.0,validation_weighted_ensemble,-54.3345803605971,5931.665419639403,5986.0,5613.979670828751,5982.948998080988,6270.23216701599,development_oof,3,True,False,False,False
2024-11-23,2024-11-30,6275.0,5986.0,xgboost,27.188098907470703,6013.188098907471,5986.0,5613.979670828751,5982.948998080988,6270.23216701599,development_oof,3,True,False,False,False
2024-11-24,2024-12-01,6292.0,5947.0,catboost,30.51456887731456,5977.514568877315,5947.0,5564.1437065712325,5974.1407698971725,6234.289722621745,development_oof,3,False,False,False,False
2024-11-24,2024-12-01,6292.0,5947.0,elastic_net,11.120311614836282,5958.120311614836,5947.0,5564.1437065712325,5974.1407698971725,6234.289722621745,development_oof,3,False,False,False,False
2024-11-24,2024-12-01,6292.0,5947.0,ets,-121.15537622984539,5825.844623770155,5947.0,5564.1437065712325,5974.1407698971725,6234.289722621745,development_oof,3,False,False,False,False
2024-11-24,2024-12-01,6292.0,5947.0,lightgbm,50.02781857616901,5997.027818576169,5947.0,5564.1437065712325,5974.1407698971725,6234.289722621745,development_oof,3,False,False,False,False
2024-11-24,2024-12-01,6292.0,5947.0,persistence,0.0,5947.0,5947.0,5564.1437065712325,5974.1407698971725,6234.289722621745,development_oof,3,False,False,False,False
2024-11-24,2024-12-01,6292.0,5947.0,ridge,2.4803234499268,5949.480323449927,5947.0,5564.1437065712325,5974.1407698971725,6234.289722621745,development_oof,3,False,False,False,False
2024-11-24,2024-12-01,6292.0,5947.0,sarimax,-111.62941115252943,5835.370588847471,5947.0,5564.1437065712325,5974.1407698971725,6234.289722621745,development_oof,3,False,False,False,False
2024-11-24,2024-12-01,6292.0,5947.0,seven_day_drift,-79.0,5868.0,5947.0,5564.1437065712325,5974.1407698971725,6234.289722621745,development_oof,3,False,False,False,False
2024-11-24,2024-12-01,6292.0,5947.0,validation_weighted_ensemble,-35.19417244907436,5911.805827550926,5947.0,5564.1437065712325,5974.1407698971725,6234.289722621745,development_oof,3,False,False,False,False
2024-11-24,2024-12-01,6292.0,5947.0,xgboost,44.12745666503906,5991.127456665039,5947.0,5564.1437065712325,5974.1407698971725,6234.289722621745,development_oof,3,False,False,False,False
2024-11-25,2024-12-02,6391.0,6012.0,catboost,104.40718789450602,6116.407187894506,6012.0,5664.663357824339,6084.317920974579,6319.425544625143,development_oof,3,False,False,True,False
2024-11-25,2024-12-02,6391.0,6012.0,elastic_net,142.34813145279077,6154.348131452791,6012.0,5664.663357824339,6084.317920974579,6319.425544625143,development_oof,3,False,False,True,False
2024-11-25,2024-12-02,6391.0,6012.0,ets,-121.12682879967997,5890.87317120032,6012.0,5664.663357824339,6084.317920974579,6319.425544625143,development_oof,3,False,False,True,False
2024-11-25,2024-12-02,6391.0,6012.0,lightgbm,76.37996956782808,6088.379969567828,6012.0,5664.663357824339,6084.317920974579,6319.425544625143,development_oof,3,False,False,True,False
2024-11-25,2024-12-02,6391.0,6012.0,persistence,0.0,6012.0,6012.0,5664.663357824339,6084.317920974579,6319.425544625143,development_oof,3,False,False,True,False
2024-11-25,2024-12-02,6391.0,6012.0,ridge,129.09738791109976,6141.0973879111,6012.0,5664.663357824339,6084.317920974579,6319.425544625143,development_oof,3,False,False,True,False
2024-11-25,2024-12-02,6391.0,6012.0,sarimax,-108.81028689118102,5903.189713108819,6012.0,5664.663357824339,6084.317920974579,6319.425544625143,development_oof,3,False,False,True,False
2024-11-25,2024-12-02,6391.0,6012.0,seven_day_drift,-10.0,6002.0,6012.0,5664.663357824339,6084.317920974579,6319.425544625143,development_oof,3,False,False,True,False
2024-11-25,2024-12-02,6391.0,6012.0,validation_weighted_ensemble,35.76287515780223,6047.762875157802,6012.0,5664.663357824339,6084.317920974579,6319.425544625143,development_oof,3,False,False,True,False
2024-11-25,2024-12-02,6391.0,6012.0,xgboost,50.61738204956055,6062.617382049561,6012.0,5664.663357824339,6084.317920974579,6319.425544625143,development_oof,3,False,False,True,False
2024-11-26,2024-12-03,6422.0,6098.0,catboost,105.61466433385704,6203.614664333857,6098.0,5750.663357824339,6206.463248669701,6389.477490865534,development_oof,3,False,False,True,False
2024-11-26,2024-12-03,6422.0,6098.0,elastic_net,107.81782632723389,6205.817826327234,6098.0,5750.663357824339,6206.463248669701,6389.477490865534,development_oof,3,False,False,True,False
2024-11-26,2024-12-03,6422.0,6098.0,ets,-121.10399085554764,5976.896009144452,6098.0,5750.663357824339,6206.463248669701,6389.477490865534,development_oof,3,False,False,True,False
2024-11-26,2024-12-03,6422.0,6098.0,lightgbm,115.43089058612713,6213.430890586127,6098.0,5750.663357824339,6206.463248669701,6389.477490865534,development_oof,3,False,False,True,False
2024-11-26,2024-12-03,6422.0,6098.0,persistence,0.0,6098.0,6098.0,5750.663357824339,6206.463248669701,6389.477490865534,development_oof,3,False,False,True,False
2024-11-26,2024-12-03,6422.0,6098.0,ridge,100.8440661762661,6198.844066176266,6098.0,5750.663357824339,6206.463248669701,6389.477490865534,development_oof,3,False,False,True,False
2024-11-26,2024-12-03,6422.0,6098.0,sarimax,-105.48786351294711,5992.512136487053,6098.0,5750.663357824339,6206.463248669701,6389.477490865534,development_oof,3,False,False,True,False
2024-11-26,2024-12-03,6422.0,6098.0,seven_day_drift,45.0,6143.0,6098.0,5750.663357824339,6206.463248669701,6389.477490865534,development_oof,3,False,False,True,False
2024-11-26,2024-12-03,6422.0,6098.0,validation_weighted_ensemble,69.24586573354281,6167.245865733543,6098.0,5750.663357824339,6206.463248669701,6389.477490865534,development_oof,3,False,False,True,False
2024-11-26,2024-12-03,6422.0,6098.0,xgboost,97.04963684082031,6195.04963684082,6098.0,5750.663357824339,6206.463248669701,6389.477490865534,development_oof,3,False,False,True,False
2024-11-27,2024-12-04,6514.0,6229.0,catboost,124.38673428065431,6353.386734280654,6229.0,5881.663357824339,6377.52944685338,6501.525622500047,development_oof,3,False,False,True,False
2024-11-27,2024-12-04,6514.0,6229.0,elastic_net,205.9976701536225,6434.9976701536225,6229.0,5881.663357824339,6377.52944685338,6501.525622500047,development_oof,3,False,False,True,False
2024-11-27,2024-12-04,6514.0,6229.0,ets,-121.08572050024122,6107.914279499759,6229.0,5881.663357824339,6377.52944685338,6501.525622500047,development_oof,3,False,False,True,False
2024-11-27,2024-12-04,6514.0,6229.0,lightgbm,162.57008308827426,6391.570083088274,6229.0,5881.663357824339,6377.52944685338,6501.525622500047,development_oof,3,False,False,True,False
2024-11-27,2024-12-04,6514.0,6229.0,persistence,0.0,6229.0,6229.0,5881.663357824339,6377.52944685338,6501.525622500047,development_oof,3,False,False,True,False
2024-11-27,2024-12-04,6514.0,6229.0,ridge,200.40649916818165,6429.406499168182,6229.0,5881.663357824339,6377.52944685338,6501.525622500047,development_oof,3,False,False,True,False
2024-11-27,2024-12-04,6514.0,6229.0,sarimax,-103.57804358602516,6125.421956413975,6229.0,5881.663357824339,6377.52944685338,6501.525622500047,development_oof,3,False,False,True,False
2024-11-27,2024-12-04,6514.0,6229.0,seven_day_drift,138.0,6367.0,6229.0,5881.663357824339,6377.52944685338,6501.525622500047,development_oof,3,False,False,True,False
2024-11-27,2024-12-04,6514.0,6229.0,validation_weighted_ensemble,132.55469371226172,6361.554693712262,6229.0,5881.663357824339,6377.52944685338,6501.525622500047,development_oof,3,False,False,True,False
2024-11-27,2024-12-04,6514.0,6229.0,xgboost,138.23782348632812,6367.237823486328,6229.0,5881.663357824339,6377.52944685338,6501.525622500047,development_oof,3,False,False,True,False
2024-11-28,2024-12-05,6593.0,6243.0,catboost,171.89540812188807,6414.895408121888,6243.0,5895.663357824339,6418.806029997262,6558.578470181025,development_oof,3,False,False,True,False
2024-11-28,2024-12-05,6593.0,6243.0,elastic_net,234.47499409081138,6477.474994090811,6243.0,5895.663357824339,6418.806029997262,6558.578470181025,development_oof,3,False,False,True,False
2024-11-28,2024-12-05,6593.0,6243.0,ets,-121.07110421599646,6121.9288957840035,6243.0,5895.663357824339,6418.806029997262,6558.578470181025,development_oof,3,False,False,True,False
2024-11-28,2024-12-05,6593.0,6243.0,lightgbm,221.76982103026603,6464.769821030266,6243.0,5895.663357824339,6418.806029997262,6558.578470181025,development_oof,3,False,False,True,False
2024-11-28,2024-12-05,6593.0,6243.0,persistence,0.0,6243.0,6243.0,5895.663357824339,6418.806029997262,6558.578470181025,development_oof,3,False,False,True,False
2024-11-28,2024-12-05,6593.0,6243.0,ridge,217.9217845786643,6460.921784578664,6243.0,5895.663357824339,6418.806029997262,6558.578470181025,development_oof,3,False,False,True,False
2024-11-28,2024-12-05,6593.0,6243.0,sarimax,-101.52981021296728,6141.470189787033,6243.0,5895.663357824339,6418.806029997262,6558.578470181025,development_oof,3,False,False,True,False
2024-11-28,2024-12-05,6593.0,6243.0,seven_day_drift,179.0,6422.0,6243.0,5895.663357824339,6418.806029997262,6558.578470181025,development_oof,3,False,False,True,False
2024-11-28,2024-12-05,6593.0,6243.0,validation_weighted_ensemble,176.15816324875505,6419.158163248755,6243.0,5895.663357824339,6418.806029997262,6558.578470181025,development_oof,3,False,False,True,False
2024-11-28,2024-12-05,6593.0,6243.0,xgboost,234.45591735839844,6477.455917358398,6243.0,5895.663357824339,6418.806029997262,6558.578470181025,development_oof,3,False,False,True,False
2024-11-29,2024-12-06,6572.0,6260.0,catboost,133.39706900001056,6393.397069000011,6260.0,5912.663357824339,6446.525071562567,6661.251586678771,development_oof,3,True,False,False,False
2024-11-29,2024-12-06,6572.0,6260.0,elastic_net,345.559042545372,6605.559042545372,6260.0,5912.663357824339,6446.525071562567,6661.251586678771,development_oof,3,True,False,False,False
2024-11-29,2024-12-06,6572.0,6260.0,ets,-121.05941118860028,6138.9405888114,6260.0,5912.663357824339,6446.525071562567,6661.251586678771,development_oof,3,True,False,False,False
2024-11-29,2024-12-06,6572.0,6260.0,lightgbm,210.13897686888686,6470.138976868887,6260.0,5912.663357824339,6446.525071562567,6661.251586678771,development_oof,3,True,False,False,False
2024-11-29,2024-12-06,6572.0,6260.0,persistence,0.0,6260.0,6260.0,5912.663357824339,6446.525071562567,6661.251586678771,development_oof,3,True,False,False,False
2024-11-29,2024-12-06,6572.0,6260.0,ridge,324.8243891103575,6584.8243891103575,6260.0,5912.663357824339,6446.525071562567,6661.251586678771,development_oof,3,True,False,False,False
2024-11-29,2024-12-06,6572.0,6260.0,sarimax,-99.65474515273854,6160.3452548472615,6260.0,5912.663357824339,6446.525071562567,6661.251586678771,development_oof,3,True,False,False,False
2024-11-29,2024-12-06,6572.0,6260.0,seven_day_drift,235.0,6495.0,6260.0,5912.663357824339,6446.525071562567,6661.251586678771,development_oof,3,True,False,False,False
2024-11-29,2024-12-06,6572.0,6260.0,validation_weighted_ensemble,194.3588276000046,6454.358827600005,6260.0,5912.663357824339,6446.525071562567,6661.251586678771,development_oof,3,True,False,False,False
2024-11-29,2024-12-06,6572.0,6260.0,xgboost,192.12042236328125,6452.120422363281,6260.0,5912.663357824339,6446.525071562567,6661.251586678771,development_oof,3,True,False,False,False
2024-11-30,2024-12-07,6550.0,6275.0,catboost,127.48139880826784,6402.481398808268,6275.0,5927.663357824339,6455.911538094795,6703.585966093937,development_oof,3,True,False,False,False
2024-11-30,2024-12-07,6550.0,6275.0,elastic_net,381.10877487253583,6656.108774872536,6275.0,5927.663357824339,6455.911538094795,6703.585966093937,development_oof,3,True,False,False,False
2024-11-30,2024-12-07,6550.0,6275.0,ets,-121.05005676668407,6153.949943233316,6275.0,5927.663357824339,6455.911538094795,6703.585966093937,development_oof,3,True,False,False,False
2024-11-30,2024-12-07,6550.0,6275.0,lightgbm,159.68966763203298,6434.689667632033,6275.0,5927.663357824339,6455.911538094795,6703.585966093937,development_oof,3,True,False,False,False
2024-11-30,2024-12-07,6550.0,6275.0,persistence,0.0,6275.0,6275.0,5927.663357824339,6455.911538094795,6703.585966093937,development_oof,3,True,False,False,False
2024-11-30,2024-12-07,6550.0,6275.0,ridge,362.62067890807884,6637.620678908079,6275.0,5927.663357824339,6455.911538094795,6703.585966093937,development_oof,3,True,False,False,False
2024-11-30,2024-12-07,6550.0,6275.0,sarimax,-97.96055759796309,6177.039442402037,6275.0,5927.663357824339,6455.911538094795,6703.585966093937,development_oof,3,True,False,False,False
2024-11-30,2024-12-07,6550.0,6275.0,seven_day_drift,289.0,6564.0,6275.0,5927.663357824339,6455.911538094795,6703.585966093937,development_oof,3,True,False,False,False
2024-11-30,2024-12-07,6550.0,6275.0,validation_weighted_ensemble,224.39255952330677,6499.392559523307,6275.0,5927.663357824339,6455.911538094795,6703.585966093937,development_oof,3,True,False,False,False
2024-11-30,2024-12-07,6550.0,6275.0,xgboost,158.25987243652344,6433.259872436523,6275.0,5927.663357824339,6455.911538094795,6703.585966093937,development_oof,3,True,False,False,False
2024-12-01,2024-12-08,6529.0,6292.0,catboost,145.01968155168197,6437.019681551682,6292.0,5944.663357824339,6493.0512805671915,6724.263122604677,development_oof,3,False,False,True,False
2024-12-01,2024-12-08,6529.0,6292.0,elastic_net,388.5941036102413,6680.594103610241,6292.0,5944.663357824339,6493.0512805671915,6724.263122604677,development_oof,3,False,False,True,False
2024-12-01,2024-12-08,6529.0,6292.0,ets,-121.04257322915055,6170.957426770849,6292.0,5944.663357824339,6493.0512805671915,6724.263122604677,development_oof,3,False,False,True,False
2024-12-01,2024-12-08,6529.0,6292.0,lightgbm,184.2615158497656,6476.261515849766,6292.0,5944.663357824339,6493.0512805671915,6724.263122604677,development_oof,3,False,False,True,False
2024-12-01,2024-12-08,6529.0,6292.0,persistence,0.0,6292.0,6292.0,5944.663357824339,6493.0512805671915,6724.263122604677,development_oof,3,False,False,True,False
2024-12-01,2024-12-08,6529.0,6292.0,ridge,370.8406713580707,6662.840671358071,6292.0,5944.663357824339,6493.0512805671915,6724.263122604677,development_oof,3,False,False,True,False
2024-12-01,2024-12-08,6529.0,6292.0,sarimax,-96.43118264518398,6195.568817354816,6292.0,5944.663357824339,6493.0512805671915,6724.263122604677,development_oof,3,False,False,True,False
2024-12-01,2024-12-08,6529.0,6292.0,seven_day_drift,345.0,6637.0,6292.0,5944.663357824339,6493.0512805671915,6724.263122604677,development_oof,3,False,False,True,False
2024-12-01,2024-12-08,6529.0,6292.0,validation_weighted_ensemble,265.00787262067297,6557.007872620673,6292.0,5944.663357824339,6493.0512805671915,6724.263122604677,development_oof,3,False,False,True,False
2024-12-01,2024-12-08,6529.0,6292.0,xgboost,173.6436004638672,6465.643600463867,6292.0,5944.663357824339,6493.0512805671915,6724.263122604677,development_oof,3,False,False,True,False
2024-12-02,2024-12-09,6583.0,6391.0,catboost,136.88908599026217,6527.889085990262,6391.0,6043.663357824339,6636.234645287052,6835.43684199038,development_oof,3,False,False,True,False
2024-12-02,2024-12-09,6583.0,6391.0,elastic_net,389.7171896737336,6780.717189673734,6391.0,6043.663357824339,6636.234645287052,6835.43684199038,development_oof,3,False,False,True,False
2024-12-02,2024-12-09,6583.0,6391.0,ets,-121.03658639912373,6269.963413600876,6391.0,6043.663357824339,6636.234645287052,6835.43684199038,development_oof,3,False,False,True,False
2024-12-02,2024-12-09,6583.0,6391.0,lightgbm,214.3071080151085,6605.3071080151085,6391.0,6043.663357824339,6636.234645287052,6835.43684199038,development_oof,3,False,False,True,False
2024-12-02,2024-12-09,6583.0,6391.0,persistence,0.0,6391.0,6391.0,6043.663357824339,6636.234645287052,6835.43684199038,development_oof,3,False,False,True,False
2024-12-02,2024-12-09,6583.0,6391.0,ridge,368.28823687036856,6759.288236870369,6391.0,6043.663357824339,6636.234645287052,6835.43684199038,development_oof,3,False,False,True,False
2024-12-02,2024-12-09,6583.0,6391.0,sarimax,-95.05266411077628,6295.947335889224,6391.0,6043.663357824339,6636.234645287052,6835.43684199038,development_oof,3,False,False,True,False
2024-12-02,2024-12-09,6583.0,6391.0,seven_day_drift,379.0,6770.0,6391.0,6043.663357824339,6636.234645287052,6835.43684199038,development_oof,3,False,False,True,False
2024-12-02,2024-12-09,6583.0,6391.0,validation_weighted_ensemble,282.1556343961047,6673.155634396105,6391.0,6043.663357824339,6636.234645287052,6835.43684199038,development_oof,3,False,False,True,False
2024-12-02,2024-12-09,6583.0,6391.0,xgboost,232.0771942138672,6623.077194213867,6391.0,6043.663357824339,6636.234645287052,6835.43684199038,development_oof,3,False,False,True,False
2024-12-03,2024-12-10,6636.0,6422.0,catboost,179.51717289204043,6601.51717289204,6422.0,6074.663357824339,6627.363039187472,6875.902065828983,development_oof,3,False,True,True,False
2024-12-03,2024-12-10,6636.0,6422.0,elastic_net,281.63859072620744,6703.638590726207,6422.0,6074.663357824339,6627.363039187472,6875.902065828983,development_oof,3,False,True,True,False
2024-12-03,2024-12-10,6636.0,6422.0,ets,-121.03179693510265,6300.968203064897,6422.0,6074.663357824339,6627.363039187472,6875.902065828983,development_oof,3,False,True,True,False
2024-12-03,2024-12-10,6636.0,6422.0,lightgbm,183.7813620112147,6605.781362011215,6422.0,6074.663357824339,6627.363039187472,6875.902065828983,development_oof,3,False,True,True,False
2024-12-03,2024-12-10,6636.0,6422.0,persistence,0.0,6422.0,6422.0,6074.663357824339,6627.363039187472,6875.902065828983,development_oof,3,False,True,True,False
2024-12-03,2024-12-10,6636.0,6422.0,ridge,274.4244239423151,6696.424423942315,6422.0,6074.663357824339,6627.363039187472,6875.902065828983,development_oof,3,False,True,True,False
2024-12-03,2024-12-10,6636.0,6422.0,sarimax,-93.79453484037185,6328.205465159628,6422.0,6074.663357824339,6627.363039187472,6875.902065828983,development_oof,3,False,True,True,False
2024-12-03,2024-12-10,6636.0,6422.0,seven_day_drift,324.0,6746.0,6422.0,6074.663357824339,6627.363039187472,6875.902065828983,development_oof,3,False,True,True,False
2024-12-03,2024-12-10,6636.0,6422.0,validation_weighted_ensemble,266.20686915681654,6688.2068691568165,6422.0,6074.663357824339,6627.363039187472,6875.902065828983,development_oof,3,False,True,True,False
2024-12-03,2024-12-10,6636.0,6422.0,xgboost,179.8909912109375,6601.8909912109375,6422.0,6074.663357824339,6627.363039187472,6875.902065828983,development_oof,3,False,True,True,False
2024-12-04,2024-12-11,6755.0,6514.0,catboost,183.73475172491817,6697.734751724918,6514.0,6166.663357824339,6732.919985101803,6969.580018096244,development_oof,3,False,False,True,False
2024-12-04,2024-12-11,6755.0,6514.0,elastic_net,315.6777931024917,6829.677793102492,6514.0,6166.663357824339,6732.919985101803,6969.580018096244,development_oof,3,False,False,True,False
2024-12-04,2024-12-11,6755.0,6514.0,ets,-121.02796536388541,6392.972034636115,6514.0,6166.663357824339,6732.919985101803,6969.580018096244,development_oof,3,False,False,True,False
2024-12-04,2024-12-11,6755.0,6514.0,lightgbm,260.20807186130514,6774.208071861305,6514.0,6166.663357824339,6732.919985101803,6969.580018096244,development_oof,3,False,False,True,False
2024-12-04,2024-12-11,6755.0,6514.0,persistence,0.0,6514.0,6514.0,6166.663357824339,6732.919985101803,6969.580018096244,development_oof,3,False,False,True,False
2024-12-04,2024-12-11,6755.0,6514.0,ridge,305.79037547549433,6819.790375475494,6514.0,6166.663357824339,6732.919985101803,6969.580018096244,development_oof,3,False,False,True,False
2024-12-04,2024-12-11,6755.0,6514.0,sarimax,-92.686883540292,6421.313116459708,6514.0,6166.663357824339,6732.919985101803,6969.580018096244,development_oof,3,False,False,True,False
2024-12-04,2024-12-11,6755.0,6514.0,seven_day_drift,285.0,6799.0,6514.0,6166.663357824339,6732.919985101803,6969.580018096244,development_oof,3,False,False,True,False
2024-12-04,2024-12-11,6755.0,6514.0,validation_weighted_ensemble,244.49390068996672,6758.493900689967,6514.0,6166.663357824339,6732.919985101803,6969.580018096244,development_oof,3,False,False,True,False
2024-12-04,2024-12-11,6755.0,6514.0,xgboost,210.532958984375,6724.532958984375,6514.0,6166.663357824339,6732.919985101803,6969.580018096244,development_oof,3,False,False,True,False
2024-12-05,2024-12-12,6734.0,6593.0,catboost,194.48348454739062,6787.483484547391,6593.0,6245.663357824339,6827.852397661194,7048.580018096244,development_oof,3,False,False,True,False
2024-12-05,2024-12-12,6734.0,6593.0,elastic_net,330.7814717520605,6923.7814717520605,6593.0,6245.663357824339,6827.852397661194,7048.580018096244,development_oof,3,False,False,True,False
2024-12-05,2024-12-12,6734.0,6593.0,ets,-121.02490010691145,6471.975099893089,6593.0,6245.663357824339,6827.852397661194,7048.580018096244,development_oof,3,False,False,True,False
2024-12-05,2024-12-12,6734.0,6593.0,lightgbm,260.53440503186994,6853.53440503187,6593.0,6245.663357824339,6827.852397661194,7048.580018096244,development_oof,3,False,False,True,False
2024-12-05,2024-12-12,6734.0,6593.0,persistence,0.0,6593.0,6593.0,6245.663357824339,6827.852397661194,7048.580018096244,development_oof,3,False,False,True,False
2024-12-05,2024-12-12,6734.0,6593.0,ridge,320.18415475549955,6913.1841547555,6593.0,6245.663357824339,6827.852397661194,7048.580018096244,development_oof,3,False,False,True,False
2024-12-05,2024-12-12,6734.0,6593.0,sarimax,-91.68494736696448,6501.3150526330355,6593.0,6245.663357824339,6827.852397661194,7048.580018096244,development_oof,3,False,False,True,False
2024-12-05,2024-12-12,6734.0,6593.0,seven_day_drift,350.0,6943.0,6593.0,6245.663357824339,6827.852397661194,7048.580018096244,development_oof,3,False,False,True,False
2024-12-05,2024-12-12,6734.0,6593.0,validation_weighted_ensemble,287.79339381895625,6880.793393818956,6593.0,6245.663357824339,6827.852397661194,7048.580018096244,development_oof,3,False,False,True,False
2024-12-05,2024-12-12,6734.0,6593.0,xgboost,236.0081787109375,6829.0081787109375,6593.0,6245.663357824339,6827.852397661194,7048.580018096244,development_oof,3,False,False,True,False
2024-12-06,2024-12-13,6738.0,6572.0,catboost,182.07058279300236,6754.070582793002,6572.0,6224.663357824339,6822.471810330364,6999.399201011854,development_oof,3,True,False,False,False
2024-12-06,2024-12-13,6738.0,6572.0,elastic_net,380.64165353621866,6952.641653536219,6572.0,6224.663357824339,6822.471810330364,6999.399201011854,development_oof,3,True,False,False,False
2024-12-06,2024-12-13,6738.0,6572.0,ets,-121.02244790133227,6450.977552098668,6572.0,6224.663357824339,6822.471810330364,6999.399201011854,development_oof,3,True,False,False,False
2024-12-06,2024-12-13,6738.0,6572.0,lightgbm,278.15513280144205,6850.155132801442,6572.0,6224.663357824339,6822.471810330364,6999.399201011854,development_oof,3,True,False,False,False
2024-12-06,2024-12-13,6738.0,6572.0,persistence,0.0,6572.0,6572.0,6224.663357824339,6822.471810330364,6999.399201011854,development_oof,3,True,False,False,False
2024-12-06,2024-12-13,6738.0,6572.0,ridge,367.50430725655224,6939.504307256552,6572.0,6224.663357824339,6822.471810330364,6999.399201011854,development_oof,3,True,False,False,False
2024-12-06,2024-12-13,6738.0,6572.0,sarimax,-90.78572835055456,6481.214271649445,6572.0,6224.663357824339,6822.471810330364,6999.399201011854,development_oof,3,True,False,False,False
2024-12-06,2024-12-13,6738.0,6572.0,seven_day_drift,312.0,6884.0,6572.0,6224.663357824339,6822.471810330364,6999.399201011854,development_oof,3,True,False,False,False
2024-12-06,2024-12-13,6738.0,6572.0,validation_weighted_ensemble,260.0282331172011,6832.028233117201,6572.0,6224.663357824339,6822.471810330364,6999.399201011854,development_oof,3,True,False,False,False
2024-12-06,2024-12-13,6738.0,6572.0,xgboost,220.78619384765625,6792.786193847656,6572.0,6224.663357824339,6822.471810330364,6999.399201011854,development_oof,3,True,False,False,False
2024-12-07,2024-12-14,6741.0,6550.0,catboost,176.50419939981202,6726.504199399812,6550.0,6202.663357824339,6806.281504361864,6973.101893432811,development_oof,3,True,False,False,False
2024-12-07,2024-12-14,6741.0,6550.0,elastic_net,352.05519112256843,6902.055191122568,6550.0,6202.663357824339,6806.281504361864,6973.101893432811,development_oof,3,True,False,False,False
2024-12-07,2024-12-14,6741.0,6550.0,ets,-121.0204861368693,6428.979513863131,6550.0,6202.663357824339,6806.281504361864,6973.101893432811,development_oof,3,True,False,False,False
2024-12-07,2024-12-14,6741.0,6550.0,lightgbm,288.263686850707,6838.263686850707,6550.0,6202.663357824339,6806.281504361864,6973.101893432811,development_oof,3,True,False,False,False
2024-12-07,2024-12-14,6741.0,6550.0,persistence,0.0,6550.0,6550.0,6202.663357824339,6806.281504361864,6973.101893432811,development_oof,3,True,False,False,False
2024-12-07,2024-12-14,6741.0,6550.0,ridge,346.15019062878946,6896.1501906287895,6550.0,6202.663357824339,6806.281504361864,6973.101893432811,development_oof,3,True,False,False,False
2024-12-07,2024-12-14,6741.0,6550.0,sarimax,-89.98046091714605,6460.019539082854,6550.0,6202.663357824339,6806.281504361864,6973.101893432811,development_oof,3,True,False,False,False
2024-12-07,2024-12-14,6741.0,6550.0,seven_day_drift,275.0,6825.0,6550.0,6202.663357824339,6806.281504361864,6973.101893432811,development_oof,3,True,False,False,False
2024-12-07,2024-12-14,6741.0,6550.0,validation_weighted_ensemble,235.601679759925,6785.601679759925,6550.0,6202.663357824339,6806.281504361864,6973.101893432811,development_oof,3,True,False,False,False
2024-12-07,2024-12-14,6741.0,6550.0,xgboost,230.1901397705078,6780.190139770508,6550.0,6202.663357824339,6806.281504361864,6973.101893432811,development_oof,3,True,False,False,False
2024-12-08,2024-12-15,6745.0,6529.0,catboost,123.50991361539582,6652.509913615396,6529.0,6181.663357824339,6724.7002067974745,6918.4294372511,development_oof,3,False,False,True,False
2024-12-08,2024-12-15,6745.0,6529.0,elastic_net,335.6016390962959,6864.601639096296,6529.0,6181.663357824339,6724.7002067974745,6918.4294372511,development_oof,3,False,False,True,False
2024-12-08,2024-12-15,6745.0,6529.0,ets,-121.01891672529928,6407.981083274701,6529.0,6181.663357824339,6724.7002067974745,6918.4294372511,development_oof,3,False,False,True,False
2024-12-08,2024-12-15,6745.0,6529.0,lightgbm,242.76049296472047,6771.7604929647205,6529.0,6181.663357824339,6724.7002067974745,6918.4294372511,development_oof,3,False,False,True,False
2024-12-08,2024-12-15,6745.0,6529.0,persistence,0.0,6529.0,6529.0,6181.663357824339,6724.7002067974745,6918.4294372511,development_oof,3,False,False,True,False
2024-12-08,2024-12-15,6745.0,6529.0,ridge,336.3259534969984,6865.325953496998,6529.0,6181.663357824339,6724.7002067974745,6918.4294372511,development_oof,3,False,False,True,False
2024-12-08,2024-12-15,6745.0,6529.0,sarimax,-89.26066576488938,6439.739334235111,6529.0,6181.663357824339,6724.7002067974745,6918.4294372511,development_oof,3,False,False,True,False
2024-12-08,2024-12-15,6745.0,6529.0,seven_day_drift,237.0,6766.0,6529.0,6181.663357824339,6724.7002067974745,6918.4294372511,development_oof,3,False,False,True,False
2024-12-08,2024-12-15,6745.0,6529.0,validation_weighted_ensemble,191.60396544615833,6720.603965446158,6529.0,6181.663357824339,6724.7002067974745,6918.4294372511,development_oof,3,False,False,True,False
2024-12-08,2024-12-15,6745.0,6529.0,xgboost,192.96775817871094,6721.967758178711,6529.0,6181.663357824339,6724.7002067974745,6918.4294372511,development_oof,3,False,False,True,False
2024-12-09,2024-12-16,6741.0,6583.0,catboost,134.34914369268427,6717.349143692684,6583.0,6235.663357824339,6720.6358441557,6910.801718301232,development_oof,3,False,False,False,False
2024-12-09,2024-12-16,6741.0,6583.0,elastic_net,298.0984068520538,6881.098406852054,6583.0,6235.663357824339,6720.6358441557,6910.801718301232,development_oof,3,False,False,False,False
2024-12-09,2024-12-16,6741.0,6583.0,ets,-121.01766119604235,6461.982338803958,6583.0,6235.663357824339,6720.6358441557,6910.801718301232,development_oof,3,False,False,False,False
2024-12-09,2024-12-16,6741.0,6583.0,lightgbm,186.76355242150112,6769.763552421501,6583.0,6235.663357824339,6720.6358441557,6910.801718301232,development_oof,3,False,False,False,False
2024-12-09,2024-12-16,6741.0,6583.0,persistence,0.0,6583.0,6583.0,6235.663357824339,6720.6358441557,6910.801718301232,development_oof,3,False,False,False,False
2024-12-09,2024-12-16,6741.0,6583.0,ridge,292.8322072730907,6875.832207273091,6583.0,6235.663357824339,6720.6358441557,6910.801718301232,development_oof,3,False,False,False,False
2024-12-09,2024-12-16,6741.0,6583.0,sarimax,-88.61864380594125,6494.381356194059,6583.0,6235.663357824339,6720.6358441557,6910.801718301232,development_oof,3,False,False,False,False
2024-12-09,2024-12-16,6741.0,6583.0,seven_day_drift,192.0,6775.0,6583.0,6235.663357824339,6720.6358441557,6910.801718301232,development_oof,3,False,False,False,False
2024-12-09,2024-12-16,6741.0,6583.0,validation_weighted_ensemble,168.93965747707352,6751.9396574770735,6583.0,6235.663357824339,6720.6358441557,6910.801718301232,development_oof,3,False,False,False,False
2024-12-09,2024-12-16,6741.0,6583.0,xgboost,132.29603576660156,6715.296035766602,6583.0,6235.663357824339,6720.6358441557,6910.801718301232,development_oof,3,False,False,False,False
2024-12-10,2024-12-17,6816.0,6636.0,catboost,140.1338945340567,6776.133894534057,6636.0,6288.663357824339,6825.695866522174,6957.155591430691,development_oof,3,False,False,True,False
2024-12-10,2024-12-17,6816.0,6636.0,elastic_net,216.0127685987627,6852.012768598763,6636.0,6288.663357824339,6825.695866522174,6957.155591430691,development_oof,3,False,False,True,False
2024-12-10,2024-12-17,6816.0,6636.0,ets,-121.01665677263736,6514.983343227363,6636.0,6288.663357824339,6825.695866522174,6957.155591430691,development_oof,3,False,False,True,False
2024-12-10,2024-12-17,6816.0,6636.0,lightgbm,192.87739880123718,6828.877398801237,6636.0,6288.663357824339,6825.695866522174,6957.155591430691,development_oof,3,False,False,True,False
2024-12-10,2024-12-17,6816.0,6636.0,persistence,0.0,6636.0,6636.0,6288.663357824339,6825.695866522174,6957.155591430691,development_oof,3,False,False,True,False
2024-12-10,2024-12-17,6816.0,6636.0,ridge,211.19853490385594,6847.198534903856,6636.0,6288.663357824339,6825.695866522174,6957.155591430691,development_oof,3,False,False,True,False
2024-12-10,2024-12-17,6816.0,6636.0,sarimax,-88.04700211215913,6547.952997887841,6636.0,6288.663357824339,6825.695866522174,6957.155591430691,development_oof,3,False,False,True,False
2024-12-10,2024-12-17,6816.0,6636.0,seven_day_drift,214.0,6850.0,6636.0,6288.663357824339,6825.695866522174,6957.155591430691,development_oof,3,False,False,True,False
2024-12-10,2024-12-17,6816.0,6636.0,validation_weighted_ensemble,184.45355781362287,6820.453557813623,6636.0,6288.663357824339,6825.695866522174,6957.155591430691,development_oof,3,False,False,True,False
2024-12-10,2024-12-17,6816.0,6636.0,xgboost,199.47055053710938,6835.470550537109,6636.0,6288.663357824339,6825.695866522174,6957.155591430691,development_oof,3,False,False,True,False
2024-12-11,2024-12-18,6883.0,6755.0,catboost,127.92186144749667,6882.921861447497,6755.0,6407.663357824339,6902.636501248643,7188.014401632328,development_oof,3,False,False,True,False
2024-12-11,2024-12-18,6883.0,6755.0,elastic_net,245.1470883463844,7000.147088346384,6755.0,6407.663357824339,6902.636501248643,7188.014401632328,development_oof,3,False,False,True,False
2024-12-11,2024-12-18,6883.0,6755.0,ets,-121.01585323391373,6633.984146766086,6755.0,6407.663357824339,6902.636501248643,7188.014401632328,development_oof,3,False,False,True,False
2024-12-11,2024-12-18,6883.0,6755.0,lightgbm,166.6250032184007,6921.625003218401,6755.0,6407.663357824339,6902.636501248643,7188.014401632328,development_oof,3,False,False,True,False
2024-12-11,2024-12-18,6883.0,6755.0,persistence,0.0,6755.0,6755.0,6407.663357824339,6902.636501248643,7188.014401632328,development_oof,3,False,False,True,False
2024-12-11,2024-12-18,6883.0,6755.0,ridge,240.1848908144866,6995.184890814487,6755.0,6407.663357824339,6902.636501248643,7188.014401632328,development_oof,3,False,False,True,False
2024-12-11,2024-12-18,6883.0,6755.0,sarimax,-87.54028132527401,6667.459718674726,6755.0,6407.663357824339,6902.636501248643,7188.014401632328,development_oof,3,False,False,True,False
2024-12-11,2024-12-18,6883.0,6755.0,seven_day_drift,241.0,6996.0,6755.0,6407.663357824339,6902.636501248643,7188.014401632328,development_oof,3,False,False,True,False
2024-12-11,2024-12-18,6883.0,6755.0,validation_weighted_ensemble,195.76874457899794,6950.768744578998,6755.0,6407.663357824339,6902.636501248643,7188.014401632328,development_oof,3,False,False,True,False
2024-12-11,2024-12-18,6883.0,6755.0,xgboost,132.48480224609375,6887.484802246094,6755.0,6407.663357824339,6902.636501248643,7188.014401632328,development_oof,3,False,False,True,False
2024-12-12,2024-12-19,7012.0,6734.0,catboost,119.74095039587701,6853.740950395877,6734.0,6386.663357824339,6855.8372789586965,7018.432799516248,development_oof,3,False,True,True,False
2024-12-12,2024-12-19,7012.0,6734.0,elastic_net,204.6355967630052,6938.635596763005,6734.0,6386.663357824339,6855.8372789586965,7018.432799516248,development_oof,3,False,True,True,False
2024-12-12,2024-12-19,7012.0,6734.0,ets,-121.01521040293392,6612.984789597066,6734.0,6386.663357824339,6855.8372789586965,7018.432799516248,development_oof,3,False,True,True,False
2024-12-12,2024-12-19,7012.0,6734.0,lightgbm,151.4622072762577,6885.462207276258,6734.0,6386.663357824339,6855.8372789586965,7018.432799516248,development_oof,3,False,True,True,False
2024-12-12,2024-12-19,7012.0,6734.0,persistence,0.0,6734.0,6734.0,6386.663357824339,6855.8372789586965,7018.432799516248,development_oof,3,False,True,True,False
2024-12-12,2024-12-19,7012.0,6734.0,ridge,197.37754208079423,6931.377542080794,6734.0,6386.663357824339,6855.8372789586965,7018.432799516248,development_oof,3,False,True,True,False
2024-12-12,2024-12-19,7012.0,6734.0,sarimax,-87.0919354559719,6646.908064544028,6734.0,6386.663357824339,6855.8372789586965,7018.432799516248,development_oof,3,False,True,True,False
2024-12-12,2024-12-19,7012.0,6734.0,seven_day_drift,141.0,6875.0,6734.0,6386.663357824339,6855.8372789586965,7018.432799516248,development_oof,3,False,True,True,False
2024-12-12,2024-12-19,7012.0,6734.0,validation_weighted_ensemble,132.4963801583508,6866.496380158351,6734.0,6386.663357824339,6855.8372789586965,7018.432799516248,development_oof,3,False,True,True,False
2024-12-12,2024-12-19,7012.0,6734.0,xgboost,157.77725219726562,6891.777252197266,6734.0,6386.663357824339,6855.8372789586965,7018.432799516248,development_oof,3,False,True,True,False
2024-12-13,2024-12-20,6958.0,6738.0,catboost,109.54615430784634,6847.546154307846,6738.0,6390.663357824339,6875.064037689816,7034.89350663776,development_oof,3,True,False,False,False
2024-12-13,2024-12-20,6958.0,6738.0,elastic_net,258.67176652318904,6996.671766523189,6738.0,6390.663357824339,6875.064037689816,7034.89350663776,development_oof,3,True,False,False,False
2024-12-13,2024-12-20,6958.0,6738.0,ets,-121.01469613815061,6616.985303861849,6738.0,6390.663357824339,6875.064037689816,7034.89350663776,development_oof,3,True,False,False,False
2024-12-13,2024-12-20,6958.0,6738.0,lightgbm,171.4890251887764,6909.489025188776,6738.0,6390.663357824339,6875.064037689816,7034.89350663776,development_oof,3,True,False,False,False
2024-12-13,2024-12-20,6958.0,6738.0,persistence,0.0,6738.0,6738.0,6390.663357824339,6875.064037689816,7034.89350663776,development_oof,3,True,False,False,False
2024-12-13,2024-12-20,6958.0,6738.0,ridge,253.60323754666024,6991.60323754666,6738.0,6390.663357824339,6875.064037689816,7034.89350663776,development_oof,3,True,False,False,False
2024-12-13,2024-12-20,6958.0,6738.0,sarimax,-86.69683580760466,6651.303164192395,6738.0,6390.663357824339,6875.064037689816,7034.89350663776,development_oof,3,True,False,False,False
2024-12-13,2024-12-20,6958.0,6738.0,seven_day_drift,166.0,6904.0,6738.0,6390.663357824339,6875.064037689816,7034.89350663776,development_oof,3,True,False,False,False
2024-12-13,2024-12-20,6958.0,6738.0,validation_weighted_ensemble,143.41846172313853,6881.4184617231385,6738.0,6390.663357824339,6875.064037689816,7034.89350663776,development_oof,3,True,False,False,False
2024-12-13,2024-12-20,6958.0,6738.0,xgboost,121.89972686767578,6859.899726867676,6738.0,6390.663357824339,6875.064037689816,7034.89350663776,development_oof,3,True,False,False,False
2024-12-14,2024-12-21,6904.0,6741.0,catboost,121.59775900338627,6862.597759003386,6741.0,6393.663357824339,6890.8291403262265,7040.412822300706,development_oof,3,True,False,False,False
2024-12-14,2024-12-21,6904.0,6741.0,elastic_net,243.20693704071527,6984.206937040715,6741.0,6393.663357824339,6890.8291403262265,7040.412822300706,development_oof,3,True,False,False,False
2024-12-14,2024-12-21,6904.0,6741.0,ets,-121.01428472632415,6619.985715273676,6741.0,6393.663357824339,6890.8291403262265,7040.412822300706,development_oof,3,True,False,False,False
2024-12-14,2024-12-21,6904.0,6741.0,lightgbm,177.5309715010353,6918.530971501035,6741.0,6393.663357824339,6890.8291403262265,7040.412822300706,development_oof,3,True,False,False,False
2024-12-14,2024-12-21,6904.0,6741.0,persistence,0.0,6741.0,6741.0,6393.663357824339,6890.8291403262265,7040.412822300706,development_oof,3,True,False,False,False
2024-12-14,2024-12-21,6904.0,6741.0,ridge,245.0918288243338,6986.091828824334,6741.0,6393.663357824339,6890.8291403262265,7040.412822300706,development_oof,3,True,False,False,False
2024-12-14,2024-12-21,6904.0,6741.0,sarimax,-86.35018464521909,6654.649815354781,6741.0,6393.663357824339,6890.8291403262265,7040.412822300706,development_oof,3,True,False,False,False
2024-12-14,2024-12-21,6904.0,6741.0,seven_day_drift,191.0,6932.0,6741.0,6393.663357824339,6890.8291403262265,7040.412822300706,development_oof,3,True,False,False,False
2024-12-14,2024-12-21,6904.0,6741.0,validation_weighted_ensemble,163.23910360135415,6904.239103601354,6741.0,6393.663357824339,6890.8291403262265,7040.412822300706,development_oof,3,True,False,False,False
2024-12-14,2024-12-21,6904.0,6741.0,xgboost,139.97647094726562,6880.976470947266,6741.0,6393.663357824339,6890.8291403262265,7040.412822300706,development_oof,3,True,False,False,False
2024-12-15,2024-12-22,6850.0,6745.0,catboost,110.28388014914617,6855.283880149146,6745.0,6397.663357824339,6908.34502689429,7039.028793219371,development_oof,3,False,False,False,False
2024-12-15,2024-12-22,6850.0,6745.0,elastic_net,256.32315188903885,7001.323151889039,6745.0,6397.663357824339,6908.34502689429,7039.028793219371,development_oof,3,False,False,False,False
2024-12-15,2024-12-22,6850.0,6745.0,ets,-121.01395559686262,6623.986044403137,6745.0,6397.663357824339,6908.34502689429,7039.028793219371,development_oof,3,False,False,False,False
2024-12-15,2024-12-22,6850.0,6745.0,lightgbm,170.41246287686317,6915.412462876863,6745.0,6397.663357824339,6908.34502689429,7039.028793219371,development_oof,3,False,False,False,False
2024-12-15,2024-12-22,6850.0,6745.0,persistence,0.0,6745.0,6745.0,6397.663357824339,6908.34502689429,7039.028793219371,development_oof,3,False,False,False,False
2024-12-15,2024-12-22,6850.0,6745.0,ridge,246.76916370720392,6991.769163707204,6745.0,6397.663357824339,6908.34502689429,7039.028793219371,development_oof,3,False,False,False,False
2024-12-15,2024-12-22,6850.0,6745.0,sarimax,-86.04760647356579,6658.952393526434,6745.0,6397.663357824339,6908.34502689429,7039.028793219371,development_oof,3,False,False,False,False
2024-12-15,2024-12-22,6850.0,6745.0,seven_day_drift,216.0,6961.0,6745.0,6397.663357824339,6908.34502689429,7039.028793219371,development_oof,3,False,False,False,False
2024-12-15,2024-12-22,6850.0,6745.0,validation_weighted_ensemble,173.71355205965847,6918.7135520596585,6745.0,6397.663357824339,6908.34502689429,7039.028793219371,development_oof,3,False,False,False,False
2024-12-15,2024-12-22,6850.0,6745.0,xgboost,125.5775146484375,6870.5775146484375,6745.0,6397.663357824339,6908.34502689429,7039.028793219371,development_oof,3,False,False,False,False
2024-12-16,2024-12-23,6842.0,6741.0,catboost,83.11830517056478,6824.118305170565,6741.0,6393.663357824339,6822.220517352486,7022.436444213399,development_oof,3,False,False,True,False
2024-12-16,2024-12-23,6842.0,6741.0,elastic_net,166.23087351086542,6907.230873510865,6741.0,6393.663357824339,6822.220517352486,7022.436444213399,development_oof,3,False,False,True,False
2024-12-16,2024-12-23,6842.0,6741.0,ets,-121.01369229329339,6619.986307706707,6741.0,6393.663357824339,6822.220517352486,7022.436444213399,development_oof,3,False,False,True,False
2024-12-16,2024-12-23,6842.0,6741.0,lightgbm,94.17210091179186,6835.172100911792,6741.0,6393.663357824339,6822.220517352486,7022.436444213399,development_oof,3,False,False,True,False
2024-12-16,2024-12-23,6842.0,6741.0,persistence,0.0,6741.0,6741.0,6393.663357824339,6822.220517352486,7022.436444213399,development_oof,3,False,False,True,False
2024-12-16,2024-12-23,6842.0,6741.0,ridge,161.68049084603808,6902.680490846038,6741.0,6393.663357824339,6822.220517352486,7022.436444213399,development_oof,3,False,False,True,False
2024-12-16,2024-12-23,6842.0,6741.0,sarimax,-85.78512128574766,6655.214878714252,6741.0,6393.663357824339,6822.220517352486,7022.436444213399,development_oof,3,False,False,True,False
2024-12-16,2024-12-23,6842.0,6741.0,seven_day_drift,158.0,6899.0,6741.0,6393.663357824339,6822.220517352486,7022.436444213399,development_oof,3,False,False,True,False
2024-12-16,2024-12-23,6842.0,6741.0,validation_weighted_ensemble,128.0473220682261,6869.047322068226,6741.0,6393.663357824339,6822.220517352486,7022.436444213399,development_oof,3,False,False,True,False
2024-12-16,2024-12-23,6842.0,6741.0,xgboost,59.5364875793457,6800.536487579346,6741.0,6393.663357824339,6822.220517352486,7022.436444213399,development_oof,3,False,False,True,False
2024-12-17,2024-12-24,6926.0,6816.0,catboost,193.1525831213994,7009.152583121399,6816.0,6468.663357824339,6985.9901186536035,7119.900590962699,development_oof,3,False,False,True,False
2024-12-17,2024-12-24,6926.0,6816.0,elastic_net,244.10398252126743,7060.103982521267,6816.0,6468.663357824339,6985.9901186536035,7119.900590962699,development_oof,3,False,False,True,False
2024-12-17,2024-12-24,6926.0,6816.0,ets,-121.01348165043783,6694.986518349562,6816.0,6468.663357824339,6985.9901186536035,7119.900590962699,development_oof,3,False,False,True,False
2024-12-17,2024-12-24,6926.0,6816.0,lightgbm,130.0536969294044,6946.053696929404,6816.0,6468.663357824339,6985.9901186536035,7119.900590962699,development_oof,3,False,False,True,False
2024-12-17,2024-12-24,6926.0,6816.0,persistence,0.0,6816.0,6816.0,6468.663357824339,6985.9901186536035,7119.900590962699,development_oof,3,False,False,True,False
2024-12-17,2024-12-24,6926.0,6816.0,ridge,233.01338670977384,7049.013386709774,6816.0,6468.663357824339,6985.9901186536035,7119.900590962699,development_oof,3,False,False,True,False
2024-12-17,2024-12-24,6926.0,6816.0,sarimax,-85.55910000632593,6730.440899993674,6816.0,6468.663357824339,6985.9901186536035,7119.900590962699,development_oof,3,False,False,True,False
2024-12-17,2024-12-24,6926.0,6816.0,seven_day_drift,180.0,6996.0,6816.0,6468.663357824339,6985.9901186536035,7119.900590962699,development_oof,3,False,False,True,False
2024-12-17,2024-12-24,6926.0,6816.0,validation_weighted_ensemble,185.26103324855922,7001.261033248559,6816.0,6468.663357824339,6985.9901186536035,7119.900590962699,development_oof,3,False,False,True,False
2024-12-17,2024-12-24,6926.0,6816.0,xgboost,145.09902954101562,6961.099029541016,6816.0,6468.663357824339,6985.9901186536035,7119.900590962699,development_oof,3,False,False,True,False
2024-12-18,2024-12-25,6851.0,6883.0,catboost,120.7035652372424,7003.703565237242,6883.0,6535.663357824339,7036.323701987529,7187.174791200635,development_oof,3,False,False,True,False
2024-12-18,2024-12-25,6851.0,6883.0,elastic_net,186.42250650700498,7069.422506507005,6883.0,6535.663357824339,7036.323701987529,7187.174791200635,development_oof,3,False,False,True,False
2024-12-18,2024-12-25,6851.0,6883.0,ets,-121.01331313615356,6761.986686863846,6883.0,6535.663357824339,7036.323701987529,7187.174791200635,development_oof,3,False,False,True,False
2024-12-18,2024-12-25,6851.0,6883.0,lightgbm,131.6682144234228,7014.668214423423,6883.0,6535.663357824339,7036.323701987529,7187.174791200635,development_oof,3,False,False,True,False
2024-12-18,2024-12-25,6851.0,6883.0,persistence,0.0,6883.0,6883.0,6535.663357824339,7036.323701987529,7187.174791200635,development_oof,3,False,False,True,False
2024-12-18,2024-12-25,6851.0,6883.0,ridge,182.88794040699577,7065.887940406996,6883.0,6535.663357824339,7036.323701987529,7187.174791200635,development_oof,3,False,False,True,False
2024-12-18,2024-12-25,6851.0,6883.0,sarimax,-85.36626904178047,6797.6337309582195,6883.0,6535.663357824339,7036.323701987529,7187.174791200635,development_oof,3,False,False,True,False
2024-12-18,2024-12-25,6851.0,6883.0,seven_day_drift,128.0,7011.0,6883.0,6535.663357824339,7036.323701987529,7187.174791200635,development_oof,3,False,False,True,False
2024-12-18,2024-12-25,6851.0,6883.0,validation_weighted_ensemble,125.08142609489641,7008.081426094896,6883.0,6535.663357824339,7036.323701987529,7187.174791200635,development_oof,3,False,False,True,False
2024-12-18,2024-12-25,6851.0,6883.0,xgboost,95.18128967285156,6978.181289672852,6883.0,6535.663357824339,7036.323701987529,7187.174791200635,development_oof,3,False,False,True,False
2024-12-19,2024-12-26,6829.0,7012.0,catboost,104.05132932992001,7116.05132932992,7012.0,6659.943043666535,7149.197725223147,7417.9036358958965,development_oof,3,False,False,False,False
2024-12-19,2024-12-26,6829.0,7012.0,elastic_net,380.402323038561,7392.402323038561,7012.0,6659.943043666535,7149.197725223147,7417.9036358958965,development_oof,3,False,False,False,False
2024-12-19,2024-12-26,6829.0,7012.0,ets,-121.01317832472614,6890.986821675274,7012.0,6659.943043666535,7149.197725223147,7417.9036358958965,development_oof,3,False,False,False,False
2024-12-19,2024-12-26,6829.0,7012.0,lightgbm,119.02945034276127,7131.029450342761,7012.0,6659.943043666535,7149.197725223147,7417.9036358958965,development_oof,3,False,False,False,False
2024-12-19,2024-12-26,6829.0,7012.0,persistence,0.0,7012.0,7012.0,6659.943043666535,7149.197725223147,7417.9036358958965,development_oof,3,False,False,False,False
2024-12-19,2024-12-26,6829.0,7012.0,ridge,354.2004210541236,7366.200421054124,7012.0,6659.943043666535,7149.197725223147,7417.9036358958965,development_oof,3,False,False,False,False
2024-12-19,2024-12-26,6829.0,7012.0,sarimax,-85.2036158588844,6926.796384141116,7012.0,6659.943043666535,7149.197725223147,7417.9036358958965,development_oof,3,False,False,False,False
2024-12-19,2024-12-26,6829.0,7012.0,seven_day_drift,278.0,7290.0,7012.0,6659.943043666535,7149.197725223147,7417.9036358958965,development_oof,3,False,False,False,False
2024-12-19,2024-12-26,6829.0,7012.0,validation_weighted_ensemble,208.42053173196837,7220.420531731968,7012.0,6659.943043666535,7149.197725223147,7417.9036358958965,development_oof,3,False,False,False,False
2024-12-19,2024-12-26,6829.0,7012.0,xgboost,132.09353637695312,7144.093536376953,7012.0,6659.943043666535,7149.197725223147,7417.9036358958965,development_oof,3,False,False,False,False
2024-12-20,2024-12-27,6764.0,6958.0,catboost,157.77228407016992,7115.77228407017,6958.0,6610.663357824339,7115.506144688581,7248.152251182848,development_oof,3,True,False,False,False
2024-12-20,2024-12-27,6764.0,6958.0,elastic_net,244.79405024096468,7202.794050240965,6958.0,6610.663357824339,7115.506144688581,7248.152251182848,development_oof,3,True,False,False,False
2024-12-20,2024-12-27,6764.0,6958.0,ets,-121.01307047558475,6836.986929524415,6958.0,6610.663357824339,7115.506144688581,7248.152251182848,development_oof,3,True,False,False,False
2024-12-20,2024-12-27,6764.0,6958.0,lightgbm,157.6566594232272,7115.656659423227,6958.0,6610.663357824339,7115.506144688581,7248.152251182848,development_oof,3,True,False,False,False
2024-12-20,2024-12-27,6764.0,6958.0,persistence,0.0,6958.0,6958.0,6610.663357824339,7115.506144688581,7248.152251182848,development_oof,3,True,False,False,False
2024-12-20,2024-12-27,6764.0,6958.0,ridge,231.5166347725335,7189.5166347725335,6958.0,6610.663357824339,7115.506144688581,7248.152251182848,development_oof,3,True,False,False,False
2024-12-20,2024-12-27,6764.0,6958.0,sarimax,-85.06841809226898,6872.931581907731,6958.0,6610.663357824339,7115.506144688581,7248.152251182848,development_oof,3,True,False,False,False
2024-12-20,2024-12-27,6764.0,6958.0,seven_day_drift,220.0,7178.0,6958.0,6610.663357824339,7115.506144688581,7248.152251182848,development_oof,3,True,False,False,False
2024-12-20,2024-12-27,6764.0,6958.0,validation_weighted_ensemble,195.10891362806797,7153.108913628068,6958.0,6610.663357824339,7115.506144688581,7248.152251182848,development_oof,3,True,False,False,False
2024-12-20,2024-12-27,6764.0,6958.0,xgboost,128.75784301757812,7086.757843017578,6958.0,6610.663357824339,7115.506144688581,7248.152251182848,development_oof,3,True,False,False,False
2024-12-21,2024-12-28,6700.0,6904.0,catboost,146.99745480738693,7050.997454807387,6904.0,6556.663357824339,7106.870134102599,7203.686177091989,development_oof,3,True,False,False,False
2024-12-21,2024-12-28,6700.0,6904.0,elastic_net,231.1199827085038,7135.119982708504,6904.0,6556.663357824339,7106.870134102599,7203.686177091989,development_oof,3,True,False,False,False
2024-12-21,2024-12-28,6700.0,6904.0,ets,-121.01298419627074,6782.987015803729,6904.0,6556.663357824339,7106.870134102599,7203.686177091989,development_oof,3,True,False,False,False
2024-12-21,2024-12-28,6700.0,6904.0,lightgbm,197.06849538765255,7101.068495387653,6904.0,6556.663357824339,7106.870134102599,7203.686177091989,development_oof,3,True,False,False,False
2024-12-21,2024-12-28,6700.0,6904.0,persistence,0.0,6904.0,6904.0,6556.663357824339,7106.870134102599,7203.686177091989,development_oof,3,True,False,False,False
2024-12-21,2024-12-28,6700.0,6904.0,ridge,218.18542784072633,7122.185427840726,6904.0,6556.663357824339,7106.870134102599,7203.686177091989,development_oof,3,True,False,False,False
2024-12-21,2024-12-28,6700.0,6904.0,sarimax,-84.95819635110729,6819.041803648893,6904.0,6556.663357824339,7106.870134102599,7203.686177091989,development_oof,3,True,False,False,False
2024-12-21,2024-12-28,6700.0,6904.0,sarimax_boosting_hybrid,79.67803673431172,6983.678036734312,6904.0,6556.663357824339,7106.870134102599,7203.686177091989,development_oof,1,True,False,False,False
2024-12-21,2024-12-28,6700.0,6904.0,seven_day_drift,163.0,7067.0,6904.0,6556.663357824339,7106.870134102599,7203.686177091989,development_oof,3,True,False,False,False
2024-12-21,2024-12-28,6700.0,6904.0,validation_weighted_ensemble,156.5989819229544,7060.598981922954,6904.0,6556.663357824339,7106.870134102599,7203.686177091989,development_oof,3,True,False,False,False
2024-12-21,2024-12-28,6700.0,6904.0,xgboost,145.35520935058594,7049.355209350586,6904.0,6556.663357824339,7106.870134102599,7203.686177091989,development_oof,3,True,False,False,False
2024-12-22,2024-12-29,6635.0,6850.0,catboost,33.01936833714626,6883.019368337146,6850.0,6496.697984259265,6953.691744297736,7167.354828238771,development_oof,3,False,False,False,False
2024-12-22,2024-12-29,6635.0,6850.0,elastic_net,163.03130350640458,7013.031303506405,6850.0,6496.697984259265,6953.691744297736,7167.354828238771,development_oof,3,False,False,False,False
2024-12-22,2024-12-29,6635.0,6850.0,ets,-121.0129151728197,6728.98708482718,6850.0,6496.697984259265,6953.691744297736,7167.354828238771,development_oof,3,False,False,False,False
2024-12-22,2024-12-29,6635.0,6850.0,lightgbm,91.33656671132121,6941.336566711321,6850.0,6496.697984259265,6953.691744297736,7167.354828238771,development_oof,3,False,False,False,False
2024-12-22,2024-12-29,6635.0,6850.0,persistence,0.0,6850.0,6850.0,6496.697984259265,6953.691744297736,7167.354828238771,development_oof,3,False,False,False,False
2024-12-22,2024-12-29,6635.0,6850.0,ridge,144.28770954763695,6994.287709547637,6850.0,6496.697984259265,6953.691744297736,7167.354828238771,development_oof,3,False,False,False,False
2024-12-22,2024-12-29,6635.0,6850.0,sarimax,-84.87069492838782,6765.129305071612,6850.0,6496.697984259265,6953.691744297736,7167.354828238771,development_oof,3,False,False,False,False
2024-12-22,2024-12-29,6635.0,6850.0,sarimax_boosting_hybrid,79.76553815703119,6929.765538157031,6850.0,6496.697984259265,6953.691744297736,7167.354828238771,development_oof,1,False,False,False,False
2024-12-22,2024-12-29,6635.0,6850.0,seven_day_drift,105.0,6955.0,6850.0,6496.697984259265,6953.691744297736,7167.354828238771,development_oof,3,False,False,False,False
2024-12-22,2024-12-29,6635.0,6850.0,validation_weighted_ensemble,76.20774733485905,6926.207747334859,6850.0,6496.697984259265,6953.691744297736,7167.354828238771,development_oof,3,False,False,False,False
2024-12-22,2024-12-29,6635.0,6850.0,xgboost,53.70653533935547,6903.7065353393555,6850.0,6496.697984259265,6953.691744297736,7167.354828238771,development_oof,3,False,False,False,False
2024-12-23,2024-12-30,6610.0,6842.0,catboost,-27.122618703501757,6814.877381296498,6842.0,6494.663357824339,6829.363202654405,7091.125119004594,development_oof,3,False,False,False,False
2024-12-23,2024-12-30,6610.0,6842.0,elastic_net,28.704753564828934,6870.704753564829,6842.0,6494.663357824339,6829.363202654405,7091.125119004594,development_oof,3,False,False,False,False
2024-12-23,2024-12-30,6610.0,6842.0,ets,-121.01285995405942,6720.987140045941,6842.0,6494.663357824339,6829.363202654405,7091.125119004594,development_oof,3,False,False,False,False
2024-12-23,2024-12-30,6610.0,6842.0,lightgbm,-17.006209149803,6824.993790850197,6842.0,6494.663357824339,6829.363202654405,7091.125119004594,development_oof,3,False,False,False,False
2024-12-23,2024-12-30,6610.0,6842.0,persistence,0.0,6842.0,6842.0,6494.663357824339,6829.363202654405,7091.125119004594,development_oof,3,False,False,False,False
2024-12-23,2024-12-30,6610.0,6842.0,ridge,24.459219228568145,6866.459219228568,6842.0,6494.663357824339,6829.363202654405,7091.125119004594,development_oof,3,False,False,False,False
2024-12-23,2024-12-30,6610.0,6842.0,sarimax,-84.80386184819781,6757.196138151802,6842.0,6494.663357824339,6829.363202654405,7091.125119004594,development_oof,3,False,False,False,False
2024-12-23,2024-12-30,6610.0,6842.0,sarimax_boosting_hybrid,79.8323712372212,6921.832371237221,6842.0,6494.663357824339,6829.363202654405,7091.125119004594,development_oof,1,False,False,False,False
2024-12-23,2024-12-30,6610.0,6842.0,seven_day_drift,101.0,6943.0,6842.0,6494.663357824339,6829.363202654405,7091.125119004594,development_oof,3,False,False,False,False
2024-12-23,2024-12-30,6610.0,6842.0,validation_weighted_ensemble,49.75095251859966,6891.7509525186,6842.0,6494.663357824339,6829.363202654405,7091.125119004594,development_oof,3,False,False,False,False
2024-12-23,2024-12-30,6610.0,6842.0,xgboost,-14.321273803710938,6827.678726196289,6842.0,6494.663357824339,6829.363202654405,7091.125119004594,development_oof,3,False,False,False,False
2024-12-24,2024-12-31,6541.0,6926.0,catboost,-51.189225511002405,6874.810774488998,6926.0,6573.943043666535,6931.571766714822,7181.639226933317,development_oof,3,False,False,True,False
2024-12-24,2024-12-31,6541.0,6926.0,elastic_net,112.42287917403428,7038.422879174034,6926.0,6573.943043666535,6931.571766714822,7181.639226933317,development_oof,3,False,False,True,False
2024-12-24,2024-12-31,6541.0,6926.0,ets,-121.01281577905138,6804.987184220949,6926.0,6573.943043666535,6931.571766714822,7181.639226933317,development_oof,3,False,False,True,False
2024-12-24,2024-12-31,6541.0,6926.0,lightgbm,-31.111436947659058,6894.888563052341,6926.0,6573.943043666535,6931.571766714822,7181.639226933317,development_oof,3,False,False,True,False
2024-12-24,2024-12-31,6541.0,6926.0,persistence,0.0,6926.0,6926.0,6573.943043666535,6931.571766714822,7181.639226933317,development_oof,3,False,False,True,False
2024-12-24,2024-12-31,6541.0,6926.0,ridge,104.81779378744523,7030.817793787445,6926.0,6573.943043666535,6931.571766714822,7181.639226933317,development_oof,3,False,False,True,False
2024-12-24,2024-12-31,6541.0,6926.0,sarimax,-84.75583027219454,6841.2441697278055,6926.0,6573.943043666535,6931.571766714822,7181.639226933317,development_oof,3,False,False,True,False
2024-12-24,2024-12-31,6541.0,6926.0,sarimax_boosting_hybrid,79.88040281322446,7005.8804028132245,6926.0,6573.943043666535,6931.571766714822,7181.639226933317,development_oof,1,False,False,True,False
2024-12-24,2024-12-31,6541.0,6926.0,seven_day_drift,110.0,7036.0,6926.0,6573.943043666535,6931.571766714822,7181.639226933317,development_oof,3,False,False,True,False
2024-12-24,2024-12-31,6541.0,6926.0,validation_weighted_ensemble,45.52430979559904,6971.524309795599,6926.0,6573.943043666535,6931.571766714822,7181.639226933317,development_oof,3,False,False,True,False
2024-12-24,2024-12-31,6541.0,6926.0,xgboost,-35.317684173583984,6890.682315826416,6926.0,6573.943043666535,6931.571766714822,7181.639226933317,development_oof,3,False,False,True,False
2024-12-25,2025-01-01,6471.0,6851.0,catboost,-177.01541335838556,6673.984586641614,6851.0,6460.937653088503,6740.041688307529,7098.6097833799995,development_oof,3,False,True,True,False
2024-12-25,2025-01-01,6471.0,6851.0,elastic_net,-133.34880942203654,6717.6511905779635,6851.0,6460.937653088503,6740.041688307529,7098.6097833799995,development_oof,3,False,True,True,False
2024-12-25,2025-01-01,6471.0,6851.0,ets,-121.01278043904404,6729.987219560956,6851.0,6460.937653088503,6740.041688307529,7098.6097833799995,development_oof,3,False,True,True,False
2024-12-25,2025-01-01,6471.0,6851.0,lightgbm,-140.01451830355563,6710.985481696444,6851.0,6460.937653088503,6740.041688307529,7098.6097833799995,development_oof,3,False,True,True,False
2024-12-25,2025-01-01,6471.0,6851.0,persistence,0.0,6851.0,6851.0,6460.937653088503,6740.041688307529,7098.6097833799995,development_oof,3,False,True,True,False
2024-12-25,2025-01-01,6471.0,6851.0,ridge,-134.69269227783207,6716.307307722168,6851.0,6460.937653088503,6740.041688307529,7098.6097833799995,development_oof,3,False,True,True,False
2024-12-25,2025-01-01,6471.0,6851.0,sarimax,-84.72490257264144,6766.275097427359,6851.0,6460.937653088503,6740.041688307529,7098.6097833799995,development_oof,3,False,True,True,False
2024-12-25,2025-01-01,6471.0,6851.0,sarimax_boosting_hybrid,73.80926926306074,6924.809269263061,6851.0,6460.937653088503,6740.041688307529,7098.6097833799995,development_oof,1,False,True,True,False
2024-12-25,2025-01-01,6471.0,6851.0,seven_day_drift,-32.0,6819.0,6851.0,6460.937653088503,6740.041688307529,7098.6097833799995,development_oof,3,False,True,True,False
2024-12-25,2025-01-01,6471.0,6851.0,validation_weighted_ensemble,-90.00616534335404,6760.993834656646,6851.0,6460.937653088503,6740.041688307529,7098.6097833799995,development_oof,3,False,True,True,False
2024-12-25,2025-01-01,6471.0,6851.0,xgboost,-112.973388671875,6738.026611328125,6851.0,6460.937653088503,6740.041688307529,7098.6097833799995,development_oof,3,False,True,True,False
2024-12-26,2025-01-02,6362.0,6829.0,catboost,-184.47645497656413,6644.523545023436,6829.0,6423.41734989375,6745.726699345356,7081.732140335205,development_oof,3,False,True,True,False
2024-12-26,2025-01-02,6362.0,6829.0,elastic_net,28.272442214961302,6857.272442214961,6829.0,6423.41734989375,6745.726699345356,7081.732140335205,development_oof,3,False,True,True,False
2024-12-26,2025-01-02,6362.0,6829.0,ets,-121.01275216703834,6707.987247832962,6829.0,6423.41734989375,6745.726699345356,7081.732140335205,development_oof,3,False,True,True,False
2024-12-26,2025-01-02,6362.0,6829.0,lightgbm,-129.17654834345558,6699.823451656544,6829.0,6423.41734989375,6745.726699345356,7081.732140335205,development_oof,3,False,True,True,False
2024-12-26,2025-01-02,6362.0,6829.0,persistence,0.0,6829.0,6829.0,6423.41734989375,6745.726699345356,7081.732140335205,development_oof,3,False,True,True,False
2024-12-26,2025-01-02,6362.0,6829.0,ridge,6.459649830246235,6835.459649830246,6829.0,6423.41734989375,6745.726699345356,7081.732140335205,development_oof,3,False,True,True,False
2024-12-26,2025-01-02,6362.0,6829.0,sarimax,-84.70953368546452,6744.2904663145355,6829.0,6423.41734989375,6745.726699345356,7081.732140335205,development_oof,3,False,True,True,False
2024-12-26,2025-01-02,6362.0,6829.0,sarimax_boosting_hybrid,73.76683427274565,6902.766834272746,6829.0,6423.41734989375,6745.726699345356,7081.732140335205,development_oof,1,False,True,True,False
2024-12-26,2025-01-02,6362.0,6829.0,seven_day_drift,-183.0,6646.0,6829.0,6423.41734989375,6745.726699345356,7081.732140335205,development_oof,3,False,True,True,False
2024-12-26,2025-01-02,6362.0,6829.0,validation_weighted_ensemble,-183.59058199062565,6645.409418009374,6829.0,6423.41734989375,6745.726699345356,7081.732140335205,development_oof,3,False,True,True,False
2024-12-26,2025-01-02,6362.0,6829.0,xgboost,-141.0240936279297,6687.97590637207,6829.0,6423.41734989375,6745.726699345356,7081.732140335205,development_oof,3,False,True,True,False
2024-12-27,2025-01-03,6226.0,6764.0,catboost,-258.89837008749237,6505.101629912508,6764.0,6367.978520211413,6641.907516198775,7011.6097833799995,development_oof,3,True,False,False,False
2024-12-27,2025-01-03,6226.0,6764.0,elastic_net,-37.096982384802686,6726.903017615197,6764.0,6367.978520211413,6641.907516198775,7011.6097833799995,development_oof,3,True,False,False,False
2024-12-27,2025-01-03,6226.0,6764.0,ets,-121.01272954943397,6642.987270450566,6764.0,6367.978520211413,6641.907516198775,7011.6097833799995,development_oof,3,True,False,False,False
2024-12-27,2025-01-03,6226.0,6764.0,lightgbm,-175.20500954373438,6588.794990456266,6764.0,6367.978520211413,6641.907516198775,7011.6097833799995,development_oof,3,True,False,False,False
2024-12-27,2025-01-03,6226.0,6764.0,persistence,0.0,6764.0,6764.0,6367.978520211413,6641.907516198775,7011.6097833799995,development_oof,3,True,False,False,False
2024-12-27,2025-01-03,6226.0,6764.0,ridge,-48.76147656254216,6715.238523437458,6764.0,6367.978520211413,6641.907516198775,7011.6097833799995,development_oof,3,True,False,False,False
2024-12-27,2025-01-03,6226.0,6764.0,sarimax,-84.70831848523903,6679.291681514761,6764.0,6367.978520211413,6641.907516198775,7011.6097833799995,development_oof,3,True,False,False,False
2024-12-27,2025-01-03,6226.0,6764.0,sarimax_boosting_hybrid,73.76804947297114,6837.768049472971,6764.0,6367.978520211413,6641.907516198775,7011.6097833799995,development_oof,1,True,False,False,False
2024-12-27,2025-01-03,6226.0,6764.0,seven_day_drift,-194.0,6570.0,6764.0,6367.978520211413,6641.907516198775,7011.6097833799995,development_oof,3,True,False,False,False
2024-12-27,2025-01-03,6226.0,6764.0,validation_weighted_ensemble,-219.95934803499676,6544.040651965003,6764.0,6367.978520211413,6641.907516198775,7011.6097833799995,development_oof,3,True,False,False,False
2024-12-27,2025-01-03,6226.0,6764.0,xgboost,-141.65170288085938,6622.348297119141,6764.0,6367.978520211413,6641.907516198775,7011.6097833799995,development_oof,3,True,False,False,False
2024-12-28,2025-01-04,6091.0,6700.0,catboost,-276.2547754113166,6423.745224588683,6700.0,6303.978520211413,6561.972055156233,6946.305901026762,development_oof,3,True,False,False,False
2024-12-28,2025-01-04,6091.0,6700.0,elastic_net,-99.38474099673476,6600.615259003265,6700.0,6303.978520211413,6561.972055156233,6946.305901026762,development_oof,3,True,False,False,False
2024-12-28,2025-01-04,6091.0,6700.0,ets,-121.01271145535065,6578.987288544649,6700.0,6303.978520211413,6561.972055156233,6946.305901026762,development_oof,3,True,False,False,False
2024-12-28,2025-01-04,6091.0,6700.0,lightgbm,-183.0791893480291,6516.920810651971,6700.0,6303.978520211413,6561.972055156233,6946.305901026762,development_oof,3,True,False,False,False
2024-12-28,2025-01-04,6091.0,6700.0,persistence,0.0,6700.0,6700.0,6303.978520211413,6561.972055156233,6946.305901026762,development_oof,3,True,False,False,False
2024-12-28,2025-01-04,6091.0,6700.0,ridge,-93.36195119427703,6606.638048805723,6700.0,6303.978520211413,6561.972055156233,6946.305901026762,development_oof,3,True,False,False,False
2024-12-28,2025-01-04,6091.0,6700.0,sarimax,-84.71997868702965,6615.28002131297,6700.0,6303.978520211413,6561.972055156233,6946.305901026762,development_oof,3,True,False,False,False
2024-12-28,2025-01-04,6091.0,6700.0,sarimax_boosting_hybrid,73.75638927118052,6773.7563892711805,6700.0,6303.978520211413,6561.972055156233,6946.305901026762,development_oof,1,True,False,False,False
2024-12-28,2025-01-04,6091.0,6700.0,seven_day_drift,-204.0,6496.0,6700.0,6303.978520211413,6561.972055156233,6946.305901026762,development_oof,3,True,False,False,False
2024-12-28,2025-01-04,6091.0,6700.0,validation_weighted_ensemble,-232.90191016452627,6467.098089835474,6700.0,6303.978520211413,6561.972055156233,6946.305901026762,development_oof,3,True,False,False,False
2024-12-28,2025-01-04,6091.0,6700.0,xgboost,-150.6648712158203,6549.33512878418,6700.0,6303.978520211413,6561.972055156233,6946.305901026762,development_oof,3,True,False,False,False
2024-12-29,2025-01-05,5955.0,6635.0,catboost,-401.0313685098099,6233.96863149019,6635.0,6219.237367683922,6445.011848078362,6881.305901026762,development_oof,3,False,False,False,False
2024-12-29,2025-01-05,5955.0,6635.0,elastic_net,-154.1996039945161,6480.800396005484,6635.0,6219.237367683922,6445.011848078362,6881.305901026762,development_oof,3,False,False,False,False
2024-12-29,2025-01-05,5955.0,6635.0,ets,-121.012696980084,6513.987303019916,6635.0,6219.237367683922,6445.011848078362,6881.305901026762,development_oof,3,False,False,False,False
2024-12-29,2025-01-05,5955.0,6635.0,lightgbm,-255.4351078725631,6379.564892127437,6635.0,6219.237367683922,6445.011848078362,6881.305901026762,development_oof,3,False,False,False,False
2024-12-29,2025-01-05,5955.0,6635.0,persistence,0.0,6635.0,6635.0,6219.237367683922,6445.011848078362,6881.305901026762,development_oof,3,False,False,False,False
2024-12-29,2025-01-05,5955.0,6635.0,ridge,-155.10584411043055,6479.894155889569,6635.0,6219.237367683922,6445.011848078362,6881.305901026762,development_oof,3,False,False,False,False
2024-12-29,2025-01-05,5955.0,6635.0,sarimax,-84.74335144890665,6550.256648551093,6635.0,6219.237367683922,6445.011848078362,6881.305901026762,development_oof,3,False,False,False,False
2024-12-29,2025-01-05,5955.0,6635.0,sarimax_boosting_hybrid,73.73301650930352,6708.7330165093035,6635.0,6219.237367683922,6445.011848078362,6881.305901026762,development_oof,1,False,False,False,False
2024-12-29,2025-01-05,5955.0,6635.0,seven_day_drift,-215.0,6420.0,6635.0,6219.237367683922,6445.011848078362,6881.305901026762,development_oof,3,False,False,False,False
2024-12-29,2025-01-05,5955.0,6635.0,validation_weighted_ensemble,-289.4125474039238,6345.587452596076,6635.0,6219.237367683922,6445.011848078362,6881.305901026762,development_oof,3,False,False,False,False
2024-12-29,2025-01-05,5955.0,6635.0,xgboost,-209.5813751220703,6425.41862487793,6635.0,6219.237367683922,6445.011848078362,6881.305901026762,development_oof,3,False,False,False,False
2024-12-30,2025-01-06,5829.0,6610.0,catboost,-391.5144776404204,6218.48552235958,6610.0,6156.333872951321,6401.1260286922125,6857.6097833799995,development_oof,3,False,False,False,False
2024-12-30,2025-01-06,5829.0,6610.0,elastic_net,-200.75504912922315,6409.244950870777,6610.0,6156.333872951321,6401.1260286922125,6857.6097833799995,development_oof,3,False,False,False,False
2024-12-30,2025-01-06,5829.0,6610.0,ets,-121.01268539987086,6488.987314600129,6610.0,6156.333872951321,6401.1260286922125,6857.6097833799995,development_oof,3,False,False,False,False
2024-12-30,2025-01-06,5829.0,6610.0,lightgbm,-302.79451246842564,6307.205487531574,6610.0,6156.333872951321,6401.1260286922125,6857.6097833799995,development_oof,3,False,False,False,False
2024-12-30,2025-01-06,5829.0,6610.0,persistence,0.0,6610.0,6610.0,6156.333872951321,6401.1260286922125,6857.6097833799995,development_oof,3,False,False,False,False
2024-12-30,2025-01-06,5829.0,6610.0,ridge,-194.05963932446684,6415.940360675533,6610.0,6156.333872951321,6401.1260286922125,6857.6097833799995,development_oof,3,False,False,False,False
2024-12-30,2025-01-06,5829.0,6610.0,sarimax,-84.77737895116297,6525.222621048837,6610.0,6156.333872951321,6401.1260286922125,6857.6097833799995,development_oof,3,False,False,False,False
2024-12-30,2025-01-06,5829.0,6610.0,sarimax_boosting_hybrid,77.32331586085093,6687.323315860851,6610.0,6156.333872951321,6401.1260286922125,6857.6097833799995,development_oof,1,False,False,False,False
2024-12-30,2025-01-06,5829.0,6610.0,seven_day_drift,-232.0,6378.0,6610.0,6156.333872951321,6401.1260286922125,6857.6097833799995,development_oof,3,False,False,False,False
2024-12-30,2025-01-06,5829.0,6610.0,validation_weighted_ensemble,-295.80579105616835,6314.194208943832,6610.0,6156.333872951321,6401.1260286922125,6857.6097833799995,development_oof,3,False,False,False,False
2024-12-30,2025-01-06,5829.0,6610.0,xgboost,-238.85008239746094,6371.149917602539,6610.0,6156.333872951321,6401.1260286922125,6857.6097833799995,development_oof,3,False,False,False,False
2024-12-31,2025-01-07,5786.0,6541.0,catboost,-366.2748454153316,6174.725154584668,6541.0,6076.367397213758,6341.541814827204,6797.797022171073,development_oof,3,True,False,False,False
2024-12-31,2025-01-07,5786.0,6541.0,elastic_net,-194.74170137210422,6346.258298627896,6541.0,6076.367397213758,6341.541814827204,6797.797022171073,development_oof,3,True,False,False,False
2024-12-31,2025-01-07,5786.0,6541.0,ets,-121.01267613569962,6419.9873238643,6541.0,6076.367397213758,6341.541814827204,6797.797022171073,development_oof,3,True,False,False,False
2024-12-31,2025-01-07,5786.0,6541.0,lightgbm,-265.77016704118523,6275.229832958815,6541.0,6076.367397213758,6341.541814827204,6797.797022171073,development_oof,3,True,False,False,False
2024-12-31,2025-01-07,5786.0,6541.0,persistence,0.0,6541.0,6541.0,6076.367397213758,6341.541814827204,6797.797022171073,development_oof,3,True,False,False,False
2024-12-31,2025-01-07,5786.0,6541.0,ridge,-184.7461505090132,6356.253849490987,6541.0,6076.367397213758,6341.541814827204,6797.797022171073,development_oof,3,True,False,False,False
2024-12-31,2025-01-07,5786.0,6541.0,sarimax,-84.82109890699758,6456.178901093002,6541.0,6076.367397213758,6341.541814827204,6797.797022171073,development_oof,3,True,False,False,False
2024-12-31,2025-01-07,5786.0,6541.0,sarimax_boosting_hybrid,77.27959590501632,6618.279595905016,6541.0,6076.367397213758,6341.541814827204,6797.797022171073,development_oof,1,True,False,False,False
2024-12-31,2025-01-07,5786.0,6541.0,seven_day_drift,-385.0,6156.0,6541.0,6076.367397213758,6341.541814827204,6797.797022171073,development_oof,3,True,False,False,False
2024-12-31,2025-01-07,5786.0,6541.0,validation_weighted_ensemble,-377.509938166133,6163.490061833867,6541.0,6076.367397213758,6341.541814827204,6797.797022171073,development_oof,3,True,False,False,False
2024-12-31,2025-01-07,5786.0,6541.0,xgboost,-200.3258819580078,6340.674118041992,6541.0,6076.367397213758,6341.541814827204,6797.797022171073,development_oof,3,True,False,False,False
2025-01-01,2025-01-08,5685.0,6471.0,catboost,-358.92915164749684,6112.070848352503,6471.0,6006.367397213758,6333.1186825505765,6769.3882540533405,development_oof,3,False,True,False,False
2025-01-01,2025-01-08,5685.0,6471.0,elastic_net,-201.37046826733967,6269.62953173266,6471.0,6006.367397213758,6333.1186825505765,6769.3882540533405,development_oof,3,False,True,False,False
2025-01-01,2025-01-08,5685.0,6471.0,ets,-121.01266872436281,6349.987331275637,6471.0,6006.367397213758,6333.1186825505765,6769.3882540533405,development_oof,3,False,True,False,False
2025-01-01,2025-01-08,5685.0,6471.0,lightgbm,-189.59128396202232,6281.408716037978,6471.0,6006.367397213758,6333.1186825505765,6769.3882540533405,development_oof,3,False,True,False,False
2025-01-01,2025-01-08,5685.0,6471.0,persistence,0.0,6471.0,6471.0,6006.367397213758,6333.1186825505765,6769.3882540533405,development_oof,3,False,True,False,False
2025-01-01,2025-01-08,5685.0,6471.0,ridge,-196.26511606770055,6274.734883932299,6471.0,6006.367397213758,6333.1186825505765,6769.3882540533405,development_oof,3,False,True,False,False
2025-01-01,2025-01-08,5685.0,6471.0,sarimax,-84.87363595183979,6386.12636404816,6471.0,6006.367397213758,6333.1186825505765,6769.3882540533405,development_oof,3,False,True,False,False
2025-01-01,2025-01-08,5685.0,6471.0,sarimax_boosting_hybrid,77.22705886017411,6548.227058860174,6471.0,6006.367397213758,6333.1186825505765,6769.3882540533405,development_oof,1,False,True,False,False
2025-01-01,2025-01-08,5685.0,6471.0,seven_day_drift,-380.0,6091.0,6471.0,6006.367397213758,6333.1186825505765,6769.3882540533405,development_oof,3,False,True,False,False
2025-01-01,2025-01-08,5685.0,6471.0,validation_weighted_ensemble,-371.57166065899855,6099.428339341001,6471.0,6006.367397213758,6333.1186825505765,6769.3882540533405,development_oof,3,False,True,False,False
2025-01-01,2025-01-08,5685.0,6471.0,xgboost,-190.031005859375,6280.968994140625,6471.0,6006.367397213758,6333.1186825505765,6769.3882540533405,development_oof,3,False,True,False,False
2025-01-02,2025-01-09,5589.0,6362.0,catboost,-509.6331501846016,5852.366849815398,6362.0,5876.0837998281395,6126.700903489034,6667.555727664366,development_oof,3,False,False,False,False
2025-01-02,2025-01-09,5589.0,6362.0,elastic_net,-400.09626008138457,5961.903739918615,6362.0,5876.0837998281395,6126.700903489034,6667.555727664366,development_oof,3,False,False,False,False
2025-01-02,2025-01-09,5589.0,6362.0,ets,-121.01266279529409,6240.987337204706,6362.0,5876.0837998281395,6126.700903489034,6667.555727664366,development_oof,3,False,False,False,False
2025-01-02,2025-01-09,5589.0,6362.0,lightgbm,-294.5478019235652,6067.452198076435,6362.0,5876.0837998281395,6126.700903489034,6667.555727664366,development_oof,3,False,False,False,False
2025-01-02,2025-01-09,5589.0,6362.0,persistence,0.0,6362.0,6362.0,5876.0837998281395,6126.700903489034,6667.555727664366,development_oof,3,False,False,False,False
2025-01-02,2025-01-09,5589.0,6362.0,ridge,-377.3921952593737,5984.607804740626,6362.0,5876.0837998281395,6126.700903489034,6667.555727664366,development_oof,3,False,False,False,False
2025-01-02,2025-01-09,5589.0,6362.0,sarimax,-84.9341937630852,6277.065806236915,6362.0,5876.0837998281395,6126.700903489034,6667.555727664366,development_oof,3,False,False,False,False
2025-01-02,2025-01-09,5589.0,6362.0,sarimax_boosting_hybrid,77.1665010489287,6439.166501048929,6362.0,5876.0837998281395,6126.700903489034,6667.555727664366,development_oof,1,False,False,False,False
2025-01-02,2025-01-09,5589.0,6362.0,seven_day_drift,-467.0,5895.0,6362.0,5876.0837998281395,6126.700903489034,6667.555727664366,development_oof,3,False,False,False,False
2025-01-02,2025-01-09,5589.0,6362.0,validation_weighted_ensemble,-484.05326007384065,5877.946739926159,6362.0,5876.0837998281395,6126.700903489034,6667.555727664366,development_oof,3,False,False,False,False
2025-01-02,2025-01-09,5589.0,6362.0,xgboost,-246.70806884765625,6115.291931152344,6362.0,5876.0837998281395,6126.700903489034,6667.555727664366,development_oof,3,False,False,False,False
2025-01-03,2025-01-10,5458.0,6226.0,catboost,-496.43271907174585,5729.567280928254,6226.0,5697.955663074407,6002.887669174851,6560.7024634094105,development_oof,3,True,False,False,False
2025-01-03,2025-01-10,5458.0,6226.0,elastic_net,-351.00000975640705,5874.999990243593,6226.0,5697.955663074407,6002.887669174851,6560.7024634094105,development_oof,3,True,False,False,False
2025-01-03,2025-01-10,5458.0,6226.0,ets,-121.0126580520382,6104.987341947962,6226.0,5697.955663074407,6002.887669174851,6560.7024634094105,development_oof,3,True,False,False,False
2025-01-03,2025-01-10,5458.0,6226.0,lightgbm,-293.62613956838777,5932.373860431612,6226.0,5697.955663074407,6002.887669174851,6560.7024634094105,development_oof,3,True,False,False,False
2025-01-03,2025-01-10,5458.0,6226.0,persistence,0.0,6226.0,6226.0,5697.955663074407,6002.887669174851,6560.7024634094105,development_oof,3,True,False,False,False
2025-01-03,2025-01-10,5458.0,6226.0,ridge,-325.2233017589715,5900.7766982410285,6226.0,5697.955663074407,6002.887669174851,6560.7024634094105,development_oof,3,True,False,False,False
2025-01-03,2025-01-10,5458.0,6226.0,sarimax,-85.00204794668389,6140.997952053316,6226.0,5697.955663074407,6002.887669174851,6560.7024634094105,development_oof,3,True,False,False,False
2025-01-03,2025-01-10,5458.0,6226.0,sarimax_boosting_hybrid,77.09864686533001,6303.09864686533,6226.0,5697.955663074407,6002.887669174851,6560.7024634094105,development_oof,1,True,False,False,False
2025-01-03,2025-01-10,5458.0,6226.0,seven_day_drift,-538.0,5688.0,6226.0,5697.955663074407,6002.887669174851,6560.7024634094105,development_oof,3,True,False,False,False
2025-01-03,2025-01-10,5458.0,6226.0,validation_weighted_ensemble,-521.3730876286982,5704.626912371302,6226.0,5697.955663074407,6002.887669174851,6560.7024634094105,development_oof,3,True,False,False,False
2025-01-03,2025-01-10,5458.0,6226.0,xgboost,-257.1148986816406,5968.885101318359,6226.0,5697.955663074407,6002.887669174851,6560.7024634094105,development_oof,3,True,False,False,False
2025-01-04,2025-01-11,5326.0,6091.0,catboost,-441.8552787903318,5649.144721209668,6091.0,5562.955663074407,5873.164579896689,6430.539849535794,development_oof,3,True,False,False,False
2025-01-04,2025-01-11,5326.0,6091.0,elastic_net,-311.76297237291874,5779.237027627081,6091.0,5562.955663074407,5873.164579896689,6430.539849535794,development_oof,3,True,False,False,False
2025-01-04,2025-01-11,5326.0,6091.0,ets,-121.0126542574344,5969.987345742566,6091.0,5562.955663074407,5873.164579896689,6430.539849535794,development_oof,3,True,False,False,False
2025-01-04,2025-01-11,5326.0,6091.0,lightgbm,-279.36267242567646,5811.6373275743235,6091.0,5562.955663074407,5873.164579896689,6430.539849535794,development_oof,3,True,False,False,False
2025-01-04,2025-01-11,5326.0,6091.0,persistence,0.0,6091.0,6091.0,5562.955663074407,5873.164579896689,6430.539849535794,development_oof,3,True,False,False,False
2025-01-04,2025-01-11,5326.0,6091.0,ridge,-283.9813116043415,5807.0186883956585,6091.0,5562.955663074407,5873.164579896689,6430.539849535794,development_oof,3,True,False,False,False
2025-01-04,2025-01-11,5326.0,6091.0,sarimax,-85.07653953084991,6005.92346046915,6091.0,5562.955663074407,5873.164579896689,6430.539849535794,development_oof,3,True,False,False,False
2025-01-04,2025-01-11,5326.0,6091.0,sarimax_boosting_hybrid,77.02415528116398,6168.024155281164,6091.0,5562.955663074407,5873.164579896689,6430.539849535794,development_oof,1,True,False,False,False
2025-01-04,2025-01-11,5326.0,6091.0,seven_day_drift,-609.0,5482.0,6091.0,5562.955663074407,5873.164579896689,6430.539849535794,development_oof,3,True,False,False,False
2025-01-04,2025-01-11,5326.0,6091.0,validation_weighted_ensemble,-542.1421115161329,5548.857888483867,6091.0,5562.955663074407,5873.164579896689,6430.539849535794,development_oof,3,True,False,False,False
2025-01-04,2025-01-11,5326.0,6091.0,xgboost,-243.4900360107422,5847.509963989258,6091.0,5562.955663074407,5873.164579896689,6430.539849535794,development_oof,3,True,False,False,False
2025-01-05,2025-01-12,5195.0,5955.0,catboost,-379.5371974046657,5575.462802595334,5955.0,5426.955663074407,5767.193525534497,6299.662206491,development_oof,3,False,False,False,False
2025-01-05,2025-01-12,5195.0,5955.0,elastic_net,-290.5409994397969,5664.459000560203,5955.0,5426.955663074407,5767.193525534497,6299.662206491,development_oof,3,False,False,False,False
2025-01-05,2025-01-12,5195.0,5955.0,ets,-121.01265122175118,5833.987348778249,5955.0,5426.955663074407,5767.193525534497,6299.662206491,development_oof,3,False,False,False,False
2025-01-05,2025-01-12,5195.0,5955.0,lightgbm,-267.0220067246337,5687.977993275366,5955.0,5426.955663074407,5767.193525534497,6299.662206491,development_oof,3,False,False,False,False
2025-01-05,2025-01-12,5195.0,5955.0,persistence,0.0,5955.0,5955.0,5426.955663074407,5767.193525534497,6299.662206491,development_oof,3,False,False,False,False
2025-01-05,2025-01-12,5195.0,5955.0,ridge,-276.19827905328657,5678.801720946713,5955.0,5426.955663074407,5767.193525534497,6299.662206491,development_oof,3,False,False,False,False
2025-01-05,2025-01-12,5195.0,5955.0,sarimax,-85.15706905872048,5869.8429309412795,5955.0,5426.955663074407,5767.193525534497,6299.662206491,development_oof,3,False,False,False,False
2025-01-05,2025-01-12,5195.0,5955.0,sarimax_boosting_hybrid,79.49601247602823,6034.496012476028,5955.0,5426.955663074407,5767.193525534497,6299.662206491,development_oof,1,False,False,False,False
2025-01-05,2025-01-12,5195.0,5955.0,seven_day_drift,-680.0,5275.0,5955.0,5426.955663074407,5767.193525534497,6299.662206491,development_oof,3,False,False,False,False
2025-01-05,2025-01-12,5195.0,5955.0,validation_weighted_ensemble,-559.8148789618663,5395.185121038134,5955.0,5426.955663074407,5767.193525534497,6299.662206491,development_oof,3,False,False,False,False
2025-01-05,2025-01-12,5195.0,5955.0,xgboost,-187.97447204589844,5767.025527954102,5955.0,5426.955663074407,5767.193525534497,6299.662206491,development_oof,3,False,False,False,False
2025-01-06,2025-01-13,5126.0,5829.0,catboost,-403.0419089933721,5425.958091006628,5829.0,5290.119698816889,5549.658866731129,6134.555727664366,development_oof,3,False,True,False,False
2025-01-06,2025-01-13,5126.0,5829.0,elastic_net,-397.5237549495678,5431.476245050432,5829.0,5290.119698816889,5549.658866731129,6134.555727664366,development_oof,3,False,True,False,False
2025-01-06,2025-01-13,5126.0,5829.0,ets,-121.01264879320388,5707.987351206796,5829.0,5290.119698816889,5549.658866731129,6134.555727664366,development_oof,3,False,True,False,False
2025-01-06,2025-01-13,5126.0,5829.0,lightgbm,-361.5855449274168,5467.414455072583,5829.0,5290.119698816889,5549.658866731129,6134.555727664366,development_oof,3,False,True,False,False
2025-01-06,2025-01-13,5126.0,5829.0,persistence,0.0,5829.0,5829.0,5290.119698816889,5549.658866731129,6134.555727664366,development_oof,3,False,True,False,False
2025-01-06,2025-01-13,5126.0,5829.0,ridge,-385.61173962866724,5443.388260371333,5829.0,5290.119698816889,5549.658866731129,6134.555727664366,development_oof,3,False,True,False,False
2025-01-06,2025-01-13,5126.0,5829.0,sarimax,-85.24309121338774,5743.756908786612,5829.0,5290.119698816889,5549.658866731129,6134.555727664366,development_oof,3,False,True,False,False
2025-01-06,2025-01-13,5126.0,5829.0,sarimax_boosting_hybrid,79.40999032136097,5908.409990321361,5829.0,5290.119698816889,5549.658866731129,6134.555727664366,development_oof,1,False,True,False,False
2025-01-06,2025-01-13,5126.0,5829.0,seven_day_drift,-781.0,5048.0,5829.0,5290.119698816889,5549.658866731129,6134.555727664366,development_oof,3,False,True,False,False
2025-01-06,2025-01-13,5126.0,5829.0,validation_weighted_ensemble,-629.8167635973487,5199.183236402651,5829.0,5290.119698816889,5549.658866731129,6134.555727664366,development_oof,3,False,True,False,False
2025-01-06,2025-01-13,5126.0,5829.0,xgboost,-285.14556884765625,5543.854431152344,5829.0,5290.119698816889,5549.658866731129,6134.555727664366,development_oof,3,False,True,False,False
2025-01-07,2025-01-14,5081.0,5786.0,catboost,-301.11149191939785,5484.888508080602,5786.0,5316.496806521313,5528.386427848215,6091.555727664366,development_oof,3,False,False,False,False
2025-01-07,2025-01-14,5081.0,5786.0,elastic_net,-335.1385764561046,5450.861423543895,5786.0,5316.496806521313,5528.386427848215,6091.555727664366,development_oof,3,False,False,False,False
2025-01-07,2025-01-14,5081.0,5786.0,ets,-121.01264685036676,5664.987353149633,5786.0,5316.496806521313,5528.386427848215,6091.555727664366,development_oof,3,False,False,False,False
2025-01-07,2025-01-14,5081.0,5786.0,lightgbm,-342.95597543203894,5443.044024567961,5786.0,5316.496806521313,5528.386427848215,6091.555727664366,development_oof,3,False,False,False,False
2025-01-07,2025-01-14,5081.0,5786.0,persistence,0.0,5786.0,5786.0,5316.496806521313,5528.386427848215,6091.555727664366,development_oof,3,False,False,False,False
2025-01-07,2025-01-14,5081.0,5786.0,ridge,-326.23095776048194,5459.769042239518,5786.0,5316.496806521313,5528.386427848215,6091.555727664366,development_oof,3,False,False,False,False
2025-01-07,2025-01-14,5081.0,5786.0,sarimax,-85.3341099281497,5700.66589007185,5786.0,5316.496806521313,5528.386427848215,6091.555727664366,development_oof,3,False,False,False,False
2025-01-07,2025-01-14,5081.0,5786.0,sarimax_boosting_hybrid,74.48949585395076,5860.489495853951,5786.0,5316.496806521313,5528.386427848215,6091.555727664366,development_oof,1,False,False,False,False
2025-01-07,2025-01-14,5081.0,5786.0,seven_day_drift,-755.0,5031.0,5786.0,5316.496806521313,5528.386427848215,6091.555727664366,development_oof,3,False,False,False,False
2025-01-07,2025-01-14,5081.0,5786.0,validation_weighted_ensemble,-573.4445967677593,5212.555403232241,5786.0,5316.496806521313,5528.386427848215,6091.555727664366,development_oof,3,False,False,False,False
2025-01-07,2025-01-14,5081.0,5786.0,xgboost,-253.9447479248047,5532.055252075195,5786.0,5316.496806521313,5528.386427848215,6091.555727664366,development_oof,3,False,False,False,False
2025-01-08,2025-01-15,5065.0,5685.0,catboost,-399.5833847410495,5285.4166152589505,5685.0,5209.531432956239,5401.889367876044,6005.704052555488,development_oof,3,False,True,False,False
2025-01-08,2025-01-15,5065.0,5685.0,elastic_net,-318.41846522655123,5366.581534773449,5685.0,5209.531432956239,5401.889367876044,6005.704052555488,development_oof,3,False,True,False,False
2025-01-08,2025-01-15,5065.0,5685.0,ets,-121.01264529609671,5563.987354703903,5685.0,5209.531432956239,5401.889367876044,6005.704052555488,development_oof,3,False,True,False,False
2025-01-08,2025-01-15,5065.0,5685.0,lightgbm,-398.88041318167416,5286.119586818326,5685.0,5209.531432956239,5401.889367876044,6005.704052555488,development_oof,3,False,True,False,False
2025-01-08,2025-01-15,5065.0,5685.0,persistence,0.0,5685.0,5685.0,5209.531432956239,5401.889367876044,6005.704052555488,development_oof,3,False,True,False,False
2025-01-08,2025-01-15,5065.0,5685.0,ridge,-318.56171047257703,5366.438289527423,5685.0,5209.531432956239,5401.889367876044,6005.704052555488,development_oof,3,False,True,False,False
2025-01-08,2025-01-15,5065.0,5685.0,sarimax,-85.42967393886465,5599.570326061135,5685.0,5209.531432956239,5401.889367876044,6005.704052555488,development_oof,3,False,True,False,False
2025-01-08,2025-01-15,5065.0,5685.0,sarimax_boosting_hybrid,74.3939318432358,5759.393931843236,5685.0,5209.531432956239,5401.889367876044,6005.704052555488,development_oof,1,False,True,False,False
2025-01-08,2025-01-15,5065.0,5685.0,seven_day_drift,-786.0,4899.0,5685.0,5209.531432956239,5401.889367876044,6005.704052555488,development_oof,3,False,True,False,False
2025-01-08,2025-01-15,5065.0,5685.0,validation_weighted_ensemble,-631.4333538964192,5053.566646103581,5685.0,5209.531432956239,5401.889367876044,6005.704052555488,development_oof,3,False,True,False,False
2025-01-08,2025-01-15,5065.0,5685.0,xgboost,-273.5391540527344,5411.460845947266,5685.0,5209.531432956239,5401.889367876044,6005.704052555488,development_oof,3,False,True,False,False
2025-01-09,2025-01-16,5077.0,5589.0,catboost,-336.00577841721133,5252.994221582789,5589.0,5124.367397213758,5360.90424785998,5938.830072152445,development_oof,3,False,False,False,False
2025-01-09,2025-01-16,5077.0,5589.0,elastic_net,-213.39308641787284,5375.606913582127,5589.0,5124.367397213758,5360.90424785998,5938.830072152445,development_oof,3,False,False,False,False
2025-01-09,2025-01-16,5077.0,5589.0,ets,-121.01264405268103,5467.987355947319,5589.0,5124.367397213758,5360.90424785998,5938.830072152445,development_oof,3,False,False,False,False
2025-01-09,2025-01-16,5077.0,5589.0,lightgbm,-311.1024499310697,5277.89755006893,5589.0,5124.367397213758,5360.90424785998,5938.830072152445,development_oof,3,False,False,False,False
2025-01-09,2025-01-16,5077.0,5589.0,persistence,0.0,5589.0,5589.0,5124.367397213758,5360.90424785998,5938.830072152445,development_oof,3,False,False,False,False
2025-01-09,2025-01-16,5077.0,5589.0,ridge,-223.0860347676262,5365.913965232374,5589.0,5124.367397213758,5360.90424785998,5938.830072152445,development_oof,3,False,False,False,False
2025-01-09,2025-01-16,5077.0,5589.0,sarimax,-85.52937273695079,5503.470627263049,5589.0,5124.367397213758,5360.90424785998,5938.830072152445,development_oof,3,False,False,False,False
2025-01-09,2025-01-16,5077.0,5589.0,sarimax_boosting_hybrid,74.29423304514967,5663.29423304515,5589.0,5124.367397213758,5360.90424785998,5938.830072152445,development_oof,1,False,False,False,False
2025-01-09,2025-01-16,5077.0,5589.0,seven_day_drift,-773.0,4816.0,5589.0,5124.367397213758,5360.90424785998,5938.830072152445,development_oof,3,False,False,False,False
2025-01-09,2025-01-16,5077.0,5589.0,validation_weighted_ensemble,-598.2023113668847,4990.797688633115,5589.0,5124.367397213758,5360.90424785998,5938.830072152445,development_oof,3,False,False,False,False
2025-01-09,2025-01-16,5077.0,5589.0,xgboost,-257.6302795410156,5331.369720458984,5589.0,5124.367397213758,5360.90424785998,5938.830072152445,development_oof,3,False,False,False,False
2025-01-10,2025-01-17,4978.0,5458.0,catboost,-328.4370314158559,5129.562968584144,5458.0,4929.955663074407,5177.799890042345,5778.683336407399,development_oof,3,True,False,False,False
2025-01-10,2025-01-17,4978.0,5458.0,elastic_net,-179.10335380824654,5278.8966461917535,5458.0,4929.955663074407,5177.799890042345,5778.683336407399,development_oof,3,True,False,False,False
2025-01-10,2025-01-17,4978.0,5458.0,ets,-121.01264305794757,5336.987356942052,5458.0,4929.955663074407,5177.799890042345,5778.683336407399,development_oof,3,True,False,False,False
2025-01-10,2025-01-17,4978.0,5458.0,lightgbm,-338.6853334045163,5119.314666595484,5458.0,4929.955663074407,5177.799890042345,5778.683336407399,development_oof,3,True,False,False,False
2025-01-10,2025-01-17,4978.0,5458.0,persistence,0.0,5458.0,5458.0,4929.955663074407,5177.799890042345,5778.683336407399,development_oof,3,True,False,False,False
2025-01-10,2025-01-17,4978.0,5458.0,ridge,-182.94351515097605,5275.056484849024,5458.0,4929.955663074407,5177.799890042345,5778.683336407399,development_oof,3,True,False,False,False
2025-01-10,2025-01-17,4978.0,5458.0,sarimax,-85.63283288909861,5372.367167110901,5458.0,4929.955663074407,5177.799890042345,5778.683336407399,development_oof,3,True,False,False,False
2025-01-10,2025-01-17,4978.0,5458.0,sarimax_boosting_hybrid,74.19077289300185,5532.190772893002,5458.0,4929.955663074407,5177.799890042345,5778.683336407399,development_oof,1,True,False,False,False
2025-01-10,2025-01-17,4978.0,5458.0,seven_day_drift,-768.0,4690.0,5458.0,4929.955663074407,5177.799890042345,5778.683336407399,development_oof,3,True,False,False,False
2025-01-10,2025-01-17,4978.0,5458.0,validation_weighted_ensemble,-592.1748125663426,4865.825187433657,5458.0,4929.955663074407,5177.799890042345,5778.683336407399,development_oof,3,True,False,False,False
2025-01-10,2025-01-17,4978.0,5458.0,xgboost,-275.9644470214844,5182.035552978516,5458.0,4929.955663074407,5177.799890042345,5778.683336407399,development_oof,3,True,False,False,False
2025-01-11,2025-01-18,4879.0,5326.0,catboost,-387.32899060025284,4938.671009399747,5326.0,4797.955663074407,4996.340050104426,5656.049039994491,development_oof,3,True,False,False,False
2025-01-11,2025-01-18,4879.0,5326.0,elastic_net,-170.22767533445494,5155.772324665545,5326.0,4797.955663074407,4996.340050104426,5656.049039994491,development_oof,3,True,False,False,False
2025-01-11,2025-01-18,4879.0,5326.0,ets,-121.01264226216153,5204.9873577378385,5326.0,4797.955663074407,4996.340050104426,5656.049039994491,development_oof,3,True,False,False,False
2025-01-11,2025-01-18,4879.0,5326.0,lightgbm,-406.89240415157747,4919.1075958484225,5326.0,4797.955663074407,4996.340050104426,5656.049039994491,development_oof,3,True,False,False,False
2025-01-11,2025-01-18,4879.0,5326.0,persistence,0.0,5326.0,5326.0,4797.955663074407,4996.340050104426,5656.049039994491,development_oof,3,True,False,False,False
2025-01-11,2025-01-18,4879.0,5326.0,ridge,-170.58761863243126,5155.412381367569,5326.0,4797.955663074407,4996.340050104426,5656.049039994491,development_oof,3,True,False,False,False
2025-01-11,2025-01-18,4879.0,5326.0,sarimax,-85.73971468860236,5240.260285311398,5326.0,4797.955663074407,4996.340050104426,5656.049039994491,development_oof,3,True,False,False,False
2025-01-11,2025-01-18,4879.0,5326.0,sarimax_boosting_hybrid,74.0838910934981,5400.083891093498,5326.0,4797.955663074407,4996.340050104426,5656.049039994491,development_oof,1,True,False,False,False
2025-01-11,2025-01-18,4879.0,5326.0,seven_day_drift,-765.0,4561.0,5326.0,4797.955663074407,4996.340050104426,5656.049039994491,development_oof,3,True,False,False,False
2025-01-11,2025-01-18,4879.0,5326.0,validation_weighted_ensemble,-613.9315962401015,4712.0684037598985,5326.0,4797.955663074407,4996.340050104426,5656.049039994491,development_oof,3,True,False,False,False
2025-01-11,2025-01-18,4879.0,5326.0,xgboost,-314.70745849609375,5011.292541503906,5326.0,4797.955663074407,4996.340050104426,5656.049039994491,development_oof,3,True,False,False,False
2025-01-12,2025-01-19,4780.0,5195.0,catboost,-399.3845253220961,4795.615474677904,5195.0,4662.085072381963,4828.650027430561,5527.681824170724,development_oof,3,False,False,False,False
2025-01-12,2025-01-19,4780.0,5195.0,elastic_net,-206.77053182252712,4988.229468177473,5195.0,4662.085072381963,4828.650027430561,5527.681824170724,development_oof,3,False,False,False,False
2025-01-12,2025-01-19,4780.0,5195.0,ets,-121.01264162553252,5073.9873583744675,5195.0,4662.085072381963,4828.650027430561,5527.681824170724,development_oof,3,False,False,False,False
2025-01-12,2025-01-19,4780.0,5195.0,lightgbm,-456.49391890479365,4738.506081095206,5195.0,4662.085072381963,4828.650027430561,5527.681824170724,development_oof,3,False,False,False,False
2025-01-12,2025-01-19,4780.0,5195.0,persistence,0.0,5195.0,5195.0,4662.085072381963,4828.650027430561,5527.681824170724,development_oof,3,False,False,False,False
2025-01-12,2025-01-19,4780.0,5195.0,ridge,-218.70103396521517,4976.298966034785,5195.0,4662.085072381963,4828.650027430561,5527.681824170724,development_oof,3,False,False,False,False
2025-01-12,2025-01-19,4780.0,5195.0,sarimax,-85.84970910936408,5109.150290890636,5195.0,4662.085072381963,4828.650027430561,5527.681824170724,development_oof,3,False,False,False,False
2025-01-12,2025-01-19,4780.0,5195.0,sarimax_boosting_hybrid,73.97389667273637,5268.973896672736,5195.0,4662.085072381963,4828.650027430561,5527.681824170724,development_oof,1,False,False,False,False
2025-01-12,2025-01-19,4780.0,5195.0,seven_day_drift,-760.0,4435.0,5195.0,4662.085072381963,4828.650027430561,5527.681824170724,development_oof,3,False,False,False,False
2025-01-12,2025-01-19,4780.0,5195.0,validation_weighted_ensemble,-615.7538101288383,4579.246189871162,5195.0,4662.085072381963,4828.650027430561,5527.681824170724,development_oof,3,False,False,False,False
2025-01-12,2025-01-19,4780.0,5195.0,xgboost,-339.59417724609375,4855.405822753906,5195.0,4662.085072381963,4828.650027430561,5527.681824170724,development_oof,3,False,False,False,False
2025-01-13,2025-01-20,4756.0,5126.0,catboost,-272.80920519118536,4853.190794808815,5126.0,4661.367397213758,4877.406148577152,5446.683336407399,development_oof,3,False,False,False,False
2025-01-13,2025-01-20,4756.0,5126.0,elastic_net,-143.09234735154405,4982.907652648456,5126.0,4661.367397213758,4877.406148577152,5446.683336407399,development_oof,3,False,False,False,False
2025-01-13,2025-01-20,4756.0,5126.0,ets,-121.01264111622913,5004.987358883771,5126.0,4661.367397213758,4877.406148577152,5446.683336407399,development_oof,3,False,False,False,False
2025-01-13,2025-01-20,4756.0,5126.0,lightgbm,-344.7039919253966,4781.296008074603,5126.0,4661.367397213758,4877.406148577152,5446.683336407399,development_oof,3,False,False,False,False
2025-01-13,2025-01-20,4756.0,5126.0,persistence,0.0,5126.0,5126.0,4661.367397213758,4877.406148577152,5446.683336407399,development_oof,3,False,False,False,False
2025-01-13,2025-01-20,4756.0,5126.0,ridge,-157.9940382392133,4968.005961760787,5126.0,4661.367397213758,4877.406148577152,5446.683336407399,development_oof,3,False,False,False,False
2025-01-13,2025-01-20,4756.0,5126.0,sarimax,-85.96253503497974,5040.03746496502,5126.0,4661.367397213758,4877.406148577152,5446.683336407399,development_oof,3,False,False,False,False
2025-01-13,2025-01-20,4756.0,5126.0,sarimax_boosting_hybrid,73.86107074712072,5199.861070747121,5126.0,4661.367397213758,4877.406148577152,5446.683336407399,development_oof,1,False,False,False,False
2025-01-13,2025-01-20,4756.0,5126.0,seven_day_drift,-703.0,4423.0,5126.0,4661.367397213758,4877.406148577152,5446.683336407399,development_oof,3,False,False,False,False
2025-01-13,2025-01-20,4756.0,5126.0,validation_weighted_ensemble,-530.9236820764745,4595.0763179235255,5126.0,4661.367397213758,4877.406148577152,5446.683336407399,development_oof,3,False,False,False,False
2025-01-13,2025-01-20,4756.0,5126.0,xgboost,-224.22740173339844,4901.772598266602,5126.0,4661.367397213758,4877.406148577152,5446.683336407399,development_oof,3,False,False,False,False
2025-01-14,2025-01-21,4792.0,5081.0,catboost,-236.4855303050972,4844.514469694903,5081.0,4605.531432956239,4820.164591764627,5395.802185412152,development_oof,3,False,False,False,False
2025-01-14,2025-01-21,4792.0,5081.0,elastic_net,-160.04064667055263,4920.959353329447,5081.0,4605.531432956239,4820.164591764627,5395.802185412152,development_oof,3,False,False,False,False
2025-01-14,2025-01-21,4792.0,5081.0,ets,-121.01264070878733,4959.987359291213,5081.0,4605.531432956239,4820.164591764627,5395.802185412152,development_oof,3,False,False,False,False
2025-01-14,2025-01-21,4792.0,5081.0,lightgbm,-349.76793464478123,4731.232065355219,5081.0,4605.531432956239,4820.164591764627,5395.802185412152,development_oof,3,False,False,False,False
2025-01-14,2025-01-21,4792.0,5081.0,persistence,0.0,5081.0,5081.0,4605.531432956239,4820.164591764627,5395.802185412152,development_oof,3,False,False,False,False
2025-01-14,2025-01-21,4792.0,5081.0,ridge,-169.20800442858672,4911.791995571413,5081.0,4605.531432956239,4820.164591764627,5395.802185412152,development_oof,3,False,False,False,False
2025-01-14,2025-01-21,4792.0,5081.0,sarimax,-86.07793673807464,4994.922063261925,5081.0,4605.531432956239,4820.164591764627,5395.802185412152,development_oof,3,False,False,False,False
2025-01-14,2025-01-21,4792.0,5081.0,sarimax_boosting_hybrid,73.74566904402582,5154.745669044026,5081.0,4605.531432956239,4820.164591764627,5395.802185412152,development_oof,1,False,False,False,False
2025-01-14,2025-01-21,4792.0,5081.0,seven_day_drift,-705.0,4376.0,5081.0,4605.531432956239,4820.164591764627,5395.802185412152,development_oof,3,False,False,False,False
2025-01-14,2025-01-21,4792.0,5081.0,validation_weighted_ensemble,-517.5942121220387,4563.405787877961,5081.0,4605.531432956239,4820.164591764627,5395.802185412152,development_oof,3,False,False,False,False
2025-01-14,2025-01-21,4792.0,5081.0,xgboost,-244.02096557617188,4836.979034423828,5081.0,4605.531432956239,4820.164591764627,5395.802185412152,development_oof,3,False,False,False,False
2025-01-15,2025-01-22,4814.0,5065.0,catboost,-169.17316932256563,4895.826830677434,5065.0,4600.367397213758,4866.588198114413,5378.352755659336,development_oof,3,False,False,False,False
2025-01-15,2025-01-22,4814.0,5065.0,elastic_net,-10.744241202624835,5054.255758797375,5065.0,4600.367397213758,4866.588198114413,5378.352755659336,development_oof,3,False,False,False,False
2025-01-15,2025-01-22,4814.0,5065.0,ets,-121.01264038283261,4943.987359617167,5065.0,4600.367397213758,4866.588198114413,5378.352755659336,development_oof,3,False,False,False,False
2025-01-15,2025-01-22,4814.0,5065.0,lightgbm,-278.86612008004613,4786.133879919954,5065.0,4600.367397213758,4866.588198114413,5378.352755659336,development_oof,3,False,False,False,False
2025-01-15,2025-01-22,4814.0,5065.0,persistence,0.0,5065.0,5065.0,4600.367397213758,4866.588198114413,5378.352755659336,development_oof,3,False,False,False,False
2025-01-15,2025-01-22,4814.0,5065.0,ridge,-34.59938572013016,5030.40061427987,5065.0,4600.367397213758,4866.588198114413,5378.352755659336,development_oof,3,False,False,False,False
2025-01-15,2025-01-22,4814.0,5065.0,sarimax,-86.19568158729635,4978.804318412704,5065.0,4600.367397213758,4866.588198114413,5378.352755659336,development_oof,3,False,False,False,False
2025-01-15,2025-01-22,4814.0,5065.0,sarimax_boosting_hybrid,73.62792419480411,5138.627924194804,5065.0,4600.367397213758,4866.588198114413,5378.352755659336,development_oof,1,False,False,False,False
2025-01-15,2025-01-22,4814.0,5065.0,seven_day_drift,-620.0,4445.0,5065.0,4600.367397213758,4866.588198114413,5378.352755659336,development_oof,3,False,False,False,False
2025-01-15,2025-01-22,4814.0,5065.0,validation_weighted_ensemble,-439.6692677290257,4625.330732270974,5065.0,4600.367397213758,4866.588198114413,5378.352755659336,development_oof,3,False,False,False,False
2025-01-15,2025-01-22,4814.0,5065.0,xgboost,-181.06118774414062,4883.938812255859,5065.0,4600.367397213758,4866.588198114413,5378.352755659336,development_oof,3,False,False,False,False
2025-01-16,2025-01-23,4696.0,5077.0,catboost,-200.66666438430548,4876.3333356156945,5077.0,4348.2765698810035,4868.2119091031645,5133.215302610031,development_oof,4,False,False,False,False
2025-01-16,2025-01-23,4696.0,5077.0,elastic_net,-89.5614301303176,4987.438569869682,5077.0,4348.2765698810035,4868.2119091031645,5133.215302610031,development_oof,4,False,False,False,False
2025-01-16,2025-01-23,4696.0,5077.0,ets,-515.8682911140568,4561.131708885943,5077.0,4348.2765698810035,4868.2119091031645,5133.215302610031,development_oof,4,False,False,False,False
2025-01-16,2025-01-23,4696.0,5077.0,lightgbm,-196.4828548052701,4880.51714519473,5077.0,4348.2765698810035,4868.2119091031645,5133.215302610031,development_oof,4,False,False,False,False
2025-01-16,2025-01-23,4696.0,5077.0,persistence,0.0,5077.0,5077.0,4348.2765698810035,4868.2119091031645,5133.215302610031,development_oof,4,False,False,False,False
2025-01-16,2025-01-23,4696.0,5077.0,ridge,-110.44522333159148,4966.5547766684085,5077.0,4348.2765698810035,4868.2119091031645,5133.215302610031,development_oof,4,False,False,False,False
2025-01-16,2025-01-23,4696.0,5077.0,sarimax,-397.773248527591,4679.226751472409,5077.0,4348.2765698810035,4868.2119091031645,5133.215302610031,development_oof,4,False,False,False,False
2025-01-16,2025-01-23,4696.0,5077.0,sarimax_boosting_hybrid,-237.94964274549056,4839.050357254509,5077.0,4348.2765698810035,4868.2119091031645,5133.215302610031,development_oof,1,False,False,False,False
2025-01-16,2025-01-23,4696.0,5077.0,seven_day_drift,-512.0,4565.0,5077.0,4348.2765698810035,4868.2119091031645,5133.215302610031,development_oof,4,False,False,False,False
2025-01-16,2025-01-23,4696.0,5077.0,validation_weighted_ensemble,-387.4666657537218,4689.533334246278,5077.0,4348.2765698810035,4868.2119091031645,5133.215302610031,development_oof,4,False,False,False,False
2025-01-16,2025-01-23,4696.0,5077.0,xgboost,31.346599578857422,5108.346599578857,5077.0,4348.2765698810035,4868.2119091031645,5133.215302610031,development_oof,4,False,False,False,False
2025-01-17,2025-01-24,4561.0,4978.0,catboost,-254.74877395476142,4723.251226045239,4978.0,4407.240787017637,4752.83870797911,4932.134182070162,development_oof,4,True,False,False,False
2025-01-17,2025-01-24,4561.0,4978.0,elastic_net,-27.20268914531607,4950.797310854684,4978.0,4407.240787017637,4752.83870797911,4932.134182070162,development_oof,4,True,False,False,False
2025-01-17,2025-01-24,4561.0,4978.0,ets,-511.48263976709404,4466.517360232906,4978.0,4407.240787017637,4752.83870797911,4932.134182070162,development_oof,4,True,False,False,False
2025-01-17,2025-01-24,4561.0,4978.0,lightgbm,-222.20896481019372,4755.791035189806,4978.0,4407.240787017637,4752.83870797911,4932.134182070162,development_oof,4,True,False,False,False
2025-01-17,2025-01-24,4561.0,4978.0,persistence,0.0,4978.0,4978.0,4407.240787017637,4752.83870797911,4932.134182070162,development_oof,4,True,False,False,False
2025-01-17,2025-01-24,4561.0,4978.0,ridge,-52.265670862642764,4925.734329137357,4978.0,4407.240787017637,4752.83870797911,4932.134182070162,development_oof,4,True,False,False,False
2025-01-17,2025-01-24,4561.0,4978.0,sarimax,-378.48652669562307,4599.513473304377,4978.0,4407.240787017637,4752.83870797911,4932.134182070162,development_oof,4,True,False,False,False
2025-01-17,2025-01-24,4561.0,4978.0,sarimax_boosting_hybrid,-218.6629209135226,4759.337079086477,4978.0,4407.240787017637,4752.83870797911,4932.134182070162,development_oof,1,True,False,False,False
2025-01-17,2025-01-24,4561.0,4978.0,seven_day_drift,-480.0,4498.0,4978.0,4407.240787017637,4752.83870797911,4932.134182070162,development_oof,4,True,False,False,False
2025-01-17,2025-01-24,4561.0,4978.0,validation_weighted_ensemble,-389.89950958190457,4588.100490418095,4978.0,4407.240787017637,4752.83870797911,4932.134182070162,development_oof,4,True,False,False,False
2025-01-17,2025-01-24,4561.0,4978.0,xgboost,31.346599578857422,5009.346599578857,4978.0,4407.240787017637,4752.83870797911,4932.134182070162,development_oof,4,True,False,False,False
2025-01-18,2025-01-25,4427.0,4879.0,catboost,-216.00162088897196,4662.998379111028,4879.0,4308.240787017637,4653.83870797911,4882.93811621099,development_oof,4,True,False,False,False
2025-01-18,2025-01-25,4427.0,4879.0,elastic_net,-2.600522540291422,4876.399477459709,4879.0,4308.240787017637,4653.83870797911,4882.93811621099,development_oof,4,True,False,False,False
2025-01-18,2025-01-25,4427.0,4879.0,ets,-507.9741186895235,4371.0258813104765,4879.0,4308.240787017637,4653.83870797911,4882.93811621099,development_oof,4,True,False,False,False
2025-01-18,2025-01-25,4427.0,4879.0,lightgbm,-213.4602703129749,4665.539729687025,4879.0,4308.240787017637,4653.83870797911,4882.93811621099,development_oof,4,True,False,False,False
2025-01-18,2025-01-25,4427.0,4879.0,persistence,0.0,4879.0,4879.0,4308.240787017637,4653.83870797911,4882.93811621099,development_oof,4,True,False,False,False
2025-01-18,2025-01-25,4427.0,4879.0,ridge,-22.840726754013303,4856.159273245987,4879.0,4308.240787017637,4653.83870797911,4882.93811621099,development_oof,4,True,False,False,False
2025-01-18,2025-01-25,4427.0,4879.0,sarimax,-360.68578540769704,4518.314214592303,4879.0,4308.240787017637,4653.83870797911,4882.93811621099,development_oof,4,True,False,False,False
2025-01-18,2025-01-25,4427.0,4879.0,sarimax_boosting_hybrid,-200.86217962559658,4678.137820374403,4879.0,4308.240787017637,4653.83870797911,4882.93811621099,development_oof,1,True,False,False,False
2025-01-18,2025-01-25,4427.0,4879.0,seven_day_drift,-447.0,4432.0,4879.0,4308.240787017637,4653.83870797911,4882.93811621099,development_oof,4,True,False,False,False
2025-01-18,2025-01-25,4427.0,4879.0,validation_weighted_ensemble,-354.6006483555884,4524.399351644412,4879.0,4308.240787017637,4653.83870797911,4882.93811621099,development_oof,4,True,False,False,False
2025-01-18,2025-01-25,4427.0,4879.0,xgboost,31.346599578857422,4910.346599578857,4879.0,4308.240787017637,4653.83870797911,4882.93811621099,development_oof,4,True,False,False,False
2025-01-19,2025-01-26,4292.0,4780.0,catboost,-169.94461450074687,4610.055385499253,4780.0,4089.218003622947,4560.210924110033,4917.112704771484,development_oof,4,False,True,False,False
2025-01-19,2025-01-26,4292.0,4780.0,elastic_net,-5.373189290678056,4774.626810709322,4780.0,4089.218003622947,4560.210924110033,4917.112704771484,development_oof,4,False,True,False,False
2025-01-19,2025-01-26,4292.0,4780.0,ets,-505.1673018274669,4274.832698172533,4780.0,4089.218003622947,4560.210924110033,4917.112704771484,development_oof,4,False,True,False,False
2025-01-19,2025-01-26,4292.0,4780.0,lightgbm,-198.78563048234082,4581.214369517659,4780.0,4089.218003622947,4560.210924110033,4917.112704771484,development_oof,4,False,True,False,False
2025-01-19,2025-01-26,4292.0,4780.0,persistence,0.0,4780.0,4780.0,4089.218003622947,4560.210924110033,4917.112704771484,development_oof,4,False,True,False,False
2025-01-19,2025-01-26,4292.0,4780.0,ridge,-31.828330353549973,4748.17166964645,4780.0,4089.218003622947,4560.210924110033,4917.112704771484,development_oof,4,False,True,False,False
2025-01-19,2025-01-26,4292.0,4780.0,sarimax,-344.31756626173774,4435.682433738262,4780.0,4089.218003622947,4560.210924110033,4917.112704771484,development_oof,4,False,True,False,False
2025-01-19,2025-01-26,4292.0,4780.0,sarimax_boosting_hybrid,-184.49396047963728,4595.506039520363,4780.0,4089.218003622947,4560.210924110033,4917.112704771484,development_oof,1,False,True,False,False
2025-01-19,2025-01-26,4292.0,4780.0,seven_day_drift,-415.0,4365.0,4780.0,4089.218003622947,4560.210924110033,4917.112704771484,development_oof,4,False,True,False,False
2025-01-19,2025-01-26,4292.0,4780.0,validation_weighted_ensemble,-316.9778458002984,4463.022154199702,4780.0,4089.218003622947,4560.210924110033,4917.112704771484,development_oof,4,False,True,False,False
2025-01-19,2025-01-26,4292.0,4780.0,xgboost,31.346599578857422,4811.346599578857,4780.0,4089.218003622947,4560.210924110033,4917.112704771484,development_oof,4,False,True,False,False
2025-01-20,2025-01-27,4214.0,4756.0,catboost,-76.40176488127327,4679.598235118727,4756.0,4051.373278262704,4622.730058276431,4848.193301070355,development_oof,4,False,True,True,False
2025-01-20,2025-01-27,4214.0,4756.0,elastic_net,-41.79997112073761,4714.200028879262,4756.0,4051.373278262704,4622.730058276431,4848.193301070355,development_oof,4,False,True,True,False
2025-01-20,2025-01-27,4214.0,4756.0,ets,-502.92184833782085,4253.078151662179,4756.0,4051.373278262704,4622.730058276431,4848.193301070355,development_oof,4,False,True,True,False
2025-01-20,2025-01-27,4214.0,4756.0,lightgbm,-101.4795007281491,4654.520499271851,4756.0,4051.373278262704,4622.730058276431,4848.193301070355,development_oof,4,False,True,True,False
2025-01-20,2025-01-27,4214.0,4756.0,persistence,0.0,4756.0,4756.0,4051.373278262704,4622.730058276431,4848.193301070355,development_oof,4,False,True,True,False
2025-01-20,2025-01-27,4214.0,4756.0,ridge,-57.941974854881664,4698.058025145118,4756.0,4051.373278262704,4622.730058276431,4848.193301070355,development_oof,4,False,True,True,False
2025-01-20,2025-01-27,4214.0,4756.0,sarimax,-329.27782785162344,4426.722172148377,4756.0,4051.373278262704,4622.730058276431,4848.193301070355,development_oof,4,False,True,True,False
2025-01-20,2025-01-27,4214.0,4756.0,sarimax_boosting_hybrid,-169.45422206952298,4586.545777930477,4756.0,4051.373278262704,4622.730058276431,4848.193301070355,development_oof,1,False,True,True,False
2025-01-20,2025-01-27,4214.0,4756.0,seven_day_drift,-370.0,4386.0,4756.0,4051.373278262704,4622.730058276431,4848.193301070355,development_oof,4,False,True,True,False
2025-01-20,2025-01-27,4214.0,4756.0,validation_weighted_ensemble,-252.56070595250912,4503.439294047491,4756.0,4051.373278262704,4622.730058276431,4848.193301070355,development_oof,4,False,True,True,False
2025-01-20,2025-01-27,4214.0,4756.0,xgboost,31.346599578857422,4787.346599578857,4756.0,4051.373278262704,4622.730058276431,4848.193301070355,development_oof,4,False,True,True,False
2025-01-21,2025-01-28,4145.0,4792.0,catboost,-81.1225845065137,4710.877415493486,4792.0,4093.3555496698555,4626.5552963665,4903.977027711399,development_oof,4,False,True,True,False
2025-01-21,2025-01-28,4145.0,4792.0,elastic_net,-14.56497442341879,4777.435025576581,4792.0,4093.3555496698555,4626.5552963665,4903.977027711399,development_oof,4,False,True,True,False
2025-01-21,2025-01-28,4145.0,4792.0,ets,-501.12548554610476,4290.874514453895,4792.0,4093.3555496698555,4626.5552963665,4903.977027711399,development_oof,4,False,True,True,False
2025-01-21,2025-01-28,4145.0,4792.0,lightgbm,-143.9066310328799,4648.09336896712,4792.0,4093.3555496698555,4626.5552963665,4903.977027711399,development_oof,4,False,True,True,False
2025-01-21,2025-01-28,4145.0,4792.0,persistence,0.0,4792.0,4792.0,4093.3555496698555,4626.5552963665,4903.977027711399,development_oof,4,False,True,True,False
2025-01-21,2025-01-28,4145.0,4792.0,ridge,-26.719615773189616,4765.28038422681,4792.0,4093.3555496698555,4626.5552963665,4903.977027711399,development_oof,4,False,True,True,False
2025-01-21,2025-01-28,4145.0,4792.0,sarimax,-314.75696547785446,4477.2430345221455,4792.0,4093.3555496698555,4626.5552963665,4903.977027711399,development_oof,4,False,True,True,False
2025-01-21,2025-01-28,4145.0,4792.0,sarimax_boosting_hybrid,-154.933359695754,4637.066640304246,4792.0,4093.3555496698555,4626.5552963665,4903.977027711399,development_oof,1,False,True,True,False
2025-01-21,2025-01-28,4145.0,4792.0,seven_day_drift,-289.0,4503.0,4792.0,4093.3555496698555,4626.5552963665,4903.977027711399,development_oof,4,False,True,True,False
2025-01-21,2025-01-28,4145.0,4792.0,validation_weighted_ensemble,-205.84903380260585,4586.150966197394,4792.0,4093.3555496698555,4626.5552963665,4903.977027711399,development_oof,4,False,True,True,False
2025-01-21,2025-01-28,4145.0,4792.0,xgboost,31.346599578857422,4823.346599578857,4792.0,4093.3555496698555,4626.5552963665,4903.977027711399,development_oof,4,False,True,True,False
2025-01-22,2025-01-29,4086.0,4814.0,catboost,94.53916632311393,4908.539166323114,4814.0,4123.355272689444,4808.839326666688,5080.31473320267,development_oof,4,False,False,False,False
2025-01-22,2025-01-29,4086.0,4814.0,elastic_net,74.17743083543883,4888.177430835439,4814.0,4123.355272689444,4808.839326666688,5080.31473320267,development_oof,4,False,False,False,False
2025-01-22,2025-01-29,4086.0,4814.0,ets,-499.6883953127317,4314.311604687268,4814.0,4123.355272689444,4808.839326666688,5080.31473320267,development_oof,4,False,False,False,False
2025-01-22,2025-01-29,4086.0,4814.0,lightgbm,7.483492390208994,4821.483492390209,4814.0,4123.355272689444,4808.839326666688,5080.31473320267,development_oof,4,False,False,False,False
2025-01-22,2025-01-29,4086.0,4814.0,persistence,0.0,4814.0,4814.0,4123.355272689444,4808.839326666688,5080.31473320267,development_oof,4,False,False,False,False
2025-01-22,2025-01-29,4086.0,4814.0,ridge,65.69665513243672,4879.696655132437,4814.0,4123.355272689444,4808.839326666688,5080.31473320267,development_oof,4,False,False,False,False
2025-01-22,2025-01-29,4086.0,4814.0,sarimax,-302.6976768234317,4511.302323176568,4814.0,4123.355272689444,4808.839326666688,5080.31473320267,development_oof,4,False,False,False,False
2025-01-22,2025-01-29,4086.0,4814.0,sarimax_boosting_hybrid,-142.87407104133126,4671.125928958669,4814.0,4123.355272689444,4808.839326666688,5080.31473320267,development_oof,1,False,False,False,False
2025-01-22,2025-01-29,4086.0,4814.0,seven_day_drift,-251.0,4563.0,4814.0,4123.355272689444,4808.839326666688,5080.31473320267,development_oof,4,False,False,False,False
2025-01-22,2025-01-29,4086.0,4814.0,validation_weighted_ensemble,-112.78433347075497,4701.215666529245,4814.0,4123.355272689444,4808.839326666688,5080.31473320267,development_oof,4,False,False,False,False
2025-01-22,2025-01-29,4086.0,4814.0,xgboost,27.41659927368164,4841.416599273682,4814.0,4123.355272689444,4808.839326666688,5080.31473320267,development_oof,4,False,False,False,False
2025-01-23,2025-01-30,3965.0,4696.0,catboost,-43.566022285684085,4652.433977714316,4696.0,3982.366130825617,4627.321289616488,4930.816968135106,development_oof,4,False,True,False,False
2025-01-23,2025-01-30,3965.0,4696.0,elastic_net,-38.775976077298765,4657.224023922701,4696.0,3982.366130825617,4627.321289616488,4930.816968135106,development_oof,4,False,True,False,False
2025-01-23,2025-01-30,3965.0,4696.0,ets,-498.5387231260338,4197.461276873966,4696.0,3982.366130825617,4627.321289616488,4930.816968135106,development_oof,4,False,True,False,False
2025-01-23,2025-01-30,3965.0,4696.0,lightgbm,-32.940437932929854,4663.05956206707,4696.0,3982.366130825617,4627.321289616488,4930.816968135106,development_oof,4,False,True,False,False
2025-01-23,2025-01-30,3965.0,4696.0,persistence,0.0,4696.0,4696.0,3982.366130825617,4627.321289616488,4930.816968135106,development_oof,4,False,True,False,False
2025-01-23,2025-01-30,3965.0,4696.0,ridge,-52.935752030969525,4643.0642479690305,4696.0,3982.366130825617,4627.321289616488,4930.816968135106,development_oof,4,False,True,False,False
2025-01-23,2025-01-30,3965.0,4696.0,sarimax,-291.2995804804532,4404.700419519547,4696.0,3982.366130825617,4627.321289616488,4930.816968135106,development_oof,4,False,True,False,False
2025-01-23,2025-01-30,3965.0,4696.0,sarimax_boosting_hybrid,-131.47597469835273,4564.524025301647,4696.0,3982.366130825617,4627.321289616488,4930.816968135106,development_oof,1,False,True,False,False
2025-01-23,2025-01-30,3965.0,4696.0,seven_day_drift,-381.0,4315.0,4696.0,3982.366130825617,4627.321289616488,4930.816968135106,development_oof,4,False,True,False,False
2025-01-23,2025-01-30,3965.0,4696.0,validation_weighted_ensemble,-246.02640891427382,4449.973591085726,4696.0,3982.366130825617,4627.321289616488,4930.816968135106,development_oof,4,False,True,False,False
2025-01-23,2025-01-30,3965.0,4696.0,xgboost,27.41659927368164,4723.416599273682,4696.0,3982.366130825617,4627.321289616488,4930.816968135106,development_oof,4,False,True,False,False
2025-01-24,2025-01-31,3811.0,4561.0,catboost,-64.98143924933447,4496.0185607506655,4561.0,3821.943395351166,4476.8802263891375,4765.321740998587,development_oof,4,True,False,False,False
2025-01-24,2025-01-31,3811.0,4561.0,elastic_net,-54.656907239237626,4506.343092760762,4561.0,3821.943395351166,4476.8802263891375,4765.321740998587,development_oof,4,True,False,False,False
2025-01-24,2025-01-31,3811.0,4561.0,ets,-497.618985376675,4063.381014623325,4561.0,3821.943395351166,4476.8802263891375,4765.321740998587,development_oof,4,True,False,False,False
2025-01-24,2025-01-31,3811.0,4561.0,lightgbm,-34.85209558739825,4526.147904412602,4561.0,3821.943395351166,4476.8802263891375,4765.321740998587,development_oof,4,True,False,False,False
2025-01-24,2025-01-31,3811.0,4561.0,persistence,0.0,4561.0,4561.0,3821.943395351166,4476.8802263891375,4765.321740998587,development_oof,4,True,False,False,False
2025-01-24,2025-01-31,3811.0,4561.0,ridge,-64.7534595113957,4496.246540488604,4561.0,3821.943395351166,4476.8802263891375,4765.321740998587,development_oof,4,True,False,False,False
2025-01-24,2025-01-31,3811.0,4561.0,sarimax,-280.9013208886099,4280.09867911139,4561.0,3821.943395351166,4476.8802263891375,4765.321740998587,development_oof,4,True,False,False,False
2025-01-24,2025-01-31,3811.0,4561.0,sarimax_boosting_hybrid,-121.07771510650946,4439.9222848934905,4561.0,3821.943395351166,4476.8802263891375,4765.321740998587,development_oof,1,True,False,False,False
2025-01-24,2025-01-31,3811.0,4561.0,seven_day_drift,-417.0,4144.0,4561.0,3821.943395351166,4476.8802263891375,4765.321740998587,development_oof,4,True,False,False,False
2025-01-24,2025-01-31,3811.0,4561.0,validation_weighted_ensemble,-276.1925756997334,4284.807424300267,4561.0,3821.943395351166,4476.8802263891375,4765.321740998587,development_oof,4,True,False,False,False
2025-01-24,2025-01-31,3811.0,4561.0,xgboost,27.41659927368164,4588.416599273682,4561.0,3821.943395351166,4476.8802263891375,4765.321740998587,development_oof,4,True,False,False,False
2025-01-25,2025-02-01,3659.0,4427.0,catboost,-61.74102354360275,4365.258976456397,4427.0,3687.943395351166,4336.596359681087,4642.376623004907,development_oof,4,True,False,False,False
2025-01-25,2025-02-01,3659.0,4427.0,elastic_net,-88.10287294807404,4338.897127051926,4427.0,3687.943395351166,4336.596359681087,4642.376623004907,development_oof,4,True,False,False,False
2025-01-25,2025-02-01,3659.0,4427.0,ets,-496.8831951771881,3930.116804822812,4427.0,3687.943395351166,4336.596359681087,4642.376623004907,development_oof,4,True,False,False,False
2025-01-25,2025-02-01,3659.0,4427.0,lightgbm,-41.544905768277204,4385.455094231723,4427.0,3687.943395351166,4336.596359681087,4642.376623004907,development_oof,4,True,False,False,False
2025-01-25,2025-02-01,3659.0,4427.0,persistence,0.0,4427.0,4427.0,3687.943395351166,4336.596359681087,4642.376623004907,development_oof,4,True,False,False,False
2025-01-25,2025-02-01,3659.0,4427.0,ridge,-88.29496325489254,4338.7050367451075,4427.0,3687.943395351166,4336.596359681087,4642.376623004907,development_oof,4,True,False,False,False
2025-01-25,2025-02-01,3659.0,4427.0,sarimax,-271.40997400653396,4155.590025993466,4427.0,3687.943395351166,4336.596359681087,4642.376623004907,development_oof,4,True,False,False,False
2025-01-25,2025-02-01,3659.0,4427.0,sarimax_boosting_hybrid,-111.5863682244335,4315.4136317755665,4427.0,3687.943395351166,4336.596359681087,4642.376623004907,development_oof,1,True,False,False,False
2025-01-25,2025-02-01,3659.0,4427.0,seven_day_drift,-452.0,3975.0,4427.0,3687.943395351166,4336.596359681087,4642.376623004907,development_oof,4,True,False,False,False
2025-01-25,2025-02-01,3659.0,4427.0,validation_weighted_ensemble,-295.89640941744074,4131.103590582559,4427.0,3687.943395351166,4336.596359681087,4642.376623004907,development_oof,4,True,False,False,False
2025-01-25,2025-02-01,3659.0,4427.0,xgboost,27.41659927368164,4454.416599273682,4427.0,3687.943395351166,4336.596359681087,4642.376623004907,development_oof,4,True,False,False,False
2025-01-26,2025-02-02,3505.0,4292.0,catboost,-99.23742739742738,4192.762572602573,4292.0,3520.4822553572244,4191.933745627695,4522.6938492499,development_oof,4,False,False,False,False
2025-01-26,2025-02-02,3505.0,4292.0,elastic_net,-166.54751363232936,4125.452486367671,4292.0,3520.4822553572244,4191.933745627695,4522.6938492499,development_oof,4,False,False,False,False
2025-01-26,2025-02-02,3505.0,4292.0,ets,-496.2945630175982,3795.705436982402,4292.0,3520.4822553572244,4191.933745627695,4522.6938492499,development_oof,4,False,False,False,False
2025-01-26,2025-02-02,3505.0,4292.0,lightgbm,-39.633248113808804,4252.366751886191,4292.0,3520.4822553572244,4191.933745627695,4522.6938492499,development_oof,4,False,False,False,False
2025-01-26,2025-02-02,3505.0,4292.0,persistence,0.0,4292.0,4292.0,3520.4822553572244,4191.933745627695,4522.6938492499,development_oof,4,False,False,False,False
2025-01-26,2025-02-02,3505.0,4292.0,ridge,-160.275551305931,4131.724448694069,4292.0,3520.4822553572244,4191.933745627695,4522.6938492499,development_oof,4,False,False,False,False
2025-01-26,2025-02-02,3505.0,4292.0,sarimax,-262.74970373881797,4029.250296261182,4292.0,3520.4822553572244,4191.933745627695,4522.6938492499,development_oof,4,False,False,False,False
2025-01-26,2025-02-02,3505.0,4292.0,sarimax_boosting_hybrid,-102.92609795671706,4189.073902043283,4292.0,3520.4822553572244,4191.933745627695,4522.6938492499,development_oof,1,False,False,False,False
2025-01-26,2025-02-02,3505.0,4292.0,seven_day_drift,-488.0,3804.0,4292.0,3520.4822553572244,4191.933745627695,4522.6938492499,development_oof,4,False,False,False,False
2025-01-26,2025-02-02,3505.0,4292.0,validation_weighted_ensemble,-332.49497095897095,3959.505029041029,4292.0,3520.4822553572244,4191.933745627695,4522.6938492499,development_oof,4,False,False,False,False
2025-01-26,2025-02-02,3505.0,4292.0,xgboost,27.41659927368164,4319.416599273682,4292.0,3520.4822553572244,4191.933745627695,4522.6938492499,development_oof,4,False,False,False,False
2025-01-27,2025-02-03,3448.0,4214.0,catboost,-52.36654705211822,4161.633452947882,4214.0,3526.184411488888,4155.807686197449,4471.101028617844,development_oof,4,False,False,False,False
2025-01-27,2025-02-03,3448.0,4214.0,elastic_net,-202.0682587078627,4011.9317412921373,4214.0,3526.184411488888,4155.807686197449,4471.101028617844,development_oof,4,False,False,False,False
2025-01-27,2025-02-03,3448.0,4214.0,ets,-495.8236572899268,3718.176342710073,4214.0,3526.184411488888,4155.807686197449,4471.101028617844,development_oof,4,False,False,False,False
2025-01-27,2025-02-03,3448.0,4214.0,lightgbm,-39.633248113808804,4174.366751886191,4214.0,3526.184411488888,4155.807686197449,4471.101028617844,development_oof,4,False,False,False,False
2025-01-27,2025-02-03,3448.0,4214.0,persistence,0.0,4214.0,4214.0,3526.184411488888,4155.807686197449,4471.101028617844,development_oof,4,False,False,False,False
2025-01-27,2025-02-03,3448.0,4214.0,ridge,-194.79559235829356,4019.2044076417064,4214.0,3526.184411488888,4155.807686197449,4471.101028617844,development_oof,4,False,False,False,False
2025-01-27,2025-02-03,3448.0,4214.0,sarimax,-254.84991021427732,3959.1500897857227,4214.0,3526.184411488888,4155.807686197449,4471.101028617844,development_oof,4,False,False,False,False
2025-01-27,2025-02-03,3448.0,4214.0,sarimax_boosting_hybrid,-95.0263044321764,4118.973695567824,4214.0,3526.184411488888,4155.807686197449,4471.101028617844,development_oof,1,False,False,False,False
2025-01-27,2025-02-03,3448.0,4214.0,seven_day_drift,-542.0,3672.0,4214.0,3526.184411488888,4155.807686197449,4471.101028617844,development_oof,4,False,False,False,False
2025-01-27,2025-02-03,3448.0,4214.0,validation_weighted_ensemble,-346.1466188208474,3867.8533811791526,4214.0,3526.184411488888,4155.807686197449,4471.101028617844,development_oof,4,False,False,False,False
2025-01-27,2025-02-03,3448.0,4214.0,xgboost,27.41659927368164,4241.416599273682,4214.0,3526.184411488888,4155.807686197449,4471.101028617844,development_oof,4,False,False,False,False
2025-01-28,2025-02-04,3413.0,4145.0,catboost,-65.97457153585765,4079.0254284641424,4145.0,3462.9002678606466,4083.453039078976,4351.900042229907,development_oof,4,False,False,False,False
2025-01-28,2025-02-04,3413.0,4145.0,elastic_net,-197.84594970782837,3947.1540502921716,4145.0,3462.9002678606466,4083.453039078976,4351.900042229907,development_oof,4,False,False,False,False
2025-01-28,2025-02-04,3413.0,4145.0,ets,-495.44693270778953,3649.5530672922105,4145.0,3462.9002678606466,4083.453039078976,4351.900042229907,development_oof,4,False,False,False,False
2025-01-28,2025-02-04,3413.0,4145.0,lightgbm,-41.544905768277204,4103.455094231723,4145.0,3462.9002678606466,4083.453039078976,4351.900042229907,development_oof,4,False,False,False,False
2025-01-28,2025-02-04,3413.0,4145.0,persistence,0.0,4145.0,4145.0,3462.9002678606466,4083.453039078976,4351.900042229907,development_oof,4,False,False,False,False
2025-01-28,2025-02-04,3413.0,4145.0,ridge,-179.06183969288486,3965.938160307115,4145.0,3462.9002678606466,4083.453039078976,4351.900042229907,development_oof,4,False,False,False,False
2025-01-28,2025-02-04,3413.0,4145.0,sarimax,-247.62991286227953,3897.3700871377205,4145.0,3462.9002678606466,4083.453039078976,4351.900042229907,development_oof,4,False,False,False,False
2025-01-28,2025-02-04,3413.0,4145.0,sarimax_boosting_hybrid,-87.80630708017907,4057.193692919821,4145.0,3462.9002678606466,4083.453039078976,4351.900042229907,development_oof,1,False,False,False,False
2025-01-28,2025-02-04,3413.0,4145.0,seven_day_drift,-647.0,3498.0,4145.0,3462.9002678606466,4083.453039078976,4351.900042229907,development_oof,4,False,False,False,False
2025-01-28,2025-02-04,3413.0,4145.0,validation_weighted_ensemble,-414.58982861434333,3730.4101713856567,4145.0,3462.9002678606466,4083.453039078976,4351.900042229907,development_oof,4,False,False,False,False
2025-01-28,2025-02-04,3413.0,4145.0,xgboost,27.41659927368164,4172.416599273682,4145.0,3462.9002678606466,4083.453039078976,4351.900042229907,development_oof,4,False,False,False,False
2025-01-29,2025-02-05,3326.0,4086.0,catboost,-27.51208826947004,4058.48791173053,4086.0,3403.9002678606466,4029.9342586485946,4308.258709589182,development_oof,4,False,False,False,False
2025-01-29,2025-02-05,3326.0,4086.0,elastic_net,-144.91488338777071,3941.0851166122293,4086.0,3403.9002678606466,4029.9342586485946,4308.258709589182,development_oof,4,False,False,False,False
2025-01-29,2025-02-05,3326.0,4086.0,ets,-495.1455530420794,3590.8544469579206,4086.0,3403.9002678606466,4029.9342586485946,4308.258709589182,development_oof,4,False,False,False,False
2025-01-29,2025-02-05,3326.0,4086.0,lightgbm,-35.62127268223048,4050.3787273177695,4086.0,3403.9002678606466,4029.9342586485946,4308.258709589182,development_oof,4,False,False,False,False
2025-01-29,2025-02-05,3326.0,4086.0,persistence,0.0,4086.0,4086.0,3403.9002678606466,4029.9342586485946,4308.258709589182,development_oof,4,False,False,False,False
2025-01-29,2025-02-05,3326.0,4086.0,ridge,-136.6260510754305,3949.3739489245695,4086.0,3403.9002678606466,4029.9342586485946,4308.258709589182,development_oof,4,False,False,False,False
2025-01-29,2025-02-05,3326.0,4086.0,sarimax,-241.07643860997086,3844.923561390029,4086.0,3403.9002678606466,4029.9342586485946,4308.258709589182,development_oof,4,False,False,False,False
2025-01-29,2025-02-05,3326.0,4086.0,sarimax_boosting_hybrid,-81.2528328278704,4004.7471671721296,4086.0,3403.9002678606466,4029.9342586485946,4308.258709589182,development_oof,1,False,False,False,False
2025-01-29,2025-02-05,3326.0,4086.0,seven_day_drift,-728.0,3358.0,4086.0,3403.9002678606466,4029.9342586485946,4308.258709589182,development_oof,4,False,False,False,False
2025-01-29,2025-02-05,3326.0,4086.0,validation_weighted_ensemble,-447.8048353077879,3638.195164692212,4086.0,3403.9002678606466,4029.9342586485946,4308.258709589182,development_oof,4,False,False,False,False
2025-01-29,2025-02-05,3326.0,4086.0,xgboost,27.41659927368164,4113.416599273682,4086.0,3403.9002678606466,4029.9342586485946,4308.258709589182,development_oof,4,False,False,False,False
2025-01-30,2025-02-06,3213.0,3965.0,catboost,-158.11899837317333,3806.8810016268267,3965.0,3229.3950202625188,3868.4218833420205,4187.245909857218,development_oof,4,False,True,False,False
2025-01-30,2025-02-06,3213.0,3965.0,elastic_net,-138.04431795407663,3826.9556820459234,3965.0,3229.3950202625188,3868.4218833420205,4187.245909857218,development_oof,4,False,True,False,False
2025-01-30,2025-02-06,3213.0,3965.0,ets,-494.9044493095116,3470.0955506904884,3965.0,3229.3950202625188,3868.4218833420205,4187.245909857218,development_oof,4,False,True,False,False
2025-01-30,2025-02-06,3213.0,3965.0,lightgbm,-41.54490576827675,3923.4550942317233,3965.0,3229.3950202625188,3868.4218833420205,4187.245909857218,development_oof,4,False,True,False,False
2025-01-30,2025-02-06,3213.0,3965.0,persistence,0.0,3965.0,3965.0,3229.3950202625188,3868.4218833420205,4187.245909857218,development_oof,4,False,True,False,False
2025-01-30,2025-02-06,3213.0,3965.0,ridge,-139.70282131151362,3825.2971786884864,3965.0,3229.3950202625188,3868.4218833420205,4187.245909857218,development_oof,4,False,True,False,False
2025-01-30,2025-02-06,3213.0,3965.0,sarimax,-235.09667334170445,3729.9033266582956,3965.0,3229.3950202625188,3868.4218833420205,4187.245909857218,development_oof,4,False,True,False,False
2025-01-30,2025-02-06,3213.0,3965.0,sarimax_boosting_hybrid,-75.27306755960399,3889.726932440396,3965.0,3229.3950202625188,3868.4218833420205,4187.245909857218,development_oof,1,False,True,False,False
2025-01-30,2025-02-06,3213.0,3965.0,seven_day_drift,-731.0,3234.0,3965.0,3229.3950202625188,3868.4218833420205,4187.245909857218,development_oof,4,False,True,False,False
2025-01-30,2025-02-06,3213.0,3965.0,validation_weighted_ensemble,-501.84759934926933,3463.1524006507307,3965.0,3229.3950202625188,3868.4218833420205,4187.245909857218,development_oof,4,False,True,False,False
2025-01-30,2025-02-06,3213.0,3965.0,xgboost,27.41659927368164,3992.4165992736816,3965.0,3229.3950202625188,3868.4218833420205,4187.245909857218,development_oof,4,False,True,False,False
2025-01-31,2025-02-07,3106.0,3811.0,catboost,-154.96018868892952,3656.0398113110705,3811.0,3045.198111728983,3714.4218833420205,4001.973977763054,development_oof,4,True,False,False,False
2025-01-31,2025-02-07,3106.0,3811.0,elastic_net,-184.06038452419898,3626.939615475801,3811.0,3045.198111728983,3714.4218833420205,4001.973977763054,development_oof,4,True,False,False,False
2025-01-31,2025-02-07,3106.0,3811.0,ets,-494.7115663234572,3316.288433676543,3811.0,3045.198111728983,3714.4218833420205,4001.973977763054,development_oof,4,True,False,False,False
2025-01-31,2025-02-07,3106.0,3811.0,lightgbm,-41.54490576827675,3769.4550942317233,3811.0,3045.198111728983,3714.4218833420205,4001.973977763054,development_oof,4,True,False,False,False
2025-01-31,2025-02-07,3106.0,3811.0,persistence,0.0,3811.0,3811.0,3045.198111728983,3714.4218833420205,4001.973977763054,development_oof,4,True,False,False,False
2025-01-31,2025-02-07,3106.0,3811.0,ridge,-182.12319263203563,3628.8768073679644,3811.0,3045.198111728983,3714.4218833420205,4001.973977763054,development_oof,4,True,False,False,False
2025-01-31,2025-02-07,3106.0,3811.0,sarimax,-229.65050640166737,3581.3494935983326,3811.0,3045.198111728983,3714.4218833420205,4001.973977763054,development_oof,4,True,False,False,False
2025-01-31,2025-02-07,3106.0,3811.0,sarimax_boosting_hybrid,-69.82690061956691,3741.173099380433,3811.0,3045.198111728983,3714.4218833420205,4001.973977763054,development_oof,1,True,False,False,False
2025-01-31,2025-02-07,3106.0,3811.0,seven_day_drift,-750.0,3061.0,3811.0,3045.198111728983,3714.4218833420205,4001.973977763054,development_oof,4,True,False,False,False
2025-01-31,2025-02-07,3106.0,3811.0,validation_weighted_ensemble,-511.9840754755719,3299.015924524428,3811.0,3045.198111728983,3714.4218833420205,4001.973977763054,development_oof,4,True,False,False,False
2025-01-31,2025-02-07,3106.0,3811.0,xgboost,27.41659927368164,3838.4165992736816,3811.0,3045.198111728983,3714.4218833420205,4001.973977763054,development_oof,4,True,False,False,False
2025-02-01,2025-02-08,2998.0,3659.0,catboost,-133.547571865598,3525.452428134402,3659.0,2893.198111728983,3565.8703853824727,3879.7000753266025,development_oof,4,True,False,False,False
2025-02-01,2025-02-08,2998.0,3659.0,elastic_net,-178.41530247745732,3480.5846975225427,3659.0,2893.198111728983,3565.8703853824727,3879.7000753266025,development_oof,4,True,False,False,False
2025-02-01,2025-02-08,2998.0,3659.0,ets,-494.5572599346142,3164.442740065386,3659.0,2893.198111728983,3565.8703853824727,3879.7000753266025,development_oof,4,True,False,False,False
2025-02-01,2025-02-08,2998.0,3659.0,lightgbm,-41.54490576827675,3617.4550942317233,3659.0,2893.198111728983,3565.8703853824727,3879.7000753266025,development_oof,4,True,False,False,False
2025-02-01,2025-02-08,2998.0,3659.0,persistence,0.0,3659.0,3659.0,2893.198111728983,3565.8703853824727,3879.7000753266025,development_oof,4,True,False,False,False
2025-02-01,2025-02-08,2998.0,3659.0,ridge,-166.56098498486654,3492.4390150151335,3659.0,2893.198111728983,3565.8703853824727,3879.7000753266025,development_oof,4,True,False,False,False
2025-02-01,2025-02-08,2998.0,3659.0,sarimax,-224.69217381224598,3434.307826187754,3659.0,2893.198111728983,3565.8703853824727,3879.7000753266025,development_oof,4,True,False,False,False
2025-02-01,2025-02-08,2998.0,3659.0,sarimax_boosting_hybrid,-64.86856803014552,3594.1314319698545,3659.0,2893.198111728983,3565.8703853824727,3879.7000753266025,development_oof,1,True,False,False,False
2025-02-01,2025-02-08,2998.0,3659.0,seven_day_drift,-768.0,2891.0,3659.0,2893.198111728983,3565.8703853824727,3879.7000753266025,development_oof,4,True,False,False,False
2025-02-01,2025-02-08,2998.0,3659.0,validation_weighted_ensemble,-514.219028746239,3144.780971253761,3659.0,2893.198111728983,3565.8703853824727,3879.7000753266025,development_oof,4,True,False,False,False
2025-02-01,2025-02-08,2998.0,3659.0,xgboost,27.41659927368164,3686.4165992736816,3659.0,2893.198111728983,3565.8703853824727,3879.7000753266025,development_oof,4,True,False,False,False
2025-02-02,2025-02-09,2891.0,3505.0,catboost,-132.83118985255396,3372.168810147446,3505.0,2739.198111728983,3411.8703853824727,3771.7295609807747,development_oof,4,False,True,False,False
2025-02-02,2025-02-09,2891.0,3505.0,elastic_net,-103.4257933103363,3401.5742066896637,3505.0,2739.198111728983,3411.8703853824727,3771.7295609807747,development_oof,4,False,True,False,False
2025-02-02,2025-02-09,2891.0,3505.0,ets,-494.43381482353925,3010.5661851764607,3505.0,2739.198111728983,3411.8703853824727,3771.7295609807747,development_oof,4,False,True,False,False
2025-02-02,2025-02-09,2891.0,3505.0,lightgbm,-44.911474766420724,3460.0885252335793,3505.0,2739.198111728983,3411.8703853824727,3771.7295609807747,development_oof,4,False,True,False,False
2025-02-02,2025-02-09,2891.0,3505.0,persistence,0.0,3505.0,3505.0,2739.198111728983,3411.8703853824727,3771.7295609807747,development_oof,4,False,True,False,False
2025-02-02,2025-02-09,2891.0,3505.0,ridge,-108.17803369425883,3396.821966305741,3505.0,2739.198111728983,3411.8703853824727,3771.7295609807747,development_oof,4,False,True,False,False
2025-02-02,2025-02-09,2891.0,3505.0,sarimax,-220.18002836156074,3284.8199716384393,3505.0,2739.198111728983,3411.8703853824727,3771.7295609807747,development_oof,4,False,True,False,False
2025-02-02,2025-02-09,2891.0,3505.0,sarimax_boosting_hybrid,-60.356422579460286,3444.6435774205397,3505.0,2739.198111728983,3411.8703853824727,3771.7295609807747,development_oof,1,False,True,False,False
2025-02-02,2025-02-09,2891.0,3505.0,seven_day_drift,-787.0,2718.0,3505.0,2739.198111728983,3411.8703853824727,3771.7295609807747,development_oof,4,False,True,False,False
2025-02-02,2025-02-09,2891.0,3505.0,validation_weighted_ensemble,-525.3324759410216,2979.6675240589784,3505.0,2739.198111728983,3411.8703853824727,3771.7295609807747,development_oof,4,False,True,False,False
2025-02-02,2025-02-09,2891.0,3505.0,xgboost,27.41659927368164,3532.4165992736816,3505.0,2739.198111728983,3411.8703853824727,3771.7295609807747,development_oof,4,False,True,False,False
2025-02-03,2025-02-10,2852.0,3448.0,catboost,-51.3055049720665,3396.6944950279335,3448.0,2765.9002678606466,3396.4940931448773,3673.7999226516417,development_oof,4,False,False,False,False
2025-02-03,2025-02-10,2852.0,3448.0,elastic_net,-35.34120654777644,3412.6587934522236,3448.0,2765.9002678606466,3396.4940931448773,3673.7999226516417,development_oof,4,False,False,False,False
2025-02-03,2025-02-10,2852.0,3448.0,ets,-494.3350587346795,2953.6649412653205,3448.0,2765.9002678606466,3396.4940931448773,3673.7999226516417,development_oof,4,False,False,False,False
2025-02-03,2025-02-10,2852.0,3448.0,lightgbm,-35.62127268223048,3412.3787273177695,3448.0,2765.9002678606466,3396.4940931448773,3673.7999226516417,development_oof,4,False,False,False,False
2025-02-03,2025-02-10,2852.0,3448.0,persistence,0.0,3448.0,3448.0,2765.9002678606466,3396.4940931448773,3673.7999226516417,development_oof,4,False,False,False,False
2025-02-03,2025-02-10,2852.0,3448.0,ridge,-42.222993389220846,3405.777006610779,3448.0,2765.9002678606466,3396.4940931448773,3673.7999226516417,development_oof,4,False,False,False,False
2025-02-03,2025-02-10,2852.0,3448.0,sarimax,-216.07595346756898,3231.924046532431,3448.0,2765.9002678606466,3396.4940931448773,3673.7999226516417,development_oof,4,False,False,False,False
2025-02-03,2025-02-10,2852.0,3448.0,sarimax_boosting_hybrid,-56.25234768546852,3391.7476523145315,3448.0,2765.9002678606466,3396.4940931448773,3673.7999226516417,development_oof,1,False,False,False,False
2025-02-03,2025-02-10,2852.0,3448.0,seven_day_drift,-766.0,2682.0,3448.0,2765.9002678606466,3396.4940931448773,3673.7999226516417,development_oof,4,False,False,False,False
2025-02-03,2025-02-10,2852.0,3448.0,validation_weighted_ensemble,-480.1222019888264,2967.8777980111736,3448.0,2765.9002678606466,3396.4940931448773,3673.7999226516417,development_oof,4,False,False,False,False
2025-02-03,2025-02-10,2852.0,3448.0,xgboost,27.41659927368164,3475.4165992736816,3448.0,2765.9002678606466,3396.4940931448773,3673.7999226516417,development_oof,4,False,False,False,False
2025-02-04,2025-02-11,2821.0,3413.0,catboost,-24.42320524610841,3388.5767947538916,3413.0,2730.9002678606466,3401.1121082879886,3701.005459518962,development_oof,4,False,False,False,False
2025-02-04,2025-02-11,2821.0,3413.0,elastic_net,20.54458567823758,3433.5445856782376,3413.0,2730.9002678606466,3401.1121082879886,3701.005459518962,development_oof,4,False,False,False,False
2025-02-04,2025-02-11,2821.0,3413.0,ets,-494.25605386359166,2918.7439461364083,3413.0,2730.9002678606466,3401.1121082879886,3701.005459518962,development_oof,4,False,False,False,False
2025-02-04,2025-02-11,2821.0,3413.0,lightgbm,3.4477167965333138,3416.4477167965333,3413.0,2730.9002678606466,3401.1121082879886,3701.005459518962,development_oof,4,False,False,False,False
2025-02-04,2025-02-11,2821.0,3413.0,persistence,0.0,3413.0,3413.0,2730.9002678606466,3401.1121082879886,3701.005459518962,development_oof,4,False,False,False,False
2025-02-04,2025-02-11,2821.0,3413.0,ridge,9.200206107881513,3422.2002061078815,3413.0,2730.9002678606466,3401.1121082879886,3701.005459518962,development_oof,4,False,False,False,False
2025-02-04,2025-02-11,2821.0,3413.0,sarimax,-212.34472613446405,3200.655273865536,3413.0,2730.9002678606466,3401.1121082879886,3701.005459518962,development_oof,4,False,False,False,False
2025-02-04,2025-02-11,2821.0,3413.0,sarimax_boosting_hybrid,-52.521120352363596,3360.4788796476364,3413.0,2730.9002678606466,3401.1121082879886,3701.005459518962,development_oof,1,False,False,False,False
2025-02-04,2025-02-11,2821.0,3413.0,seven_day_drift,-732.0,2681.0,3413.0,2730.9002678606466,3401.1121082879886,3701.005459518962,development_oof,4,False,False,False,False
2025-02-04,2025-02-11,2821.0,3413.0,validation_weighted_ensemble,-448.9692820984433,2964.0307179015567,3413.0,2730.9002678606466,3401.1121082879886,3701.005459518962,development_oof,4,False,False,False,False
2025-02-04,2025-02-11,2821.0,3413.0,xgboost,27.41659927368164,3440.4165992736816,3413.0,2730.9002678606466,3401.1121082879886,3701.005459518962,development_oof,4,False,False,False,False
2025-02-05,2025-02-12,2772.0,3326.0,catboost,-82.26551975103803,3243.734480248962,3326.0,2642.2366226902427,3269.790590965905,3565.8839445832996,development_oof,4,False,False,False,False
2025-02-05,2025-02-12,2772.0,3326.0,elastic_net,-26.700842623894005,3299.299157376106,3326.0,2642.2366226902427,3269.790590965905,3565.8839445832996,development_oof,4,False,False,False,False
2025-02-05,2025-02-12,2772.0,3326.0,ets,-494.19284996672104,2831.807150033279,3326.0,2642.2366226902427,3269.790590965905,3565.8839445832996,development_oof,4,False,False,False,False
2025-02-05,2025-02-12,2772.0,3326.0,lightgbm,-41.54490576827675,3284.4550942317233,3326.0,2642.2366226902427,3269.790590965905,3565.8839445832996,development_oof,4,False,False,False,False
2025-02-05,2025-02-12,2772.0,3326.0,persistence,0.0,3326.0,3326.0,2642.2366226902427,3269.790590965905,3565.8839445832996,development_oof,4,False,False,False,False
2025-02-05,2025-02-12,2772.0,3326.0,ridge,-33.357922751533806,3292.642077248466,3326.0,2642.2366226902427,3269.790590965905,3565.8839445832996,development_oof,4,False,False,False,False
2025-02-05,2025-02-12,2772.0,3326.0,sarimax,-208.95549789412507,3117.044502105875,3326.0,2642.2366226902427,3269.790590965905,3565.8839445832996,development_oof,4,False,False,False,False
2025-02-05,2025-02-12,2772.0,3326.0,sarimax_boosting_hybrid,-201.36385708521584,3124.636142914784,3326.0,2642.2366226902427,3269.790590965905,3565.8839445832996,development_oof,2,False,False,False,False
2025-02-05,2025-02-12,2772.0,3326.0,seven_day_drift,-760.0,2566.0,3326.0,2642.2366226902427,3269.790590965905,3565.8839445832996,development_oof,4,False,False,False,False
2025-02-05,2025-02-12,2772.0,3326.0,validation_weighted_ensemble,-488.9062079004152,2837.093792099585,3326.0,2642.2366226902427,3269.790590965905,3565.8839445832996,development_oof,4,False,False,False,False
2025-02-05,2025-02-12,2772.0,3326.0,xgboost,27.41659927368164,3353.4165992736816,3326.0,2642.2366226902427,3269.790590965905,3565.8839445832996,development_oof,4,False,False,False,False
2025-02-06,2025-02-13,2713.0,3213.0,catboost,-110.28755505008485,3102.712444949915,3213.0,2522.0709932227674,3149.899307726983,3467.9888942570306,development_oof,4,False,False,False,False
2025-02-06,2025-02-13,2713.0,3213.0,elastic_net,-15.363215757437047,3197.636784242563,3213.0,2522.0709932227674,3149.899307726983,3467.9888942570306,development_oof,4,False,False,False,False
2025-02-06,2025-02-13,2713.0,3213.0,ets,-494.142286849225,2718.857713150775,3213.0,2522.0709932227674,3149.899307726983,3467.9888942570306,development_oof,4,False,False,False,False
2025-02-06,2025-02-13,2713.0,3213.0,lightgbm,-39.633248113808804,3173.366751886191,3213.0,2522.0709932227674,3149.899307726983,3467.9888942570306,development_oof,4,False,False,False,False
2025-02-06,2025-02-13,2713.0,3213.0,persistence,0.0,3213.0,3213.0,2522.0709932227674,3149.899307726983,3467.9888942570306,development_oof,4,False,False,False,False
2025-02-06,2025-02-13,2713.0,3213.0,ridge,-27.879074054165358,3185.1209259458346,3213.0,2522.0709932227674,3149.899307726983,3467.9888942570306,development_oof,4,False,False,False,False
2025-02-06,2025-02-13,2713.0,3213.0,sarimax,-205.8782367288004,3007.1217632711996,3213.0,2522.0709932227674,3149.899307726983,3467.9888942570306,development_oof,4,False,False,False,False
2025-02-06,2025-02-13,2713.0,3213.0,sarimax_boosting_hybrid,-198.28659591989117,3014.713404080109,3213.0,2522.0709932227674,3149.899307726983,3467.9888942570306,development_oof,2,False,False,False,False
2025-02-06,2025-02-13,2713.0,3213.0,seven_day_drift,-752.0,2461.0,3213.0,2522.0709932227674,3149.899307726983,3467.9888942570306,development_oof,4,False,False,False,False
2025-02-06,2025-02-13,2713.0,3213.0,validation_weighted_ensemble,-495.3150220200341,2717.684977979966,3213.0,2522.0709932227674,3149.899307726983,3467.9888942570306,development_oof,4,False,False,False,False
2025-02-06,2025-02-13,2713.0,3213.0,xgboost,27.41659927368164,3240.4165992736816,3213.0,2522.0709932227674,3149.899307726983,3467.9888942570306,development_oof,4,False,False,False,False
2025-02-07,2025-02-14,2672.0,3106.0,catboost,-102.15247872578038,3003.8475212742196,3106.0,2415.0709932227674,3044.8057455139033,3337.9107116788973,development_oof,4,True,False,False,False
2025-02-07,2025-02-14,2672.0,3106.0,elastic_net,18.309571765828878,3124.309571765829,3106.0,2415.0709932227674,3044.8057455139033,3337.9107116788973,development_oof,4,True,False,False,False
2025-02-07,2025-02-14,2672.0,3106.0,ets,-494.101836355228,2611.898163644772,3106.0,2415.0709932227674,3044.8057455139033,3337.9107116788973,development_oof,4,True,False,False,False
2025-02-07,2025-02-14,2672.0,3106.0,lightgbm,-41.54490576827675,3064.4550942317233,3106.0,2415.0709932227674,3044.8057455139033,3337.9107116788973,development_oof,4,True,False,False,False
2025-02-07,2025-02-14,2672.0,3106.0,persistence,0.0,3106.0,3106.0,2415.0709932227674,3044.8057455139033,3337.9107116788973,development_oof,4,True,False,False,False
2025-02-07,2025-02-14,2672.0,3106.0,ridge,0.7390570383918202,3106.739057038392,3106.0,2415.0709932227674,3044.8057455139033,3337.9107116788973,development_oof,4,True,False,False,False
2025-02-07,2025-02-14,2672.0,3106.0,sarimax,-203.08648657946378,2902.913513420536,3106.0,2415.0709932227674,3044.8057455139033,3337.9107116788973,development_oof,4,True,False,False,False
2025-02-07,2025-02-14,2672.0,3106.0,sarimax_boosting_hybrid,-195.49484577055455,2910.5051542294455,3106.0,2415.0709932227674,3044.8057455139033,3337.9107116788973,development_oof,2,True,False,False,False
2025-02-07,2025-02-14,2672.0,3106.0,seven_day_drift,-705.0,2401.0,3106.0,2415.0709932227674,3044.8057455139033,3337.9107116788973,development_oof,4,True,False,False,False
2025-02-07,2025-02-14,2672.0,3106.0,validation_weighted_ensemble,-463.86099149031224,2642.1390085096878,3106.0,2415.0709932227674,3044.8057455139033,3337.9107116788973,development_oof,4,True,False,False,False
2025-02-07,2025-02-14,2672.0,3106.0,xgboost,27.41659927368164,3133.4165992736816,3106.0,2415.0709932227674,3044.8057455139033,3337.9107116788973,development_oof,4,True,False,False,False
2025-02-08,2025-02-15,2632.0,2998.0,catboost,-102.04316110127047,2895.9568388987295,2998.0,2307.0709932227674,2936.8057455139033,3265.3677735197816,development_oof,4,True,False,False,False
2025-02-08,2025-02-15,2632.0,2998.0,elastic_net,36.639776246984184,3034.639776246984,2998.0,2307.0709932227674,2936.8057455139033,3265.3677735197816,development_oof,4,True,False,False,False
2025-02-08,2025-02-15,2632.0,2998.0,ets,-494.06947596003056,2503.9305240399694,2998.0,2307.0709932227674,2936.8057455139033,3265.3677735197816,development_oof,4,True,False,False,False
2025-02-08,2025-02-15,2632.0,2998.0,lightgbm,-41.54490576827675,2956.4550942317233,2998.0,2307.0709932227674,2936.8057455139033,3265.3677735197816,development_oof,4,True,False,False,False
2025-02-08,2025-02-15,2632.0,2998.0,persistence,0.0,2998.0,2998.0,2307.0709932227674,2936.8057455139033,3265.3677735197816,development_oof,4,True,False,False,False
2025-02-08,2025-02-15,2632.0,2998.0,ridge,26.11954034877681,3024.119540348777,2998.0,2307.0709932227674,2936.8057455139033,3265.3677735197816,development_oof,4,True,False,False,False
2025-02-08,2025-02-15,2632.0,2998.0,sarimax,-200.5558472112025,2797.4441527887975,2998.0,2307.0709932227674,2936.8057455139033,3265.3677735197816,development_oof,4,True,False,False,False
2025-02-08,2025-02-15,2632.0,2998.0,sarimax_boosting_hybrid,-179.28817826559361,2818.7118217344064,2998.0,2307.0709932227674,2936.8057455139033,3265.3677735197816,development_oof,2,True,False,False,False
2025-02-08,2025-02-15,2632.0,2998.0,seven_day_drift,-661.0,2337.0,2998.0,2307.0709932227674,2936.8057455139033,3265.3677735197816,development_oof,4,True,False,False,False
2025-02-08,2025-02-15,2632.0,2998.0,validation_weighted_ensemble,-437.417264440508,2560.582735559492,2998.0,2307.0709932227674,2936.8057455139033,3265.3677735197816,development_oof,4,True,False,False,False
2025-02-08,2025-02-15,2632.0,2998.0,xgboost,27.41659927368164,3025.4165992736816,2998.0,2307.0709932227674,2936.8057455139033,3265.3677735197816,development_oof,4,True,False,False,False
2025-02-09,2025-02-16,2590.0,2891.0,catboost,-101.70806008365616,2789.291939916344,2891.0,2200.0709932227674,2833.160392632376,3206.751222551994,development_oof,4,False,True,False,False
2025-02-09,2025-02-16,2590.0,2891.0,elastic_net,41.95155268564395,2932.951552685644,2891.0,2200.0709932227674,2833.160392632376,3206.751222551994,development_oof,4,False,True,False,False
2025-02-09,2025-02-16,2590.0,2891.0,ets,-494.04358764387234,2396.9564123561277,2891.0,2200.0709932227674,2833.160392632376,3206.751222551994,development_oof,4,False,True,False,False
2025-02-09,2025-02-16,2590.0,2891.0,lightgbm,-39.633248113808804,2851.366751886191,2891.0,2200.0709932227674,2833.160392632376,3206.751222551994,development_oof,4,False,True,False,False
2025-02-09,2025-02-16,2590.0,2891.0,persistence,0.0,2891.0,2891.0,2200.0709932227674,2833.160392632376,3206.751222551994,development_oof,4,False,True,False,False
2025-02-09,2025-02-16,2590.0,2891.0,ridge,28.683725379706175,2919.683725379706,2891.0,2200.0709932227674,2833.160392632376,3206.751222551994,development_oof,4,False,True,False,False
2025-02-09,2025-02-16,2590.0,2891.0,sarimax,-198.26400800025294,2692.735991999747,2891.0,2200.0709932227674,2833.160392632376,3206.751222551994,development_oof,4,False,True,False,False
2025-02-09,2025-02-16,2590.0,2891.0,sarimax_boosting_hybrid,-192.7896781639156,2698.2103218360844,2891.0,2200.0709932227674,2833.160392632376,3206.751222551994,development_oof,2,False,True,False,False
2025-02-09,2025-02-16,2590.0,2891.0,seven_day_drift,-614.0,2277.0,2891.0,2200.0709932227674,2833.160392632376,3206.751222551994,development_oof,4,False,True,False,False
2025-02-09,2025-02-16,2590.0,2891.0,validation_weighted_ensemble,-409.08322403346256,2481.9167759665374,2891.0,2200.0709932227674,2833.160392632376,3206.751222551994,development_oof,4,False,True,False,False
2025-02-09,2025-02-16,2590.0,2891.0,xgboost,27.41659927368164,2918.4165992736816,2891.0,2200.0709932227674,2833.160392632376,3206.751222551994,development_oof,4,False,True,False,False
2025-02-10,2025-02-17,2549.0,2852.0,catboost,-23.369183844420604,2828.6308161555794,2852.0,2169.9002678606466,2845.226089083713,3157.972806318667,development_oof,4,False,False,False,False
2025-02-10,2025-02-17,2549.0,2852.0,elastic_net,56.88930599435753,2908.8893059943575,2852.0,2169.9002678606466,2845.226089083713,3157.972806318667,development_oof,4,False,False,False,False
2025-02-10,2025-02-17,2549.0,2852.0,ets,-494.02287699094586,2357.977123009054,2852.0,2169.9002678606466,2845.226089083713,3157.972806318667,development_oof,4,False,False,False,False
2025-02-10,2025-02-17,2549.0,2852.0,lightgbm,5.359374451001258,2857.3593744510013,2852.0,2169.9002678606466,2845.226089083713,3157.972806318667,development_oof,4,False,False,False,False
2025-02-10,2025-02-17,2549.0,2852.0,persistence,0.0,2852.0,2852.0,2169.9002678606466,2845.226089083713,3157.972806318667,development_oof,4,False,False,False,False
2025-02-10,2025-02-17,2549.0,2852.0,ridge,42.153571938548794,2894.153571938549,2852.0,2169.9002678606466,2845.226089083713,3157.972806318667,development_oof,4,False,False,False,False
2025-02-10,2025-02-17,2549.0,2852.0,sarimax,-196.19056409459336,2655.8094359054066,2852.0,2169.9002678606466,2845.226089083713,3157.972806318667,development_oof,4,False,False,False,False
2025-02-10,2025-02-17,2549.0,2852.0,sarimax_boosting_hybrid,-163.87406193036895,2688.125938069631,2852.0,2169.9002678606466,2845.226089083713,3157.972806318667,development_oof,2,False,False,False,False
2025-02-10,2025-02-17,2549.0,2852.0,seven_day_drift,-596.0,2256.0,2852.0,2169.9002678606466,2845.226089083713,3157.972806318667,development_oof,4,False,False,False,False
2025-02-10,2025-02-17,2549.0,2852.0,validation_weighted_ensemble,-366.9476735377684,2485.0523264622316,2852.0,2169.9002678606466,2845.226089083713,3157.972806318667,development_oof,4,False,False,False,False
2025-02-10,2025-02-17,2549.0,2852.0,xgboost,27.41659927368164,2879.4165992736816,2852.0,2169.9002678606466,2845.226089083713,3157.972806318667,development_oof,4,False,False,False,False
2025-02-11,2025-02-18,2555.0,2821.0,catboost,-18.630245590130016,2802.36975440987,2821.0,2138.9002678606466,2816.3505722012883,3121.575612769342,development_oof,4,False,False,False,False
2025-02-11,2025-02-18,2555.0,2821.0,elastic_net,41.31800983734365,2862.3180098373437,2821.0,2138.9002678606466,2816.3505722012883,3121.575612769342,development_oof,4,False,False,False,False
2025-02-11,2025-02-18,2555.0,2821.0,ets,-494.00630846860486,2326.993691531395,2821.0,2138.9002678606466,2816.3505722012883,3121.575612769342,development_oof,4,False,False,False,False
2025-02-11,2025-02-18,2555.0,2821.0,lightgbm,3.4477167965333138,2824.4477167965333,2821.0,2138.9002678606466,2816.3505722012883,3121.575612769342,development_oof,4,False,False,False,False
2025-02-11,2025-02-18,2555.0,2821.0,persistence,0.0,2821.0,2821.0,2138.9002678606466,2816.3505722012883,3121.575612769342,development_oof,4,False,False,False,False
2025-02-11,2025-02-18,2555.0,2821.0,ridge,30.921440306680324,2851.9214403066803,2821.0,2138.9002678606466,2816.3505722012883,3121.575612769342,development_oof,4,False,False,False,False
2025-02-11,2025-02-18,2555.0,2821.0,sarimax,-194.31684600558447,2626.6831539944155,2821.0,2138.9002678606466,2816.3505722012883,3121.575612769342,development_oof,4,False,False,False,False
2025-02-11,2025-02-18,2555.0,2821.0,sarimax_boosting_hybrid,-162.00034384136006,2658.99965615864,2821.0,2138.9002678606466,2816.3505722012883,3121.575612769342,development_oof,2,False,False,False,False
2025-02-11,2025-02-18,2555.0,2821.0,seven_day_drift,-592.0,2229.0,2821.0,2138.9002678606466,2816.3505722012883,3121.575612769342,development_oof,4,False,False,False,False
2025-02-11,2025-02-18,2555.0,2821.0,validation_weighted_ensemble,-362.6520982360521,2458.347901763948,2821.0,2138.9002678606466,2816.3505722012883,3121.575612769342,development_oof,4,False,False,False,False
2025-02-11,2025-02-18,2555.0,2821.0,xgboost,27.41659927368164,2848.4165992736816,2821.0,2138.9002678606466,2816.3505722012883,3121.575612769342,development_oof,4,False,False,False,False
2025-02-12,2025-02-19,2545.0,2772.0,catboost,-27.007120705683974,2744.992879294316,2772.0,2089.9002678606466,2747.3371133001287,2985.4256210230574,development_oof,4,False,False,False,False
2025-02-12,2025-02-19,2545.0,2772.0,elastic_net,23.86223800704829,2795.8622380070483,2772.0,2089.9002678606466,2747.3371133001287,2985.4256210230574,development_oof,4,False,False,False,False
2025-02-12,2025-02-19,2545.0,2772.0,ets,-493.9930536507318,2278.006946349268,2772.0,2089.9002678606466,2747.3371133001287,2985.4256210230574,development_oof,4,False,False,False,False
2025-02-12,2025-02-19,2545.0,2772.0,lightgbm,-1.9692414115775136,2770.0307585884225,2772.0,2089.9002678606466,2747.3371133001287,2985.4256210230574,development_oof,4,False,False,False,False
2025-02-12,2025-02-19,2545.0,2772.0,persistence,0.0,2772.0,2772.0,2089.9002678606466,2747.3371133001287,2985.4256210230574,development_oof,4,False,False,False,False
2025-02-12,2025-02-19,2545.0,2772.0,ridge,12.44086547324514,2784.440865473245,2772.0,2089.9002678606466,2747.3371133001287,2985.4256210230574,development_oof,4,False,False,False,False
2025-02-12,2025-02-19,2545.0,2772.0,sarimax,-192.6258103007499,2579.37418969925,2772.0,2089.9002678606466,2747.3371133001287,2985.4256210230574,development_oof,4,False,False,False,False
2025-02-12,2025-02-19,2545.0,2772.0,sarimax_boosting_hybrid,-166.55487829416734,2605.4451217058327,2772.0,2089.9002678606466,2747.3371133001287,2985.4256210230574,development_oof,2,False,False,False,False
2025-02-12,2025-02-19,2545.0,2772.0,seven_day_drift,-554.0,2218.0,2772.0,2089.9002678606466,2747.3371133001287,2985.4256210230574,development_oof,4,False,False,False,False
2025-02-12,2025-02-19,2545.0,2772.0,validation_weighted_ensemble,-343.2028482822734,2428.7971517177266,2772.0,2089.9002678606466,2747.3371133001287,2985.4256210230574,development_oof,4,False,False,False,False
2025-02-12,2025-02-19,2545.0,2772.0,xgboost,27.41659927368164,2799.4165992736816,2772.0,2089.9002678606466,2747.3371133001287,2985.4256210230574,development_oof,4,False,False,False,False
2025-02-13,2025-02-20,2545.0,2713.0,catboost,-53.70661021024125,2659.2933897897587,2713.0,2030.9002678606469,2658.0059554305517,2900.6443713658978,development_oof,4,False,True,False,False
2025-02-13,2025-02-20,2545.0,2713.0,elastic_net,50.396435431344344,2763.3964354313443,2713.0,2030.9002678606469,2658.0059554305517,2900.6443713658978,development_oof,4,False,True,False,False
2025-02-13,2025-02-20,2545.0,2713.0,ets,-493.9824497964337,2219.0175502035663,2713.0,2030.9002678606469,2658.0059554305517,2900.6443713658978,development_oof,4,False,True,False,False
2025-02-13,2025-02-20,2545.0,2713.0,lightgbm,-33.70961502776254,2679.2903849722375,2713.0,2030.9002678606469,2658.0059554305517,2900.6443713658978,development_oof,4,False,True,False,False
2025-02-13,2025-02-20,2545.0,2713.0,persistence,0.0,2713.0,2713.0,2030.9002678606469,2658.0059554305517,2900.6443713658978,development_oof,4,False,True,False,False
2025-02-13,2025-02-20,2545.0,2713.0,ridge,26.657697495067623,2739.6576974950676,2713.0,2030.9002678606469,2658.0059554305517,2900.6443713658978,development_oof,4,False,True,False,False
2025-02-13,2025-02-20,2545.0,2713.0,sarimax,-191.101828843779,2521.898171156221,2713.0,2030.9002678606469,2658.0059554305517,2900.6443713658978,development_oof,4,False,True,False,False
2025-02-13,2025-02-20,2545.0,2713.0,sarimax_boosting_hybrid,-169.83415989817013,2543.16584010183,2713.0,2030.9002678606469,2658.0059554305517,2900.6443713658978,development_oof,2,False,True,False,False
2025-02-13,2025-02-20,2545.0,2713.0,seven_day_drift,-500.0,2213.0,2713.0,2030.9002678606469,2658.0059554305517,2900.6443713658978,development_oof,4,False,True,False,False
2025-02-13,2025-02-20,2545.0,2713.0,validation_weighted_ensemble,-321.4826440840966,2391.5173559159034,2713.0,2030.9002678606469,2658.0059554305517,2900.6443713658978,development_oof,4,False,True,False,False
2025-02-13,2025-02-20,2545.0,2713.0,xgboost,27.41659927368164,2740.4165992736816,2713.0,2030.9002678606469,2658.0059554305517,2900.6443713658978,development_oof,4,False,True,False,False
2025-02-14,2025-02-21,2510.0,2672.0,catboost,25.128626030192663,2697.1286260301927,2672.0,1989.9002678606469,2673.5440987155325,2857.457514583192,development_oof,4,True,False,False,False
2025-02-14,2025-02-21,2510.0,2672.0,elastic_net,132.28364792143202,2804.283647921432,2672.0,1989.9002678606469,2673.5440987155325,2857.457514583192,development_oof,4,True,False,False,False
2025-02-14,2025-02-21,2510.0,2672.0,ets,-493.97396671299475,2178.0260332870052,2672.0,1989.9002678606469,2673.5440987155325,2857.457514583192,development_oof,4,True,False,False,False
2025-02-14,2025-02-21,2510.0,2672.0,lightgbm,10.14052697741181,2682.140526977412,2672.0,1989.9002678606469,2673.5440987155325,2857.457514583192,development_oof,4,True,False,False,False
2025-02-14,2025-02-21,2510.0,2672.0,persistence,0.0,2672.0,2672.0,1989.9002678606469,2673.5440987155325,2857.457514583192,development_oof,4,True,False,False,False
2025-02-14,2025-02-21,2510.0,2672.0,ridge,109.92740576673214,2781.927405766732,2672.0,1989.9002678606469,2673.5440987155325,2857.457514583192,development_oof,4,True,False,False,False
2025-02-14,2025-02-21,2510.0,2672.0,sarimax,-189.7306316695499,2482.26936833045,2672.0,1989.9002678606469,2673.5440987155325,2857.457514583192,development_oof,4,True,False,False,False
2025-02-14,2025-02-21,2510.0,2672.0,sarimax_boosting_hybrid,-157.4141295053255,2514.5858704946745,2672.0,1989.9002678606469,2673.5440987155325,2857.457514583192,development_oof,2,True,False,False,False
2025-02-14,2025-02-21,2510.0,2672.0,seven_day_drift,-434.0,2238.0,2672.0,1989.9002678606469,2673.5440987155325,2857.457514583192,development_oof,4,True,False,False,False
2025-02-14,2025-02-21,2510.0,2672.0,validation_weighted_ensemble,-250.34854958792312,2421.651450412077,2672.0,1989.9002678606469,2673.5440987155325,2857.457514583192,development_oof,4,True,False,False,False
2025-02-14,2025-02-21,2510.0,2672.0,xgboost,27.41659927368164,2699.4165992736816,2672.0,1989.9002678606469,2673.5440987155325,2857.457514583192,development_oof,4,True,False,False,False
2025-02-15,2025-02-22,2474.0,2632.0,catboost,26.513662801526607,2658.5136628015266,2632.0,1949.9002678606469,2642.1039555243206,2852.0896749256835,development_oof,4,True,False,False,False
2025-02-15,2025-02-22,2474.0,2632.0,elastic_net,140.55080475386876,2772.5508047538688,2632.0,1949.9002678606469,2642.1039555243206,2852.0896749256835,development_oof,4,True,False,False,False
2025-02-15,2025-02-22,2474.0,2632.0,ets,-493.96718024624397,2138.032819753756,2632.0,1949.9002678606469,2642.1039555243206,2852.0896749256835,development_oof,4,True,False,False,False
2025-02-15,2025-02-22,2474.0,2632.0,lightgbm,12.895560042039506,2644.8955600420395,2632.0,1949.9002678606469,2642.1039555243206,2852.0896749256835,development_oof,4,True,False,False,False
2025-02-15,2025-02-22,2474.0,2632.0,persistence,0.0,2632.0,2632.0,1949.9002678606469,2642.1039555243206,2852.0896749256835,development_oof,4,True,False,False,False
2025-02-15,2025-02-22,2474.0,2632.0,ridge,127.99226747697321,2759.992267476973,2632.0,1949.9002678606469,2642.1039555243206,2852.0896749256835,development_oof,4,True,False,False,False
2025-02-15,2025-02-22,2474.0,2632.0,sarimax,-188.49916353797062,2443.5008364620294,2632.0,1949.9002678606469,2642.1039555243206,2852.0896749256835,development_oof,4,True,False,False,False
2025-02-15,2025-02-22,2474.0,2632.0,sarimax_boosting_hybrid,-139.37401917132365,2492.6259808286763,2632.0,1949.9002678606469,2642.1039555243206,2852.0896749256835,development_oof,2,True,False,False,False
2025-02-15,2025-02-22,2474.0,2632.0,seven_day_drift,-366.0,2266.0,2632.0,1949.9002678606469,2642.1039555243206,2852.0896749256835,development_oof,4,True,False,False,False
2025-02-15,2025-02-22,2474.0,2632.0,validation_weighted_ensemble,-208.99453487938945,2423.0054651206106,2632.0,1949.9002678606469,2642.1039555243206,2852.0896749256835,development_oof,4,True,False,False,False
2025-02-15,2025-02-22,2474.0,2632.0,xgboost,27.41659927368164,2659.4165992736816,2632.0,1949.9002678606469,2642.1039555243206,2852.0896749256835,development_oof,4,True,False,False,False
2025-02-16,2025-02-23,2439.0,2590.0,catboost,61.632788262528265,2651.6327882625283,2590.0,1908.6697918870345,2617.592343942511,2875.4422319118094,development_oof,4,True,False,False,False
2025-02-16,2025-02-23,2439.0,2590.0,elastic_net,96.42564067310832,2686.4256406731083,2590.0,1908.6697918870345,2617.592343942511,2875.4422319118094,development_oof,4,True,False,False,False
2025-02-16,2025-02-23,2439.0,2590.0,ets,-493.9617510728431,2096.038248927157,2590.0,1908.6697918870345,2617.592343942511,2875.4422319118094,development_oof,4,True,False,False,False
2025-02-16,2025-02-23,2439.0,2590.0,lightgbm,42.592504518646365,2632.5925045186464,2590.0,1908.6697918870345,2617.592343942511,2875.4422319118094,development_oof,4,True,False,False,False
2025-02-16,2025-02-23,2439.0,2590.0,persistence,0.0,2590.0,2590.0,1908.6697918870345,2617.592343942511,2875.4422319118094,development_oof,4,True,False,False,False
2025-02-16,2025-02-23,2439.0,2590.0,ridge,90.02674094558915,2680.026740945589,2590.0,1908.6697918870345,2617.592343942511,2875.4422319118094,development_oof,4,True,False,False,False
2025-02-16,2025-02-23,2439.0,2590.0,sarimax,-187.39548486170224,2402.6045151382978,2590.0,1908.6697918870345,2617.592343942511,2875.4422319118094,development_oof,4,True,False,False,False
2025-02-16,2025-02-23,2439.0,2590.0,sarimax_boosting_hybrid,-150.9634058546535,2439.0365941453465,2590.0,1908.6697918870345,2617.592343942511,2875.4422319118094,development_oof,2,True,False,False,False
2025-02-16,2025-02-23,2439.0,2590.0,seven_day_drift,-301.0,2289.0,2590.0,1908.6697918870345,2617.592343942511,2875.4422319118094,development_oof,4,True,False,False,False
2025-02-16,2025-02-23,2439.0,2590.0,validation_weighted_ensemble,-155.94688469498897,2434.053115305011,2590.0,1908.6697918870345,2617.592343942511,2875.4422319118094,development_oof,4,True,False,False,False
2025-02-16,2025-02-23,2439.0,2590.0,xgboost,27.41659927368164,2617.4165992736816,2590.0,1908.6697918870345,2617.592343942511,2875.4422319118094,development_oof,4,True,False,False,False
2025-02-17,2025-02-24,2435.0,2549.0,catboost,67.01700624606747,2616.0170062460675,2549.0,1866.9002678606469,2548.3032275828014,2834.1233766022465,development_oof,4,False,False,False,False
2025-02-17,2025-02-24,2435.0,2549.0,elastic_net,69.94063143834728,2618.9406314383473,2549.0,1866.9002678606469,2548.3032275828014,2834.1233766022465,development_oof,4,False,False,False,False
2025-02-17,2025-02-24,2435.0,2549.0,ets,-493.9574077341226,2055.0425922658774,2549.0,1866.9002678606469,2548.3032275828014,2834.1233766022465,development_oof,4,False,False,False,False
2025-02-17,2025-02-24,2435.0,2549.0,lightgbm,8.131091338007536,2557.1310913380075,2549.0,1866.9002678606469,2548.3032275828014,2834.1233766022465,development_oof,4,False,False,False,False
2025-02-17,2025-02-24,2435.0,2549.0,persistence,0.0,2549.0,2549.0,1866.9002678606469,2548.3032275828014,2834.1233766022465,development_oof,4,False,False,False,False
2025-02-17,2025-02-24,2435.0,2549.0,ridge,61.973704639903644,2610.9737046399036,2549.0,1866.9002678606469,2548.3032275828014,2834.1233766022465,development_oof,4,False,False,False,False
2025-02-17,2025-02-24,2435.0,2549.0,sarimax,-186.40867625633837,2362.5913237436616,2549.0,1866.9002678606469,2548.3032275828014,2834.1233766022465,development_oof,4,False,False,False,False
2025-02-17,2025-02-24,2435.0,2549.0,sarimax_boosting_hybrid,-137.2835318896914,2411.7164681103086,2549.0,1866.9002678606469,2548.3032275828014,2834.1233766022465,development_oof,2,False,False,False,False
2025-02-17,2025-02-24,2435.0,2549.0,seven_day_drift,-303.0,2246.0,2549.0,1866.9002678606469,2548.3032275828014,2834.1233766022465,development_oof,4,False,False,False,False
2025-02-17,2025-02-24,2435.0,2549.0,validation_weighted_ensemble,-154.99319750157292,2394.006802498427,2549.0,1866.9002678606469,2548.3032275828014,2834.1233766022465,development_oof,4,False,False,False,False
2025-02-17,2025-02-24,2435.0,2549.0,xgboost,27.41659927368164,2576.4165992736816,2549.0,1866.9002678606469,2548.3032275828014,2834.1233766022465,development_oof,4,False,False,False,False
2025-02-18,2025-02-25,2420.0,2555.0,catboost,73.6503388462138,2628.650338846214,2555.0,1870.0711290612028,2562.1126505294746,2849.3618230458587,development_oof,4,False,False,True,False
2025-02-18,2025-02-25,2420.0,2555.0,elastic_net,133.0361168546683,2688.0361168546683,2555.0,1870.0711290612028,2562.1126505294746,2849.3618230458587,development_oof,4,False,False,True,False
2025-02-18,2025-02-25,2420.0,2555.0,ets,-493.953933063146,2061.046066936854,2555.0,1870.0711290612028,2562.1126505294746,2849.3618230458587,development_oof,4,False,False,True,False
2025-02-18,2025-02-25,2420.0,2555.0,lightgbm,41.13078134510397,2596.130781345104,2555.0,1870.0711290612028,2562.1126505294746,2849.3618230458587,development_oof,4,False,False,True,False
2025-02-18,2025-02-25,2420.0,2555.0,persistence,0.0,2555.0,2555.0,1870.0711290612028,2562.1126505294746,2849.3618230458587,development_oof,4,False,False,True,False
2025-02-18,2025-02-25,2420.0,2555.0,ridge,128.56148624969364,2683.5614862496936,2555.0,1870.0711290612028,2562.1126505294746,2849.3618230458587,development_oof,4,False,False,True,False
2025-02-18,2025-02-25,2420.0,2555.0,sarimax,-185.52875119523878,2369.471248804761,2555.0,1870.0711290612028,2562.1126505294746,2849.3618230458587,development_oof,4,False,False,True,False
2025-02-18,2025-02-25,2420.0,2555.0,sarimax_boosting_hybrid,-136.40360682859182,2418.596393171408,2555.0,1870.0711290612028,2562.1126505294746,2849.3618230458587,development_oof,2,False,False,True,False
2025-02-18,2025-02-25,2420.0,2555.0,seven_day_drift,-266.0,2289.0,2555.0,1870.0711290612028,2562.1126505294746,2849.3618230458587,development_oof,4,False,False,True,False
2025-02-18,2025-02-25,2420.0,2555.0,validation_weighted_ensemble,-130.13986446151466,2424.8601355384853,2555.0,1870.0711290612028,2562.1126505294746,2849.3618230458587,development_oof,4,False,False,True,False
2025-02-18,2025-02-25,2420.0,2555.0,xgboost,27.41659927368164,2582.4165992736816,2555.0,1870.0711290612028,2562.1126505294746,2849.3618230458587,development_oof,4,False,False,True,False
2025-02-19,2025-02-26,2432.0,2545.0,catboost,102.11862663868169,2647.1186266386817,2545.0,1908.5279004493518,2622.744840609058,2846.2954105066146,development_oof,4,False,False,False,False
2025-02-19,2025-02-26,2432.0,2545.0,elastic_net,139.13391708765175,2684.1339170876518,2545.0,1908.5279004493518,2622.744840609058,2846.2954105066146,development_oof,4,False,False,False,False
2025-02-19,2025-02-26,2432.0,2545.0,ets,-493.9511533263649,2051.048846673635,2545.0,1908.5279004493518,2622.744840609058,2846.2954105066146,development_oof,4,False,False,False,False
2025-02-19,2025-02-26,2432.0,2545.0,lightgbm,81.33945098775848,2626.3394509877585,2545.0,1908.5279004493518,2622.744840609058,2846.2954105066146,development_oof,4,False,False,False,False
2025-02-19,2025-02-26,2432.0,2545.0,persistence,0.0,2545.0,2545.0,1908.5279004493518,2622.744840609058,2846.2954105066146,development_oof,4,False,False,False,False
2025-02-19,2025-02-26,2432.0,2545.0,ridge,136.4562120306623,2681.4562120306623,2545.0,1908.5279004493518,2622.744840609058,2846.2954105066146,development_oof,4,False,False,False,False
2025-02-19,2025-02-26,2432.0,2545.0,sarimax,-184.74657717749142,2360.2534228225086,2545.0,1908.5279004493518,2622.744840609058,2846.2954105066146,development_oof,4,False,False,False,False
2025-02-19,2025-02-26,2432.0,2545.0,sarimax_boosting_hybrid,-135.62143281084445,2409.3785671891555,2545.0,1908.5279004493518,2622.744840609058,2846.2954105066146,development_oof,2,False,False,False,False
2025-02-19,2025-02-26,2432.0,2545.0,seven_day_drift,-227.0,2318.0,2545.0,1908.5279004493518,2622.744840609058,2846.2954105066146,development_oof,4,False,False,False,False
2025-02-19,2025-02-26,2432.0,2545.0,validation_weighted_ensemble,-95.35254934452723,2449.6474506554728,2545.0,1908.5279004493518,2622.744840609058,2846.2954105066146,development_oof,4,False,False,False,False
2025-02-19,2025-02-26,2432.0,2545.0,xgboost,27.41659927368164,2572.4165992736816,2545.0,1908.5279004493518,2622.744840609058,2846.2954105066146,development_oof,4,False,False,False,False
2025-02-20,2025-02-27,2406.0,2545.0,catboost,102.34704714386817,2647.347047143868,2545.0,2028.2630310969266,2628.5292342622743,2862.157115676161,development_oof,4,False,False,False,False
2025-02-20,2025-02-27,2406.0,2545.0,elastic_net,178.19000544017626,2723.1900054401763,2545.0,2028.2630310969266,2628.5292342622743,2862.157115676161,development_oof,4,False,False,False,False
2025-02-20,2025-02-27,2406.0,2545.0,ets,-493.9489295369399,2051.05107046306,2545.0,2028.2630310969266,2628.5292342622743,2862.157115676161,development_oof,4,False,False,False,False
2025-02-20,2025-02-27,2406.0,2545.0,lightgbm,108.46366074176103,2653.463660741761,2545.0,2028.2630310969266,2628.5292342622743,2862.157115676161,development_oof,4,False,False,False,False
2025-02-20,2025-02-27,2406.0,2545.0,persistence,0.0,2545.0,2545.0,2028.2630310969266,2628.5292342622743,2862.157115676161,development_oof,4,False,False,False,False
2025-02-20,2025-02-27,2406.0,2545.0,ridge,171.62338649524554,2716.6233864952455,2545.0,2028.2630310969266,2628.5292342622743,2862.157115676161,development_oof,4,False,False,False,False
2025-02-20,2025-02-27,2406.0,2545.0,sarimax,-184.05380113318188,2360.946198866818,2545.0,2028.2630310969266,2628.5292342622743,2862.157115676161,development_oof,4,False,False,False,False
2025-02-20,2025-02-27,2406.0,2545.0,sarimax_boosting_hybrid,-147.62172212613314,2397.378277873867,2545.0,2028.2630310969266,2628.5292342622743,2862.157115676161,development_oof,2,False,False,False,False
2025-02-20,2025-02-27,2406.0,2545.0,seven_day_drift,-168.0,2377.0,2545.0,2028.2630310969266,2628.5292342622743,2862.157115676161,development_oof,4,False,False,False,False
2025-02-20,2025-02-27,2406.0,2545.0,validation_weighted_ensemble,-59.86118114245255,2485.1388188575474,2545.0,2028.2630310969266,2628.5292342622743,2862.157115676161,development_oof,4,False,False,False,False
2025-02-20,2025-02-27,2406.0,2545.0,xgboost,27.41659927368164,2572.4165992736816,2545.0,2028.2630310969266,2628.5292342622743,2862.157115676161,development_oof,4,False,False,False,False
2025-02-21,2025-02-28,2378.0,2510.0,catboost,107.41681025944308,2617.416810259443,2510.0,2014.3191287131335,2591.3550695475465,2780.750487618902,development_oof,4,True,False,False,False
2025-02-21,2025-02-28,2378.0,2510.0,elastic_net,192.5957596294793,2702.5957596294793,2510.0,2014.3191287131335,2591.3550695475465,2780.750487618902,development_oof,4,True,False,False,False
2025-02-21,2025-02-28,2378.0,2510.0,ets,-493.94715050540003,2016.0528494946,2510.0,2014.3191287131335,2591.3550695475465,2780.750487618902,development_oof,4,True,False,False,False
2025-02-21,2025-02-28,2378.0,2510.0,lightgbm,108.46366074176103,2618.463660741761,2510.0,2014.3191287131335,2591.3550695475465,2780.750487618902,development_oof,4,True,False,False,False
2025-02-21,2025-02-28,2378.0,2510.0,persistence,0.0,2510.0,2510.0,2014.3191287131335,2591.3550695475465,2780.750487618902,development_oof,4,True,False,False,False
2025-02-21,2025-02-28,2378.0,2510.0,ridge,183.7436076568565,2693.7436076568565,2510.0,2014.3191287131335,2591.3550695475465,2780.750487618902,development_oof,4,True,False,False,False
2025-02-21,2025-02-28,2378.0,2510.0,sarimax,-183.44278426148003,2326.55721573852,2510.0,2014.3191287131335,2591.3550695475465,2780.750487618902,development_oof,4,True,False,False,False
2025-02-21,2025-02-28,2378.0,2510.0,sarimax_boosting_hybrid,-134.31763989483306,2375.682360105167,2510.0,2014.3191287131335,2591.3550695475465,2780.750487618902,development_oof,2,True,False,False,False
2025-02-21,2025-02-28,2378.0,2510.0,seven_day_drift,-162.0,2348.0,2510.0,2014.3191287131335,2591.3550695475465,2780.750487618902,development_oof,4,True,False,False,False
2025-02-21,2025-02-28,2378.0,2510.0,validation_weighted_ensemble,-54.23327589622295,2455.766724103777,2510.0,2014.3191287131335,2591.3550695475465,2780.750487618902,development_oof,4,True,False,False,False
2025-02-21,2025-02-28,2378.0,2510.0,xgboost,38.353397369384766,2548.3533973693848,2510.0,2014.3191287131335,2591.3550695475465,2780.750487618902,development_oof,4,True,False,False,False
2025-02-22,2025-03-01,2349.0,2474.0,catboost,111.51265414105364,2585.5126541410536,2474.0,2005.4063231100404,2560.568155571537,2773.7836894103657,development_oof,4,True,False,False,False
2025-02-22,2025-03-01,2349.0,2474.0,elastic_net,166.96970366204414,2640.969703662044,2474.0,2005.4063231100404,2560.568155571537,2773.7836894103657,development_oof,4,True,False,False,False
2025-02-22,2025-03-01,2349.0,2474.0,ets,-493.94572728016806,1980.054272719832,2474.0,2005.4063231100404,2560.568155571537,2773.7836894103657,development_oof,4,True,False,False,False
2025-02-22,2025-03-01,2349.0,2474.0,lightgbm,118.64495002408285,2592.644950024083,2474.0,2005.4063231100404,2560.568155571537,2773.7836894103657,development_oof,4,True,False,False,False
2025-02-22,2025-03-01,2349.0,2474.0,persistence,0.0,2474.0,2474.0,2005.4063231100404,2560.568155571537,2773.7836894103657,development_oof,4,True,False,False,False
2025-02-22,2025-03-01,2349.0,2474.0,ridge,169.59079835522607,2643.590798355226,2474.0,2005.4063231100404,2560.568155571537,2773.7836894103657,development_oof,4,True,False,False,False
2025-02-22,2025-03-01,2349.0,2474.0,sarimax,-182.90654037977538,2291.0934596202246,2474.0,2005.4063231100404,2560.568155571537,2773.7836894103657,development_oof,4,True,False,False,False
2025-02-22,2025-03-01,2349.0,2474.0,sarimax_boosting_hybrid,-133.78139601312841,2340.2186039868716,2474.0,2005.4063231100404,2560.568155571537,2773.7836894103657,development_oof,2,True,False,False,False
2025-02-22,2025-03-01,2349.0,2474.0,seven_day_drift,-158.0,2316.0,2474.0,2005.4063231100404,2560.568155571537,2773.7836894103657,development_oof,4,True,False,False,False
2025-02-22,2025-03-01,2349.0,2474.0,validation_weighted_ensemble,-50.19493834357854,2423.8050616564215,2474.0,2005.4063231100404,2560.568155571537,2773.7836894103657,development_oof,4,True,False,False,False
2025-02-22,2025-03-01,2349.0,2474.0,xgboost,38.353397369384766,2512.3533973693848,2474.0,2005.4063231100404,2560.568155571537,2773.7836894103657,development_oof,4,True,False,False,False
2025-02-23,2025-03-02,2321.0,2439.0,catboost,98.0430061905904,2537.0430061905904,2439.0,1970.4063231100404,2525.568155571537,2751.317311451265,development_oof,4,False,False,False,False
2025-02-23,2025-03-02,2321.0,2439.0,elastic_net,172.28350070759598,2611.283500707596,2439.0,1970.4063231100404,2525.568155571537,2751.317311451265,development_oof,4,False,False,False,False
2025-02-23,2025-03-02,2321.0,2439.0,ets,-493.94458869998243,1945.0554113000176,2439.0,1970.4063231100404,2525.568155571537,2751.317311451265,development_oof,4,False,False,False,False
2025-02-23,2025-03-02,2321.0,2439.0,lightgbm,115.60756448910706,2554.607564489107,2439.0,1970.4063231100404,2525.568155571537,2751.317311451265,development_oof,4,False,False,False,False
2025-02-23,2025-03-02,2321.0,2439.0,persistence,0.0,2439.0,2439.0,1970.4063231100404,2525.568155571537,2751.317311451265,development_oof,4,False,False,False,False
2025-02-23,2025-03-02,2321.0,2439.0,ridge,175.72992285558394,2614.729922855584,2439.0,1970.4063231100404,2525.568155571537,2751.317311451265,development_oof,4,False,False,False,False
2025-02-23,2025-03-02,2321.0,2439.0,sarimax,-182.43868026511063,2256.5613197348894,2439.0,1970.4063231100404,2525.568155571537,2751.317311451265,development_oof,4,False,False,False,False
2025-02-23,2025-03-02,2321.0,2439.0,sarimax_boosting_hybrid,-133.31353589846367,2305.6864641015363,2439.0,1970.4063231100404,2525.568155571537,2751.317311451265,development_oof,2,False,False,False,False
2025-02-23,2025-03-02,2321.0,2439.0,seven_day_drift,-151.0,2288.0,2439.0,1970.4063231100404,2525.568155571537,2751.317311451265,development_oof,4,False,False,False,False
2025-02-23,2025-03-02,2321.0,2439.0,validation_weighted_ensemble,-51.38279752376366,2387.6172024762363,2439.0,1970.4063231100404,2525.568155571537,2751.317311451265,development_oof,4,False,False,False,False
2025-02-23,2025-03-02,2321.0,2439.0,xgboost,38.353397369384766,2477.3533973693848,2439.0,1970.4063231100404,2525.568155571537,2751.317311451265,development_oof,4,False,False,False,False
2025-02-24,2025-03-03,2316.0,2435.0,catboost,98.88504639584471,2533.8850463958447,2435.0,2097.640416565315,2523.7423202862647,2752.52616857355,development_oof,4,False,False,False,False
2025-02-24,2025-03-03,2316.0,2435.0,elastic_net,156.03458844494526,2591.0345884449453,2435.0,2097.640416565315,2523.7423202862647,2752.52616857355,development_oof,4,False,False,False,False
2025-02-24,2025-03-03,2316.0,2435.0,ets,-493.943677835834,1941.056322164166,2435.0,2097.640416565315,2523.7423202862647,2752.52616857355,development_oof,4,False,False,False,False
2025-02-24,2025-03-03,2316.0,2435.0,lightgbm,99.97198457926515,2534.971984579265,2435.0,2097.640416565315,2523.7423202862647,2752.52616857355,development_oof,4,False,False,False,False
2025-02-24,2025-03-03,2316.0,2435.0,persistence,0.0,2435.0,2435.0,2097.640416565315,2523.7423202862647,2752.52616857355,development_oof,4,False,False,False,False
2025-02-24,2025-03-03,2316.0,2435.0,ridge,157.24751701867126,2592.2475170186713,2435.0,2097.640416565315,2523.7423202862647,2752.52616857355,development_oof,4,False,False,False,False
2025-02-24,2025-03-03,2316.0,2435.0,sarimax,-182.03336064232053,2252.9666393576795,2435.0,2097.640416565315,2523.7423202862647,2752.52616857355,development_oof,4,False,False,False,False
2025-02-24,2025-03-03,2316.0,2435.0,sarimax_boosting_hybrid,-132.90821627567357,2302.0917837243264,2435.0,2097.640416565315,2523.7423202862647,2752.52616857355,development_oof,2,False,False,False,False
2025-02-24,2025-03-03,2316.0,2435.0,seven_day_drift,-114.0,2321.0,2435.0,2097.640416565315,2523.7423202862647,2752.52616857355,development_oof,4,False,False,False,False
2025-02-24,2025-03-03,2316.0,2435.0,validation_weighted_ensemble,-28.845981441661934,2406.154018558338,2435.0,2097.640416565315,2523.7423202862647,2752.52616857355,development_oof,4,False,False,False,False
2025-02-24,2025-03-03,2316.0,2435.0,xgboost,38.353397369384766,2473.3533973693848,2435.0,2097.640416565315,2523.7423202862647,2752.52616857355,development_oof,4,False,False,False,False
2025-02-25,2025-03-04,2297.0,2420.0,catboost,87.59200353074084,2507.592003530741,2420.0,2002.3682368765399,2498.0818746151185,2687.0381087321553,development_oof,4,False,False,False,False
2025-02-25,2025-03-04,2297.0,2420.0,elastic_net,111.48967775857,2531.48967775857,2420.0,2002.3682368765399,2498.0818746151185,2687.0381087321553,development_oof,4,False,False,False,False
2025-02-25,2025-03-04,2297.0,2420.0,ets,-493.9429491445153,1926.0570508554847,2420.0,2002.3682368765399,2498.0818746151185,2687.0381087321553,development_oof,4,False,False,False,False
2025-02-25,2025-03-04,2297.0,2420.0,lightgbm,97.09553698670561,2517.0955369867056,2420.0,2002.3682368765399,2498.0818746151185,2687.0381087321553,development_oof,4,False,False,False,False
2025-02-25,2025-03-04,2297.0,2420.0,persistence,0.0,2420.0,2420.0,2002.3682368765399,2498.0818746151185,2687.0381087321553,development_oof,4,False,False,False,False
2025-02-25,2025-03-04,2297.0,2420.0,ridge,121.35889754552545,2541.3588975455255,2420.0,2002.3682368765399,2498.0818746151185,2687.0381087321553,development_oof,4,False,False,False,False
2025-02-25,2025-03-04,2297.0,2420.0,sarimax,-181.68523752988222,2238.314762470118,2420.0,2002.3682368765399,2498.0818746151185,2687.0381087321553,development_oof,4,False,False,False,False
2025-02-25,2025-03-04,2297.0,2420.0,sarimax_boosting_hybrid,-132.56009316323525,2287.4399068367647,2420.0,2002.3682368765399,2498.0818746151185,2687.0381087321553,development_oof,2,False,False,False,False
2025-02-25,2025-03-04,2297.0,2420.0,seven_day_drift,-135.0,2285.0,2420.0,2002.3682368765399,2498.0818746151185,2687.0381087321553,development_oof,4,False,False,False,False
2025-02-25,2025-03-04,2297.0,2420.0,validation_weighted_ensemble,-45.96319858770357,2374.0368014122964,2420.0,2002.3682368765399,2498.0818746151185,2687.0381087321553,development_oof,4,False,False,False,False
2025-02-25,2025-03-04,2297.0,2420.0,xgboost,38.353397369384766,2458.3533973693848,2420.0,2002.3682368765399,2498.0818746151185,2687.0381087321553,development_oof,4,False,False,False,False
2025-02-26,2025-03-05,2258.0,2432.0,catboost,81.74198741088821,2513.741987410888,2432.0,2067.553222168408,2497.3251477627123,2725.0076299275725,development_oof,4,False,False,False,False
2025-02-26,2025-03-05,2258.0,2432.0,elastic_net,149.25492148819058,2581.2549214881906,2432.0,2067.553222168408,2497.3251477627123,2725.0076299275725,development_oof,4,False,False,False,False
2025-02-26,2025-03-05,2258.0,2432.0,ets,-493.9423661914602,1938.0576338085398,2432.0,2067.553222168408,2497.3251477627123,2725.0076299275725,development_oof,4,False,False,False,False
2025-02-26,2025-03-05,2258.0,2432.0,lightgbm,86.73945771865692,2518.739457718657,2432.0,2067.553222168408,2497.3251477627123,2725.0076299275725,development_oof,4,False,False,False,False
2025-02-26,2025-03-05,2258.0,2432.0,persistence,0.0,2432.0,2432.0,2067.553222168408,2497.3251477627123,2725.0076299275725,development_oof,4,False,False,False,False
2025-02-26,2025-03-05,2258.0,2432.0,ridge,155.51127514129166,2587.5112751412917,2432.0,2067.553222168408,2497.3251477627123,2725.0076299275725,development_oof,4,False,False,False,False
2025-02-26,2025-03-05,2258.0,2432.0,sarimax,-181.38942359595876,2250.6105764040412,2432.0,2067.553222168408,2497.3251477627123,2725.0076299275725,development_oof,4,False,False,False,False
2025-02-26,2025-03-05,2258.0,2432.0,sarimax_boosting_hybrid,-132.2642792293118,2299.735720770688,2432.0,2067.553222168408,2497.3251477627123,2725.0076299275725,development_oof,2,False,False,False,False
2025-02-26,2025-03-05,2258.0,2432.0,seven_day_drift,-113.0,2319.0,2432.0,2067.553222168408,2497.3251477627123,2725.0076299275725,development_oof,4,False,False,False,False
2025-02-26,2025-03-05,2258.0,2432.0,validation_weighted_ensemble,-35.103205035644805,2396.896794964355,2432.0,2067.553222168408,2497.3251477627123,2725.0076299275725,development_oof,4,False,False,False,False
2025-02-26,2025-03-05,2258.0,2432.0,xgboost,38.353397369384766,2470.3533973693848,2432.0,2067.553222168408,2497.3251477627123,2725.0076299275725,development_oof,4,False,False,False,False
2025-02-27,2025-03-06,2245.0,2406.0,catboost,79.34552482607523,2485.3455248260752,2406.0,1995.2984574911438,2474.6735848576936,2681.3312027818174,development_oof,4,False,True,False,False
2025-02-27,2025-03-06,2245.0,2406.0,elastic_net,168.68526738263063,2574.6852673826306,2406.0,1995.2984574911438,2474.6735848576936,2681.3312027818174,development_oof,4,False,True,False,False
2025-02-27,2025-03-06,2245.0,2406.0,ets,-493.94189982901617,1912.0581001709838,2406.0,1995.2984574911438,2474.6735848576936,2681.3312027818174,development_oof,4,False,True,False,False
2025-02-27,2025-03-06,2245.0,2406.0,lightgbm,84.56366478562722,2490.563664785627,2406.0,1995.2984574911438,2474.6735848576936,2681.3312027818174,development_oof,4,False,True,False,False
2025-02-27,2025-03-06,2245.0,2406.0,persistence,0.0,2406.0,2406.0,1995.2984574911438,2474.6735848576936,2681.3312027818174,development_oof,4,False,True,False,False
2025-02-27,2025-03-06,2245.0,2406.0,ridge,162.14583035553642,2568.1458303555364,2406.0,1995.2984574911438,2474.6735848576936,2681.3312027818174,development_oof,4,False,True,False,False
2025-02-27,2025-03-06,2245.0,2406.0,sarimax,-181.14144910194045,2224.8585508980595,2406.0,1995.2984574911438,2474.6735848576936,2681.3312027818174,development_oof,4,False,True,False,False
2025-02-27,2025-03-06,2245.0,2406.0,sarimax_boosting_hybrid,-120.42603277755916,2285.573967222441,2406.0,1995.2984574911438,2474.6735848576936,2681.3312027818174,development_oof,2,False,True,False,False
2025-02-27,2025-03-06,2245.0,2406.0,seven_day_drift,-139.0,2267.0,2406.0,1995.2984574911438,2474.6735848576936,2681.3312027818174,development_oof,4,False,True,False,False
2025-02-27,2025-03-06,2245.0,2406.0,validation_weighted_ensemble,-51.66179006956963,2354.3382099304304,2406.0,1995.2984574911438,2474.6735848576936,2681.3312027818174,development_oof,4,False,True,False,False
2025-02-27,2025-03-06,2245.0,2406.0,xgboost,38.353397369384766,2444.3533973693848,2406.0,1995.2984574911438,2474.6735848576936,2681.3312027818174,development_oof,4,False,True,False,False
2025-02-28,2025-03-07,2217.0,2378.0,catboost,81.82268161722959,2459.8226816172296,2378.0,1987.455431273447,2446.6735848576936,2651.621640466574,development_oof,4,True,False,False,False
2025-02-28,2025-03-07,2217.0,2378.0,elastic_net,181.6261791334323,2559.6261791334323,2378.0,1987.455431273447,2446.6735848576936,2651.621640466574,development_oof,4,True,False,False,False
2025-02-28,2025-03-07,2217.0,2378.0,ets,-493.9415267390609,1884.058473260939,2378.0,1987.455431273447,2446.6735848576936,2651.621640466574,development_oof,4,True,False,False,False
2025-02-28,2025-03-07,2217.0,2378.0,lightgbm,91.03716433937052,2469.0371643393705,2378.0,1987.455431273447,2446.6735848576936,2651.621640466574,development_oof,4,True,False,False,False
2025-02-28,2025-03-07,2217.0,2378.0,persistence,0.0,2378.0,2378.0,1987.455431273447,2446.6735848576936,2651.621640466574,development_oof,4,True,False,False,False
2025-02-28,2025-03-07,2217.0,2378.0,ridge,176.9394331641638,2554.939433164164,2378.0,1987.455431273447,2446.6735848576936,2651.621640466574,development_oof,4,True,False,False,False
2025-02-28,2025-03-07,2217.0,2378.0,sarimax,-180.93722625227701,2197.062773747723,2378.0,1987.455431273447,2446.6735848576936,2651.621640466574,development_oof,4,True,False,False,False
2025-02-28,2025-03-07,2217.0,2378.0,sarimax_boosting_hybrid,-120.22180992789572,2257.7781900721043,2378.0,1987.455431273447,2446.6735848576936,2651.621640466574,development_oof,2,True,False,False,False
2025-02-28,2025-03-07,2217.0,2378.0,seven_day_drift,-132.0,2246.0,2378.0,1987.455431273447,2446.6735848576936,2651.621640466574,development_oof,4,True,False,False,False
2025-02-28,2025-03-07,2217.0,2378.0,validation_weighted_ensemble,-46.47092735310798,2331.529072646892,2378.0,1987.455431273447,2446.6735848576936,2651.621640466574,development_oof,4,True,False,False,False
2025-02-28,2025-03-07,2217.0,2378.0,xgboost,38.353397369384766,2416.3533973693848,2378.0,1987.455431273447,2446.6735848576936,2651.621640466574,development_oof,4,True,False,False,False
2025-03-01,2025-03-08,2190.0,2349.0,catboost,67.06712103157224,2416.0671210315722,2349.0,1968.2041091875594,2417.6735848576936,2640.5909318275717,development_oof,4,True,False,False,False
2025-03-01,2025-03-08,2190.0,2349.0,elastic_net,147.7496004137315,2496.7496004137315,2349.0,1968.2041091875594,2417.6735848576936,2640.5909318275717,development_oof,4,True,False,False,False
2025-03-01,2025-03-08,2190.0,2349.0,ets,-493.9412282670969,1855.058771732903,2349.0,1968.2041091875594,2417.6735848576936,2640.5909318275717,development_oof,4,True,False,False,False
2025-03-01,2025-03-08,2190.0,2349.0,lightgbm,91.03716433937052,2440.0371643393705,2349.0,1968.2041091875594,2417.6735848576936,2640.5909318275717,development_oof,4,True,False,False,False
2025-03-01,2025-03-08,2190.0,2349.0,persistence,0.0,2349.0,2349.0,1968.2041091875594,2417.6735848576936,2640.5909318275717,development_oof,4,True,False,False,False
2025-03-01,2025-03-08,2190.0,2349.0,ridge,158.8578284496275,2507.8578284496275,2349.0,1968.2041091875594,2417.6735848576936,2640.5909318275717,development_oof,4,True,False,False,False
2025-03-01,2025-03-08,2190.0,2349.0,sarimax,-180.77301654416806,2168.226983455832,2349.0,1968.2041091875594,2417.6735848576936,2640.5909318275717,development_oof,4,True,False,False,False
2025-03-01,2025-03-08,2190.0,2349.0,sarimax_boosting_hybrid,-120.05760021978676,2228.9423997802132,2349.0,1968.2041091875594,2417.6735848576936,2640.5909318275717,development_oof,2,True,False,False,False
2025-03-01,2025-03-08,2190.0,2349.0,seven_day_drift,-125.0,2224.0,2349.0,1968.2041091875594,2417.6735848576936,2640.5909318275717,development_oof,4,True,False,False,False
2025-03-01,2025-03-08,2190.0,2349.0,validation_weighted_ensemble,-48.173151587371194,2300.826848412629,2349.0,1968.2041091875594,2417.6735848576936,2640.5909318275717,development_oof,4,True,False,False,False
2025-03-01,2025-03-08,2190.0,2349.0,xgboost,38.353397369384766,2387.3533973693848,2349.0,1968.2041091875594,2417.6735848576936,2640.5909318275717,development_oof,4,True,False,False,False
2025-03-02,2025-03-09,2162.0,2321.0,catboost,68.68580812202799,2389.685808122028,2321.0,1948.0937696702833,2389.6735848576936,2626.5210218915695,development_oof,4,False,False,False,False
2025-03-02,2025-03-09,2162.0,2321.0,elastic_net,168.91423932605994,2489.91423932606,2321.0,1948.0937696702833,2389.6735848576936,2626.5210218915695,development_oof,4,False,False,False,False
2025-03-02,2025-03-09,2162.0,2321.0,ets,-493.9409894895257,1827.0590105104743,2321.0,1948.0937696702833,2389.6735848576936,2626.5210218915695,development_oof,4,False,False,False,False
2025-03-02,2025-03-09,2162.0,2321.0,lightgbm,91.03716433937052,2412.0371643393705,2321.0,1948.0937696702833,2389.6735848576936,2626.5210218915695,development_oof,4,False,False,False,False
2025-03-02,2025-03-09,2162.0,2321.0,persistence,0.0,2321.0,2321.0,1948.0937696702833,2389.6735848576936,2626.5210218915695,development_oof,4,False,False,False,False
2025-03-02,2025-03-09,2162.0,2321.0,ridge,176.4792451190533,2497.4792451190533,2321.0,1948.0937696702833,2389.6735848576936,2626.5210218915695,development_oof,4,False,False,False,False
2025-03-02,2025-03-09,2162.0,2321.0,sarimax,-180.64540092349898,2140.354599076501,2321.0,1948.0937696702833,2389.6735848576936,2626.5210218915695,development_oof,4,False,False,False,False
2025-03-02,2025-03-09,2162.0,2321.0,sarimax_boosting_hybrid,-119.92998459911769,2201.0700154008823,2321.0,1948.0937696702833,2389.6735848576936,2626.5210218915695,development_oof,2,False,False,False,False
2025-03-02,2025-03-09,2162.0,2321.0,seven_day_drift,-118.0,2203.0,2321.0,1948.0937696702833,2389.6735848576936,2626.5210218915695,development_oof,4,False,False,False,False
2025-03-02,2025-03-09,2162.0,2321.0,validation_weighted_ensemble,-43.325676751188894,2277.674323248811,2321.0,1948.0937696702833,2389.6735848576936,2626.5210218915695,development_oof,4,False,False,False,False
2025-03-02,2025-03-09,2162.0,2321.0,xgboost,38.353397369384766,2359.3533973693848,2321.0,1948.0937696702833,2389.6735848576936,2626.5210218915695,development_oof,4,False,False,False,False
2025-03-03,2025-03-10,2153.0,2316.0,catboost,62.97127714996168,2378.9712771499617,2316.0,1922.9367958879802,2386.8477495724214,2627.16524409272,development_oof,4,False,False,False,False
2025-03-03,2025-03-10,2153.0,2316.0,elastic_net,137.46673543630777,2453.4667354363078,2316.0,1922.9367958879802,2386.8477495724214,2627.16524409272,development_oof,4,False,False,False,False
2025-03-03,2025-03-10,2153.0,2316.0,ets,-493.94079846746854,1822.0592015325315,2316.0,1922.9367958879802,2386.8477495724214,2627.16524409272,development_oof,4,False,False,False,False
2025-03-03,2025-03-10,2153.0,2316.0,lightgbm,80.99375340228426,2396.9937534022843,2316.0,1922.9367958879802,2386.8477495724214,2627.16524409272,development_oof,4,False,False,False,False
2025-03-03,2025-03-10,2153.0,2316.0,persistence,0.0,2316.0,2316.0,1922.9367958879802,2386.8477495724214,2627.16524409272,development_oof,4,False,False,False,False
2025-03-03,2025-03-10,2153.0,2316.0,ridge,145.51853538384557,2461.5185353838456,2316.0,1922.9367958879802,2386.8477495724214,2627.16524409272,development_oof,4,False,False,False,False
2025-03-03,2025-03-10,2153.0,2316.0,sarimax,-180.55125248844388,2135.448747511556,2316.0,1922.9367958879802,2386.8477495724214,2627.16524409272,development_oof,4,False,False,False,False
2025-03-03,2025-03-10,2153.0,2316.0,sarimax_boosting_hybrid,-119.83583616406258,2196.1641638359374,2316.0,1922.9367958879802,2386.8477495724214,2627.16524409272,development_oof,2,False,False,False,False
2025-03-03,2025-03-10,2153.0,2316.0,seven_day_drift,-119.0,2197.0,2316.0,1922.9367958879802,2386.8477495724214,2627.16524409272,development_oof,4,False,False,False,False
2025-03-03,2025-03-10,2153.0,2316.0,validation_weighted_ensemble,-46.211489140015146,2269.788510859985,2316.0,1922.9367958879802,2386.8477495724214,2627.16524409272,development_oof,4,False,False,False,False
2025-03-03,2025-03-10,2153.0,2316.0,xgboost,38.353397369384766,2354.3533973693848,2316.0,1922.9367958879802,2386.8477495724214,2627.16524409272,development_oof,4,False,False,False,False
2025-03-04,2025-03-11,2127.0,2297.0,catboost,62.97127714996168,2359.9712771499617,2297.0,1889.1169147906526,2360.1509830479845,2589.4703161067546,development_oof,4,False,False,False,False
2025-03-04,2025-03-11,2127.0,2297.0,elastic_net,88.66303198717105,2385.663031987171,2297.0,1889.1169147906526,2360.1509830479845,2589.4703161067546,development_oof,4,False,False,False,False
2025-03-04,2025-03-11,2127.0,2297.0,ets,-493.9406456498227,1803.0593543501773,2297.0,1889.1169147906526,2360.1509830479845,2589.4703161067546,development_oof,4,False,False,False,False
2025-03-04,2025-03-11,2127.0,2297.0,lightgbm,86.73945771865692,2383.739457718657,2297.0,1889.1169147906526,2360.1509830479845,2589.4703161067546,development_oof,4,False,False,False,False
2025-03-04,2025-03-11,2127.0,2297.0,persistence,0.0,2297.0,2297.0,1889.1169147906526,2360.1509830479845,2589.4703161067546,development_oof,4,False,False,False,False
2025-03-04,2025-03-11,2127.0,2297.0,ridge,103.40826541152364,2400.4082654115236,2297.0,1889.1169147906526,2360.1509830479845,2589.4703161067546,development_oof,4,False,False,False,False
2025-03-04,2025-03-11,2127.0,2297.0,sarimax,-180.48771152546306,2116.512288474537,2297.0,1889.1169147906526,2360.1509830479845,2589.4703161067546,development_oof,4,False,False,False,False
2025-03-04,2025-03-11,2127.0,2297.0,sarimax_boosting_hybrid,-119.77229520108176,2177.2277047989182,2297.0,1889.1169147906526,2360.1509830479845,2589.4703161067546,development_oof,2,False,False,False,False
2025-03-04,2025-03-11,2127.0,2297.0,seven_day_drift,-123.0,2174.0,2297.0,1889.1169147906526,2360.1509830479845,2589.4703161067546,development_oof,4,False,False,False,False
2025-03-04,2025-03-11,2127.0,2297.0,validation_weighted_ensemble,-48.61148914001524,2248.3885108599848,2297.0,1889.1169147906526,2360.1509830479845,2589.4703161067546,development_oof,4,False,False,False,False
2025-03-04,2025-03-11,2127.0,2297.0,xgboost,38.353397369384766,2335.3533973693848,2297.0,1889.1169147906526,2360.1509830479845,2589.4703161067546,development_oof,4,False,False,False,False
2025-03-05,2025-03-12,2131.0,2258.0,catboost,62.97127714996168,2320.9712771499617,2258.0,1756.164001611847,2315.366589394768,2530.9623192817357,development_oof,4,False,False,False,False
2025-03-05,2025-03-12,2131.0,2258.0,elastic_net,87.96729959016784,2345.967299590168,2258.0,1756.164001611847,2315.366589394768,2530.9623192817357,development_oof,4,False,False,False,False
2025-03-05,2025-03-12,2131.0,2258.0,ets,-493.94052339570635,1764.0594766042936,2258.0,1756.164001611847,2315.366589394768,2530.9623192817357,development_oof,4,False,False,False,False
2025-03-05,2025-03-12,2131.0,2258.0,lightgbm,86.4480440298048,2344.448044029805,2258.0,1756.164001611847,2315.366589394768,2530.9623192817357,development_oof,4,False,False,False,False
2025-03-05,2025-03-12,2131.0,2258.0,persistence,0.0,2258.0,2258.0,1756.164001611847,2315.366589394768,2530.9623192817357,development_oof,4,False,False,False,False
2025-03-05,2025-03-12,2131.0,2258.0,ridge,100.53555818056338,2358.5355581805634,2258.0,1756.164001611847,2315.366589394768,2530.9623192817357,development_oof,4,False,False,False,False
2025-03-05,2025-03-12,2131.0,2258.0,sarimax,-180.45216267897513,2077.547837321025,2258.0,1756.164001611847,2315.366589394768,2530.9623192817357,development_oof,4,False,False,False,False
2025-03-05,2025-03-12,2131.0,2258.0,sarimax_boosting_hybrid,-119.73674635459383,2138.263253645406,2258.0,1756.164001611847,2315.366589394768,2530.9623192817357,development_oof,2,False,False,False,False
2025-03-05,2025-03-12,2131.0,2258.0,seven_day_drift,-174.0,2084.0,2258.0,1756.164001611847,2315.366589394768,2530.9623192817357,development_oof,4,False,False,False,False
2025-03-05,2025-03-12,2131.0,2258.0,validation_weighted_ensemble,-79.2114891400156,2178.7885108599844,2258.0,1756.164001611847,2315.366589394768,2530.9623192817357,development_oof,4,False,False,False,False
2025-03-05,2025-03-12,2131.0,2258.0,xgboost,34.57160186767578,2292.571601867676,2258.0,1756.164001611847,2315.366589394768,2530.9623192817357,development_oof,4,False,False,False,False
2025-03-06,2025-03-13,2136.0,2245.0,catboost,62.97127714996168,2307.9712771499617,2245.0,1743.164001611847,2310.3251477627123,2533.2540246309213,development_oof,4,False,False,False,False
2025-03-06,2025-03-13,2136.0,2245.0,elastic_net,164.01653060817353,2409.0165306081735,2245.0,1743.164001611847,2310.3251477627123,2533.2540246309213,development_oof,4,False,False,False,False
2025-03-06,2025-03-13,2136.0,2245.0,ets,-493.940425592413,1751.059574407587,2245.0,1743.164001611847,2310.3251477627123,2533.2540246309213,development_oof,4,False,False,False,False
2025-03-06,2025-03-13,2136.0,2245.0,lightgbm,80.70233971343168,2325.7023397134317,2245.0,1743.164001611847,2310.3251477627123,2533.2540246309213,development_oof,4,False,False,False,False
2025-03-06,2025-03-13,2136.0,2245.0,persistence,0.0,2245.0,2245.0,1743.164001611847,2310.3251477627123,2533.2540246309213,development_oof,4,False,False,False,False
2025-03-06,2025-03-13,2136.0,2245.0,ridge,166.22107276917586,2411.221072769176,2245.0,1743.164001611847,2310.3251477627123,2533.2540246309213,development_oof,4,False,False,False,False
2025-03-06,2025-03-13,2136.0,2245.0,sarimax,-180.4422140705624,2064.5577859294376,2245.0,1743.164001611847,2310.3251477627123,2533.2540246309213,development_oof,4,False,False,False,False
2025-03-06,2025-03-13,2136.0,2245.0,sarimax_boosting_hybrid,-119.72679774618109,2125.273202253819,2245.0,1743.164001611847,2310.3251477627123,2533.2540246309213,development_oof,2,False,False,False,False
2025-03-06,2025-03-13,2136.0,2245.0,seven_day_drift,-161.0,2084.0,2245.0,1743.164001611847,2310.3251477627123,2533.2540246309213,development_oof,4,False,False,False,False
2025-03-06,2025-03-13,2136.0,2245.0,validation_weighted_ensemble,-71.41148914001542,2173.5885108599846,2245.0,1743.164001611847,2310.3251477627123,2533.2540246309213,development_oof,4,False,False,False,False
2025-03-06,2025-03-13,2136.0,2245.0,xgboost,45.508399963378906,2290.508399963379,2245.0,1743.164001611847,2310.3251477627123,2533.2540246309213,development_oof,4,False,False,False,False
2025-03-07,2025-03-14,2132.0,2217.0,catboost,62.97127714996168,2279.9712771499617,2217.0,1715.164001611847,2280.1509830479845,2488.6357587796792,development_oof,4,True,False,False,False
2025-03-07,2025-03-14,2132.0,2217.0,elastic_net,171.14425618891119,2388.144256188911,2217.0,1715.164001611847,2280.1509830479845,2488.6357587796792,development_oof,4,True,False,False,False
2025-03-07,2025-03-14,2132.0,2217.0,ets,-493.94034734977845,1723.0596526502216,2217.0,1715.164001611847,2280.1509830479845,2488.6357587796792,development_oof,4,True,False,False,False
2025-03-07,2025-03-14,2132.0,2217.0,lightgbm,80.70233971343168,2297.7023397134317,2217.0,1715.164001611847,2280.1509830479845,2488.6357587796792,development_oof,4,True,False,False,False
2025-03-07,2025-03-14,2132.0,2217.0,persistence,0.0,2217.0,2217.0,1715.164001611847,2280.1509830479845,2488.6357587796792,development_oof,4,True,False,False,False
2025-03-07,2025-03-14,2132.0,2217.0,ridge,170.14144628262147,2387.1414462826215,2217.0,1715.164001611847,2280.1509830479845,2488.6357587796792,development_oof,4,True,False,False,False
2025-03-07,2025-03-14,2132.0,2217.0,sarimax,-180.45567820396627,2036.5443217960337,2217.0,1715.164001611847,2280.1509830479845,2488.6357587796792,development_oof,4,True,False,False,False
2025-03-07,2025-03-14,2132.0,2217.0,sarimax_boosting_hybrid,-119.74026187958498,2097.259738120415,2217.0,1715.164001611847,2280.1509830479845,2488.6357587796792,development_oof,2,True,False,False,False
2025-03-07,2025-03-14,2132.0,2217.0,seven_day_drift,-161.0,2056.0,2217.0,1715.164001611847,2280.1509830479845,2488.6357587796792,development_oof,4,True,False,False,False
2025-03-07,2025-03-14,2132.0,2217.0,validation_weighted_ensemble,-71.41148914001542,2145.5885108599846,2217.0,1715.164001611847,2280.1509830479845,2488.6357587796792,development_oof,4,True,False,False,False
2025-03-07,2025-03-14,2132.0,2217.0,xgboost,45.508399963378906,2262.508399963379,2217.0,1715.164001611847,2280.1509830479845,2488.6357587796792,development_oof,4,True,False,False,False
2025-03-08,2025-03-15,2130.0,2190.0,catboost,58.51025170646062,2248.5102517064606,2190.0,1688.164001611847,2253.1509830479845,2464.0858405467384,development_oof,4,True,False,False,False
2025-03-08,2025-03-15,2130.0,2190.0,elastic_net,161.93971427178712,2351.939714271787,2190.0,1688.164001611847,2253.1509830479845,2464.0858405467384,development_oof,4,True,False,False,False
2025-03-08,2025-03-15,2130.0,2190.0,ets,-493.94028475567075,1696.0597152443293,2190.0,1688.164001611847,2253.1509830479845,2464.0858405467384,development_oof,4,True,False,False,False
2025-03-08,2025-03-15,2130.0,2190.0,lightgbm,86.4480440298048,2276.448044029805,2190.0,1688.164001611847,2253.1509830479845,2464.0858405467384,development_oof,4,True,False,False,False
2025-03-08,2025-03-15,2130.0,2190.0,persistence,0.0,2190.0,2190.0,1688.164001611847,2253.1509830479845,2464.0858405467384,development_oof,4,True,False,False,False
2025-03-08,2025-03-15,2130.0,2190.0,ridge,170.54102994070035,2360.5410299407004,2190.0,1688.164001611847,2253.1509830479845,2464.0858405467384,development_oof,4,True,False,False,False
2025-03-08,2025-03-15,2130.0,2190.0,sarimax,-180.49055450066749,2009.5094454993325,2190.0,1688.164001611847,2253.1509830479845,2464.0858405467384,development_oof,4,True,False,False,False
2025-03-08,2025-03-15,2130.0,2190.0,sarimax_boosting_hybrid,-119.77513817628642,2070.2248618237136,2190.0,1688.164001611847,2253.1509830479845,2464.0858405467384,development_oof,2,True,False,False,False
2025-03-08,2025-03-15,2130.0,2190.0,seven_day_drift,-159.0,2031.0,2190.0,1688.164001611847,2253.1509830479845,2464.0858405467384,development_oof,4,True,False,False,False
2025-03-08,2025-03-15,2130.0,2190.0,validation_weighted_ensemble,-71.99589931741593,2118.004100682584,2190.0,1688.164001611847,2253.1509830479845,2464.0858405467384,development_oof,4,True,False,False,False
2025-03-08,2025-03-15,2130.0,2190.0,xgboost,45.508399963378906,2235.508399963379,2190.0,1688.164001611847,2253.1509830479845,2464.0858405467384,development_oof,4,True,False,False,False
2025-03-09,2025-03-16,2126.0,2162.0,catboost,58.51025170646062,2220.5102517064606,2162.0,1660.164001611847,2225.1509830479845,2439.5817256664996,development_oof,4,False,False,False,False
2025-03-09,2025-03-16,2126.0,2162.0,elastic_net,172.53804697089708,2334.538046970897,2162.0,1660.164001611847,2225.1509830479845,2439.5817256664996,development_oof,4,False,False,False,False
2025-03-09,2025-03-16,2126.0,2162.0,ets,-493.9402346803847,1668.0597653196153,2162.0,1660.164001611847,2225.1509830479845,2439.5817256664996,development_oof,4,False,False,False,False
2025-03-09,2025-03-16,2126.0,2162.0,lightgbm,86.4480440298048,2248.448044029805,2162.0,1660.164001611847,2225.1509830479845,2439.5817256664996,development_oof,4,False,False,False,False
2025-03-09,2025-03-16,2126.0,2162.0,persistence,0.0,2162.0,2162.0,1660.164001611847,2225.1509830479845,2439.5817256664996,development_oof,4,False,False,False,False
2025-03-09,2025-03-16,2126.0,2162.0,ridge,178.8593895134436,2340.8593895134436,2162.0,1660.164001611847,2225.1509830479845,2439.5817256664996,development_oof,4,False,False,False,False
2025-03-09,2025-03-16,2126.0,2162.0,sarimax,-180.54501332814152,1981.4549866718585,2162.0,1660.164001611847,2225.1509830479845,2439.5817256664996,development_oof,4,False,False,False,False
2025-03-09,2025-03-16,2126.0,2162.0,sarimax_boosting_hybrid,-119.82959700376023,2042.1704029962398,2162.0,1660.164001611847,2225.1509830479845,2439.5817256664996,development_oof,2,False,False,False,False
2025-03-09,2025-03-16,2126.0,2162.0,seven_day_drift,-159.0,2003.0,2162.0,1660.164001611847,2225.1509830479845,2439.5817256664996,development_oof,4,False,False,False,False
2025-03-09,2025-03-16,2126.0,2162.0,validation_weighted_ensemble,-71.99589931741593,2090.004100682584,2162.0,1660.164001611847,2225.1509830479845,2439.5817256664996,development_oof,4,False,False,False,False
2025-03-09,2025-03-16,2126.0,2162.0,xgboost,45.508399963378906,2207.508399963379,2162.0,1660.164001611847,2225.1509830479845,2439.5817256664996,development_oof,4,False,False,False,False
2025-03-10,2025-03-17,2125.0,2153.0,catboost,58.51025170646062,2211.5102517064606,2153.0,1630.10790399564,2218.3251477627123,2446.8795287676494,development_oof,4,False,False,False,False
2025-03-10,2025-03-17,2125.0,2153.0,elastic_net,154.968499642574,2307.968499642574,2153.0,1630.10790399564,2218.3251477627123,2446.8795287676494,development_oof,4,False,False,False,False
2025-03-10,2025-03-17,2125.0,2153.0,ets,-493.9401946201558,1659.0598053798442,2153.0,1630.10790399564,2218.3251477627123,2446.8795287676494,development_oof,4,False,False,False,False
2025-03-10,2025-03-17,2125.0,2153.0,lightgbm,86.4480440298048,2239.448044029805,2153.0,1630.10790399564,2218.3251477627123,2446.8795287676494,development_oof,4,False,False,False,False
2025-03-10,2025-03-17,2125.0,2153.0,persistence,0.0,2153.0,2153.0,1630.10790399564,2218.3251477627123,2446.8795287676494,development_oof,4,False,False,False,False
2025-03-10,2025-03-17,2125.0,2153.0,ridge,158.74252108783912,2311.742521087839,2153.0,1630.10790399564,2218.3251477627123,2446.8795287676494,development_oof,4,False,False,False,False
2025-03-10,2025-03-17,2125.0,2153.0,sarimax,-180.6173813928158,1972.3826186071842,2153.0,1630.10790399564,2218.3251477627123,2446.8795287676494,development_oof,4,False,False,False,False
2025-03-10,2025-03-17,2125.0,2153.0,sarimax_boosting_hybrid,-119.90196506843449,2033.0980349315655,2153.0,1630.10790399564,2218.3251477627123,2446.8795287676494,development_oof,2,False,False,False,False
2025-03-10,2025-03-17,2125.0,2153.0,seven_day_drift,-163.0,1990.0,2153.0,1630.10790399564,2218.3251477627123,2446.8795287676494,development_oof,4,False,False,False,False
2025-03-10,2025-03-17,2125.0,2153.0,validation_weighted_ensemble,-74.39589931741557,2078.6041006825844,2153.0,1630.10790399564,2218.3251477627123,2446.8795287676494,development_oof,4,False,False,False,False
2025-03-10,2025-03-17,2125.0,2153.0,xgboost,34.57160186767578,2187.571601867676,2153.0,1630.10790399564,2218.3251477627123,2446.8795287676494,development_oof,4,False,False,False,False
2025-03-11,2025-03-18,2143.0,2127.0,catboost,59.22441091214705,2186.224410912147,2127.0,1625.164001611847,2184.366589394768,2404.560695771611,development_oof,4,False,False,False,False
2025-03-11,2025-03-18,2143.0,2127.0,elastic_net,126.6768573845693,2253.6768573845693,2127.0,1625.164001611847,2184.366589394768,2404.560695771611,development_oof,4,False,False,False,False
2025-03-11,2025-03-18,2143.0,2127.0,ets,-493.9401625719727,1633.0598374280273,2127.0,1625.164001611847,2184.366589394768,2404.560695771611,development_oof,4,False,False,False,False
2025-03-11,2025-03-18,2143.0,2127.0,lightgbm,86.4480440298048,2213.448044029805,2127.0,1625.164001611847,2184.366589394768,2404.560695771611,development_oof,4,False,False,False,False
2025-03-11,2025-03-18,2143.0,2127.0,persistence,0.0,2127.0,2127.0,1625.164001611847,2184.366589394768,2404.560695771611,development_oof,4,False,False,False,False
2025-03-11,2025-03-18,2143.0,2127.0,ridge,136.33086413877845,2263.3308641387785,2127.0,1625.164001611847,2184.366589394768,2404.560695771611,development_oof,4,False,False,False,False
2025-03-11,2025-03-18,2143.0,2127.0,sarimax,-180.70612838117336,1946.2938716188266,2127.0,1625.164001611847,2184.366589394768,2404.560695771611,development_oof,4,False,False,False,False
2025-03-11,2025-03-18,2143.0,2127.0,sarimax_boosting_hybrid,-119.99071205679206,2007.009287943208,2127.0,1625.164001611847,2184.366589394768,2404.560695771611,development_oof,2,False,False,False,False
2025-03-11,2025-03-18,2143.0,2127.0,seven_day_drift,-170.0,1957.0,2127.0,1625.164001611847,2184.366589394768,2404.560695771611,development_oof,4,False,False,False,False
2025-03-11,2025-03-18,2143.0,2127.0,validation_weighted_ensemble,-78.310235635141,2048.689764364859,2127.0,1625.164001611847,2184.366589394768,2404.560695771611,development_oof,4,False,False,False,False
2025-03-11,2025-03-18,2143.0,2127.0,xgboost,34.57160186767578,2161.571601867676,2127.0,1625.164001611847,2184.366589394768,2404.560695771611,development_oof,4,False,False,False,False
2025-03-12,2025-03-19,2141.0,2131.0,catboost,59.22441091214705,2190.224410912147,2131.0,1700.6571845420926,2196.3251477627123,2439.163001542508,development_oof,4,False,False,False,False
2025-03-12,2025-03-19,2141.0,2131.0,elastic_net,176.14798088309954,2307.1479808830995,2131.0,1700.6571845420926,2196.3251477627123,2439.163001542508,development_oof,4,False,False,False,False
2025-03-12,2025-03-19,2141.0,2131.0,ets,-493.9401369334262,1637.0598630665738,2131.0,1700.6571845420926,2196.3251477627123,2439.163001542508,development_oof,4,False,False,False,False
2025-03-12,2025-03-19,2141.0,2131.0,lightgbm,86.73945771865692,2217.739457718657,2131.0,1700.6571845420926,2196.3251477627123,2439.163001542508,development_oof,4,False,False,False,False
2025-03-12,2025-03-19,2141.0,2131.0,persistence,0.0,2131.0,2131.0,1700.6571845420926,2196.3251477627123,2439.163001542508,development_oof,4,False,False,False,False
2025-03-12,2025-03-19,2141.0,2131.0,ridge,182.5478493700839,2313.547849370084,2131.0,1700.6571845420926,2196.3251477627123,2439.163001542508,development_oof,4,False,False,False,False
2025-03-12,2025-03-19,2141.0,2131.0,sarimax,-180.80985474236354,1950.1901452576365,2131.0,1700.6571845420926,2196.3251477627123,2439.163001542508,development_oof,4,False,False,False,False
2025-03-12,2025-03-19,2141.0,2131.0,sarimax_boosting_hybrid,-120.09443841798225,2010.9055615820178,2131.0,1700.6571845420926,2196.3251477627123,2439.163001542508,development_oof,2,False,False,False,False
2025-03-12,2025-03-19,2141.0,2131.0,seven_day_drift,-127.0,2004.0,2131.0,1700.6571845420926,2196.3251477627123,2439.163001542508,development_oof,4,False,False,False,False
2025-03-12,2025-03-19,2141.0,2131.0,validation_weighted_ensemble,-52.51023563514127,2078.4897643648587,2131.0,1700.6571845420926,2196.3251477627123,2439.163001542508,development_oof,4,False,False,False,False
2025-03-12,2025-03-19,2141.0,2131.0,xgboost,45.508399963378906,2176.508399963379,2131.0,1700.6571845420926,2196.3251477627123,2439.163001542508,development_oof,4,False,False,False,False
2025-03-13,2025-03-20,2144.0,2136.0,catboost,-42.88857452820457,2093.1114254717954,2136.0,1955.4264499785727,2017.0965546781888,2149.4501443611466,development_oof,5,False,False,True,False
2025-03-13,2025-03-20,2144.0,2136.0,elastic_net,-12.308129856900905,2123.691870143099,2136.0,1955.4264499785727,2017.0965546781888,2149.4501443611466,development_oof,5,False,False,True,False
2025-03-13,2025-03-20,2144.0,2136.0,ets,-89.91281032968618,2046.0871896703138,2136.0,1955.4264499785727,2017.0965546781888,2149.4501443611466,development_oof,5,False,False,True,False
2025-03-13,2025-03-20,2144.0,2136.0,lightgbm,-54.37424466585708,2081.625755334143,2136.0,1955.4264499785727,2017.0965546781888,2149.4501443611466,development_oof,5,False,False,True,False
2025-03-13,2025-03-20,2144.0,2136.0,persistence,0.0,2136.0,2136.0,1955.4264499785727,2017.0965546781888,2149.4501443611466,development_oof,5,False,False,True,False
2025-03-13,2025-03-20,2144.0,2136.0,ridge,-11.39958011401859,2124.6004198859814,2136.0,1955.4264499785727,2017.0965546781888,2149.4501443611466,development_oof,5,False,False,True,False
2025-03-13,2025-03-20,2144.0,2136.0,sarimax,-233.549036241792,1902.450963758208,2136.0,1955.4264499785727,2017.0965546781888,2149.4501443611466,development_oof,5,False,False,True,False
2025-03-13,2025-03-20,2144.0,2136.0,sarimax_boosting_hybrid,-172.83361991741072,1963.1663800825893,2136.0,1955.4264499785727,2017.0965546781888,2149.4501443611466,development_oof,2,False,False,True,False
2025-03-13,2025-03-20,2144.0,2136.0,seven_day_drift,-109.0,2027.0,2136.0,1955.4264499785727,2017.0965546781888,2149.4501443611466,development_oof,5,False,False,True,False
2025-03-13,2025-03-20,2144.0,2136.0,validation_weighted_ensemble,-82.55542981128156,2053.4445701887184,2136.0,1955.4264499785727,2017.0965546781888,2149.4501443611466,development_oof,5,False,False,True,False
2025-03-13,2025-03-20,2144.0,2136.0,xgboost,-101.17262268066406,2034.827377319336,2136.0,1955.4264499785727,2017.0965546781888,2149.4501443611466,development_oof,5,False,False,True,False
2025-03-14,2025-03-21,2151.0,2132.0,catboost,-0.35603513845717316,2131.643964861543,2132.0,1950.3806550703453,2076.3952746495393,2231.1238032638184,development_oof,5,True,False,False,False
2025-03-14,2025-03-21,2151.0,2132.0,elastic_net,20.622703794280824,2152.622703794281,2132.0,1950.3806550703453,2076.3952746495393,2231.1238032638184,development_oof,5,True,False,False,False
2025-03-14,2025-03-21,2151.0,2132.0,ets,-88.30946037735839,2043.6905396226416,2132.0,1950.3806550703453,2076.3952746495393,2231.1238032638184,development_oof,5,True,False,False,False
2025-03-14,2025-03-21,2151.0,2132.0,lightgbm,-21.88126176298283,2110.118738237017,2132.0,1950.3806550703453,2076.3952746495393,2231.1238032638184,development_oof,5,True,False,False,False
2025-03-14,2025-03-21,2151.0,2132.0,persistence,0.0,2132.0,2132.0,1950.3806550703453,2076.3952746495393,2231.1238032638184,development_oof,5,True,False,False,False
2025-03-14,2025-03-21,2151.0,2132.0,ridge,16.37872294071758,2148.3787229407176,2132.0,1950.3806550703453,2076.3952746495393,2231.1238032638184,development_oof,5,True,False,False,False
2025-03-14,2025-03-21,2151.0,2132.0,sarimax,-234.98921950251747,1897.0107804974825,2132.0,1950.3806550703453,2076.3952746495393,2231.1238032638184,development_oof,5,True,False,False,False
2025-03-14,2025-03-21,2151.0,2132.0,sarimax_boosting_hybrid,-174.27380317813618,1957.7261968218638,2132.0,1950.3806550703453,2076.3952746495393,2231.1238032638184,development_oof,2,True,False,False,False
2025-03-14,2025-03-21,2151.0,2132.0,seven_day_drift,-85.0,2047.0,2132.0,1950.3806550703453,2076.3952746495393,2231.1238032638184,development_oof,5,True,False,False,False
2025-03-14,2025-03-21,2151.0,2132.0,validation_weighted_ensemble,-51.14241405538269,2080.8575859446173,2132.0,1950.3806550703453,2076.3952746495393,2231.1238032638184,development_oof,5,True,False,False,False
2025-03-14,2025-03-21,2151.0,2132.0,xgboost,-38.18488311767578,2093.815116882324,2132.0,1950.3806550703453,2076.3952746495393,2231.1238032638184,development_oof,5,True,False,False,False
2025-03-15,2025-03-22,2158.0,2130.0,catboost,9.603964638919479,2139.6039646389195,2130.0,1956.1452725151462,2120.0343164673345,2236.4034024516804,development_oof,5,True,False,False,False
2025-03-15,2025-03-22,2158.0,2130.0,elastic_net,4.664918745520481,2134.6649187455205,2130.0,1956.1452725151462,2120.0343164673345,2236.4034024516804,development_oof,5,True,False,False,False
2025-03-15,2025-03-22,2158.0,2130.0,ets,-87.0267804154962,2042.9732195845038,2130.0,1956.1452725151462,2120.0343164673345,2236.4034024516804,development_oof,5,True,False,False,False
2025-03-15,2025-03-22,2158.0,2130.0,lightgbm,9.580398480767144,2139.580398480767,2130.0,1956.1452725151462,2120.0343164673345,2236.4034024516804,development_oof,5,True,False,False,False
2025-03-15,2025-03-22,2158.0,2130.0,persistence,0.0,2130.0,2130.0,1956.1452725151462,2120.0343164673345,2236.4034024516804,development_oof,5,True,False,False,False
2025-03-15,2025-03-22,2158.0,2130.0,ridge,10.596832023409206,2140.596832023409,2130.0,1956.1452725151462,2120.0343164673345,2236.4034024516804,development_oof,5,True,False,False,False
2025-03-15,2025-03-22,2158.0,2130.0,sarimax,-236.41952720692552,1893.5804727930745,2130.0,1956.1452725151462,2120.0343164673345,2236.4034024516804,development_oof,5,True,False,False,False
2025-03-15,2025-03-22,2158.0,2130.0,sarimax_boosting_hybrid,-175.70411088254423,1954.2958891174558,2130.0,1956.1452725151462,2120.0343164673345,2236.4034024516804,development_oof,2,True,False,False,False
2025-03-15,2025-03-22,2158.0,2130.0,seven_day_drift,-60.0,2070.0,2130.0,1956.1452725151462,2120.0343164673345,2236.4034024516804,development_oof,5,True,False,False,False
2025-03-15,2025-03-22,2158.0,2130.0,validation_weighted_ensemble,-32.1584141444323,2097.8415858555677,2130.0,1956.1452725151462,2120.0343164673345,2236.4034024516804,development_oof,5,True,False,False,False
2025-03-15,2025-03-22,2158.0,2130.0,xgboost,0.8000879883766174,2130.8000879883766,2130.0,1956.1452725151462,2120.0343164673345,2236.4034024516804,development_oof,5,True,False,False,False
2025-03-16,2025-03-23,2165.0,2126.0,catboost,17.739829325232677,2143.7398293252327,2126.0,1952.9486231493354,2142.3758077639945,2246.5590006871475,development_oof,5,False,False,True,False
2025-03-16,2025-03-23,2165.0,2126.0,elastic_net,-8.734186699255588,2117.2658133007444,2126.0,1952.9486231493354,2142.3758077639945,2246.5590006871475,development_oof,5,False,False,True,False
2025-03-16,2025-03-23,2165.0,2126.0,ets,-86.00063644600641,2039.9993635539936,2126.0,1952.9486231493354,2142.3758077639945,2246.5590006871475,development_oof,5,False,False,True,False
2025-03-16,2025-03-23,2165.0,2126.0,lightgbm,18.280398480767417,2144.2803984807674,2126.0,1952.9486231493354,2142.3758077639945,2246.5590006871475,development_oof,5,False,False,True,False
2025-03-16,2025-03-23,2165.0,2126.0,persistence,0.0,2126.0,2126.0,1952.9486231493354,2142.3758077639945,2246.5590006871475,development_oof,5,False,False,True,False
2025-03-16,2025-03-23,2165.0,2126.0,ridge,-1.82407256785973,2124.1759274321403,2126.0,1952.9486231493354,2142.3758077639945,2246.5590006871475,development_oof,5,False,False,True,False
2025-03-16,2025-03-23,2165.0,2126.0,sarimax,-237.82021728533982,1888.1797827146602,2126.0,1952.9486231493354,2142.3758077639945,2246.5590006871475,development_oof,5,False,False,True,False
2025-03-16,2025-03-23,2165.0,2126.0,sarimax_boosting_hybrid,-177.10480096095853,1948.8951990390415,2126.0,1952.9486231493354,2142.3758077639945,2246.5590006871475,development_oof,2,False,False,True,False
2025-03-16,2025-03-23,2165.0,2126.0,seven_day_drift,-36.0,2090.0,2126.0,1952.9486231493354,2142.3758077639945,2246.5590006871475,development_oof,5,False,False,True,False
2025-03-16,2025-03-23,2165.0,2126.0,validation_weighted_ensemble,-14.504068269906838,2111.495931730093,2126.0,1952.9486231493354,2142.3758077639945,2246.5590006871475,development_oof,5,False,False,True,False
2025-03-16,2025-03-23,2165.0,2126.0,xgboost,0.8000879883766174,2126.8000879883766,2126.0,1952.9486231493354,2142.3758077639945,2246.5590006871475,development_oof,5,False,False,True,False
2025-03-17,2025-03-24,2152.0,2125.0,catboost,17.739829325232677,2142.7398293252327,2125.0,1950.49307919661,2157.2419448935693,2252.308013622313,development_oof,5,False,False,False,False
2025-03-17,2025-03-24,2152.0,2125.0,elastic_net,-41.3815761054484,2083.6184238945516,2125.0,1950.49307919661,2157.2419448935693,2252.308013622313,development_oof,5,False,False,False,False
2025-03-17,2025-03-24,2152.0,2125.0,ets,-85.17972127041457,2039.8202787295854,2125.0,1950.49307919661,2157.2419448935693,2252.308013622313,development_oof,5,False,False,False,False
2025-03-17,2025-03-24,2152.0,2125.0,lightgbm,18.280398480767417,2143.2803984807674,2125.0,1950.49307919661,2157.2419448935693,2252.308013622313,development_oof,5,False,False,False,False
2025-03-17,2025-03-24,2152.0,2125.0,persistence,0.0,2125.0,2125.0,1950.49307919661,2157.2419448935693,2252.308013622313,development_oof,5,False,False,False,False
2025-03-17,2025-03-24,2152.0,2125.0,ridge,-36.64741942059618,2088.352580579404,2125.0,1950.49307919661,2157.2419448935693,2252.308013622313,development_oof,5,False,False,False,False
2025-03-17,2025-03-24,2152.0,2125.0,sarimax,-238.41343296493824,1886.5865670350618,2125.0,1950.49307919661,2157.2419448935693,2252.308013622313,development_oof,5,False,False,False,False
2025-03-17,2025-03-24,2152.0,2125.0,sarimax_boosting_hybrid,-177.69801664055694,1947.301983359443,2125.0,1950.49307919661,2157.2419448935693,2252.308013622313,development_oof,2,False,False,False,False
2025-03-17,2025-03-24,2152.0,2125.0,seven_day_drift,-28.0,2097.0,2125.0,1950.49307919661,2157.2419448935693,2252.308013622313,development_oof,5,False,False,False,False
2025-03-17,2025-03-24,2152.0,2125.0,validation_weighted_ensemble,-9.704068269906656,2115.2959317300933,2125.0,1950.49307919661,2157.2419448935693,2252.308013622313,development_oof,5,False,False,False,False
2025-03-17,2025-03-24,2152.0,2125.0,xgboost,0.8000879883766174,2125.8000879883766,2125.0,1950.49307919661,2157.2419448935693,2252.308013622313,development_oof,5,False,False,False,False
2025-03-18,2025-03-25,2164.0,2143.0,catboost,39.50713287769713,2182.507132877697,2143.0,1999.3140353185577,2193.134966059349,2292.173262491067,development_oof,5,False,False,False,False
2025-03-18,2025-03-25,2164.0,2143.0,elastic_net,-43.269156356101576,2099.7308436438984,2143.0,1999.3140353185577,2193.134966059349,2292.173262491067,development_oof,5,False,False,False,False
2025-03-18,2025-03-25,2164.0,2143.0,ets,-84.52298912994092,2058.477010870059,2143.0,1999.3140353185577,2193.134966059349,2292.173262491067,development_oof,5,False,False,False,False
2025-03-18,2025-03-25,2164.0,2143.0,lightgbm,26.97804197523601,2169.978041975236,2143.0,1999.3140353185577,2193.134966059349,2292.173262491067,development_oof,5,False,False,False,False
2025-03-18,2025-03-25,2164.0,2143.0,persistence,0.0,2143.0,2143.0,1999.3140353185577,2193.134966059349,2292.173262491067,development_oof,5,False,False,False,False
2025-03-18,2025-03-25,2164.0,2143.0,ridge,-33.0871062659653,2109.9128937340347,2143.0,1999.3140353185577,2193.134966059349,2292.173262491067,development_oof,5,False,False,False,False
2025-03-18,2025-03-25,2164.0,2143.0,sarimax,-237.7284584223412,1905.2715415776588,2143.0,1999.3140353185577,2193.134966059349,2292.173262491067,development_oof,5,False,False,False,False
2025-03-18,2025-03-25,2164.0,2143.0,sarimax_boosting_hybrid,-177.0130420979599,1965.98695790204,2143.0,1999.3140353185577,2193.134966059349,2292.173262491067,development_oof,2,False,False,False,False
2025-03-18,2025-03-25,2164.0,2143.0,seven_day_drift,16.0,2159.0,2143.0,1999.3140353185577,2193.134966059349,2292.173262491067,development_oof,5,False,False,False,False
2025-03-18,2025-03-25,2164.0,2143.0,validation_weighted_ensemble,25.402853151078943,2168.402853151079,2143.0,1999.3140353185577,2193.134966059349,2292.173262491067,development_oof,5,False,False,False,False
2025-03-18,2025-03-25,2164.0,2143.0,xgboost,43.47495651245117,2186.474956512451,2143.0,1999.3140353185577,2193.134966059349,2292.173262491067,development_oof,5,False,False,False,False
2025-03-19,2025-03-26,2180.0,2141.0,catboost,35.57713285109867,2176.5771328510987,2141.0,1999.4499776779583,2184.0921832038,2265.88853719659,development_oof,5,False,False,True,False
2025-03-19,2025-03-26,2180.0,2141.0,elastic_net,-52.121574985908865,2088.878425014091,2141.0,1999.4499776779583,2184.0921832038,2265.88853719659,development_oof,5,False,False,True,False
2025-03-19,2025-03-26,2180.0,2141.0,ets,-83.997603417562,2057.002396582438,2141.0,1999.4499776779583,2184.0921832038,2265.88853719659,development_oof,5,False,False,True,False
2025-03-19,2025-03-26,2180.0,2141.0,lightgbm,26.97804197523601,2167.978041975236,2141.0,1999.4499776779583,2184.0921832038,2265.88853719659,development_oof,5,False,False,True,False
2025-03-19,2025-03-26,2180.0,2141.0,persistence,0.0,2141.0,2141.0,1999.4499776779583,2184.0921832038,2265.88853719659,development_oof,5,False,False,True,False
2025-03-19,2025-03-26,2180.0,2141.0,ridge,-40.06281469063151,2100.9371853093685,2141.0,1999.4499776779583,2184.0921832038,2265.88853719659,development_oof,5,False,False,True,False
2025-03-19,2025-03-26,2180.0,2141.0,sarimax,-238.28167607656928,1902.7183239234307,2141.0,1999.4499776779583,2184.0921832038,2265.88853719659,development_oof,5,False,False,True,False
2025-03-19,2025-03-26,2180.0,2141.0,sarimax_boosting_hybrid,-177.566259752188,1963.433740247812,2141.0,1999.4499776779583,2184.0921832038,2265.88853719659,development_oof,2,False,False,True,False
2025-03-19,2025-03-26,2180.0,2141.0,seven_day_drift,10.0,2151.0,2141.0,1999.4499776779583,2184.0921832038,2265.88853719659,development_oof,5,False,False,True,False
2025-03-19,2025-03-26,2180.0,2141.0,validation_weighted_ensemble,20.23085314043965,2161.2308531404396,2141.0,1999.4499776779583,2184.0921832038,2265.88853719659,development_oof,5,False,False,True,False
2025-03-19,2025-03-26,2180.0,2141.0,xgboost,33.610347747802734,2174.6103477478027,2141.0,1999.4499776779583,2184.0921832038,2265.88853719659,development_oof,5,False,False,True,False
2025-03-20,2025-03-27,2178.0,2144.0,catboost,35.57713285109867,2179.5771328510987,2144.0,2000.7133338424242,2187.0921832038,2280.8193839714595,development_oof,5,False,False,True,False
2025-03-20,2025-03-27,2178.0,2144.0,elastic_net,-19.948169958431208,2124.051830041569,2144.0,2000.7133338424242,2187.0921832038,2280.8193839714595,development_oof,5,False,False,True,False
2025-03-20,2025-03-27,2178.0,2144.0,ets,-83.57729484765923,2060.4227051523408,2144.0,2000.7133338424242,2187.0921832038,2280.8193839714595,development_oof,5,False,False,True,False
2025-03-20,2025-03-27,2178.0,2144.0,lightgbm,26.97804197523601,2170.978041975236,2144.0,2000.7133338424242,2187.0921832038,2280.8193839714595,development_oof,5,False,False,True,False
2025-03-20,2025-03-27,2178.0,2144.0,persistence,0.0,2144.0,2144.0,2000.7133338424242,2187.0921832038,2280.8193839714595,development_oof,5,False,False,True,False
2025-03-20,2025-03-27,2178.0,2144.0,ridge,-13.514229237437121,2130.485770762563,2144.0,2000.7133338424242,2187.0921832038,2280.8193839714595,development_oof,5,False,False,True,False
2025-03-20,2025-03-27,2178.0,2144.0,sarimax,-238.70676894746475,1905.2932310525352,2144.0,2000.7133338424242,2187.0921832038,2280.8193839714595,development_oof,5,False,False,True,False
2025-03-20,2025-03-27,2178.0,2144.0,sarimax_boosting_hybrid,-177.99135262308346,1966.0086473769165,2144.0,2000.7133338424242,2187.0921832038,2280.8193839714595,development_oof,2,False,False,True,False
2025-03-20,2025-03-27,2178.0,2144.0,seven_day_drift,8.0,2152.0,2144.0,2000.7133338424242,2187.0921832038,2280.8193839714595,development_oof,5,False,False,True,False
2025-03-20,2025-03-27,2178.0,2144.0,validation_weighted_ensemble,19.030853140439376,2163.0308531404394,2144.0,2000.7133338424242,2187.0921832038,2280.8193839714595,development_oof,5,False,False,True,False
2025-03-20,2025-03-27,2178.0,2144.0,xgboost,33.610347747802734,2177.6103477478027,2144.0,2000.7133338424242,2187.0921832038,2280.8193839714595,development_oof,5,False,False,True,False
2025-03-21,2025-03-28,2188.0,2151.0,catboost,39.50713287769713,2190.507132877697,2151.0,2007.3638425320837,2202.723881220285,2323.7256551527043,development_oof,5,True,False,False,False
2025-03-21,2025-03-28,2188.0,2151.0,elastic_net,30.98643761829453,2181.9864376182945,2151.0,2007.3638425320837,2202.723881220285,2323.7256551527043,development_oof,5,True,False,False,False
2025-03-21,2025-03-28,2188.0,2151.0,ets,-83.24104799173665,2067.7589520082633,2151.0,2007.3638425320837,2202.723881220285,2323.7256551527043,development_oof,5,True,False,False,False
2025-03-21,2025-03-28,2188.0,2151.0,lightgbm,26.97804197523601,2177.978041975236,2151.0,2007.3638425320837,2202.723881220285,2323.7256551527043,development_oof,5,True,False,False,False
2025-03-21,2025-03-28,2188.0,2151.0,persistence,0.0,2151.0,2151.0,2007.3638425320837,2202.723881220285,2323.7256551527043,development_oof,5,True,False,False,False
2025-03-21,2025-03-28,2188.0,2151.0,ridge,30.269119863050946,2181.269119863051,2151.0,2007.3638425320837,2202.723881220285,2323.7256551527043,development_oof,5,True,False,False,False
2025-03-21,2025-03-28,2188.0,2151.0,sarimax,-239.13902792626232,1911.8609720737377,2151.0,2007.3638425320837,2202.723881220285,2323.7256551527043,development_oof,5,True,False,False,False
2025-03-21,2025-03-28,2188.0,2151.0,sarimax_boosting_hybrid,-178.42361160188102,1972.576388398119,2151.0,2007.3638425320837,2202.723881220285,2323.7256551527043,development_oof,2,True,False,False,False
2025-03-21,2025-03-28,2188.0,2151.0,seven_day_drift,19.0,2170.0,2151.0,2007.3638425320837,2202.723881220285,2323.7256551527043,development_oof,5,True,False,False,False
2025-03-21,2025-03-28,2188.0,2151.0,validation_weighted_ensemble,27.202853151079125,2178.202853151079,2151.0,2007.3638425320837,2202.723881220285,2323.7256551527043,development_oof,5,True,False,False,False
2025-03-21,2025-03-28,2188.0,2151.0,xgboost,43.47495651245117,2194.474956512451,2151.0,2007.3638425320837,2202.723881220285,2323.7256551527043,development_oof,5,True,False,False,False
2025-03-22,2025-03-29,2198.0,2158.0,catboost,39.50713287769713,2197.507132877697,2158.0,2014.1466686931603,2209.723881220285,2332.4475011745385,development_oof,5,True,False,False,False
2025-03-22,2025-03-29,2198.0,2158.0,elastic_net,9.733859822053546,2167.7338598220535,2158.0,2014.1466686931603,2209.723881220285,2332.4475011745385,development_oof,5,True,False,False,False
2025-03-22,2025-03-29,2198.0,2158.0,ets,-82.97205050699904,2075.027949493001,2158.0,2014.1466686931603,2209.723881220285,2332.4475011745385,development_oof,5,True,False,False,False
2025-03-22,2025-03-29,2198.0,2158.0,lightgbm,26.97804197523601,2184.978041975236,2158.0,2014.1466686931603,2209.723881220285,2332.4475011745385,development_oof,5,True,False,False,False
2025-03-22,2025-03-29,2198.0,2158.0,persistence,0.0,2158.0,2158.0,2014.1466686931603,2209.723881220285,2332.4475011745385,development_oof,5,True,False,False,False
2025-03-22,2025-03-29,2198.0,2158.0,ridge,19.757609347421294,2177.7576093474213,2158.0,2014.1466686931603,2209.723881220285,2332.4475011745385,development_oof,5,True,False,False,False
2025-03-22,2025-03-29,2198.0,2158.0,sarimax,-239.56562830994585,1918.4343716900541,2158.0,2014.1466686931603,2209.723881220285,2332.4475011745385,development_oof,5,True,False,False,False
2025-03-22,2025-03-29,2198.0,2158.0,sarimax_boosting_hybrid,-178.85021198556456,1979.1497880144354,2158.0,2014.1466686931603,2209.723881220285,2332.4475011745385,development_oof,2,True,False,False,False
2025-03-22,2025-03-29,2198.0,2158.0,seven_day_drift,28.0,2186.0,2158.0,2014.1466686931603,2209.723881220285,2332.4475011745385,development_oof,5,True,False,False,False
2025-03-22,2025-03-29,2198.0,2158.0,validation_weighted_ensemble,32.60285315107876,2190.6028531510788,2158.0,2014.1466686931603,2209.723881220285,2332.4475011745385,development_oof,5,True,False,False,False
2025-03-22,2025-03-29,2198.0,2158.0,xgboost,43.47495651245117,2201.474956512451,2158.0,2014.1466686931603,2209.723881220285,2332.4475011745385,development_oof,5,True,False,False,False
2025-03-23,2025-03-30,2208.0,2165.0,catboost,39.50713287769713,2204.507132877697,2165.0,2022.725419768698,2216.723881220285,2338.432090395329,development_oof,5,False,False,True,False
2025-03-23,2025-03-30,2208.0,2165.0,elastic_net,4.574670337116004,2169.574670337116,2165.0,2022.725419768698,2216.723881220285,2338.432090395329,development_oof,5,False,False,True,False
2025-03-23,2025-03-30,2208.0,2165.0,ets,-82.75685251920868,2082.2431474807913,2165.0,2022.725419768698,2216.723881220285,2338.432090395329,development_oof,5,False,False,True,False
2025-03-23,2025-03-30,2208.0,2165.0,lightgbm,26.97804197523601,2191.978041975236,2165.0,2022.725419768698,2216.723881220285,2338.432090395329,development_oof,5,False,False,True,False
2025-03-23,2025-03-30,2208.0,2165.0,persistence,0.0,2165.0,2165.0,2022.725419768698,2216.723881220285,2338.432090395329,development_oof,5,False,False,True,False
2025-03-23,2025-03-30,2208.0,2165.0,ridge,14.341608705450199,2179.34160870545,2165.0,2022.725419768698,2216.723881220285,2338.432090395329,development_oof,5,False,False,True,False
2025-03-23,2025-03-30,2208.0,2165.0,sarimax,-239.98654727420876,1925.0134527257912,2165.0,2022.725419768698,2216.723881220285,2338.432090395329,development_oof,5,False,False,True,False
2025-03-23,2025-03-30,2208.0,2165.0,sarimax_boosting_hybrid,-69.64708391748991,2095.35291608251,2165.0,2022.725419768698,2216.723881220285,2338.432090395329,development_oof,3,False,False,True,False
2025-03-23,2025-03-30,2208.0,2165.0,seven_day_drift,39.0,2204.0,2165.0,2022.725419768698,2216.723881220285,2338.432090395329,development_oof,5,False,False,True,False
2025-03-23,2025-03-30,2208.0,2165.0,validation_weighted_ensemble,39.20285315107867,2204.2028531510787,2165.0,2022.725419768698,2216.723881220285,2338.432090395329,development_oof,5,False,False,True,False
2025-03-23,2025-03-30,2208.0,2165.0,xgboost,43.47495651245117,2208.474956512451,2165.0,2022.725419768698,2216.723881220285,2338.432090395329,development_oof,5,False,False,True,False
2025-03-24,2025-03-31,2218.0,2152.0,catboost,39.50713287769713,2191.507132877697,2152.0,2009.019607596874,2203.723881220285,2278.1461101617565,development_oof,5,False,False,True,False
2025-03-24,2025-03-31,2218.0,2152.0,elastic_net,-71.46487319007156,2080.5351268099284,2152.0,2009.019607596874,2203.723881220285,2278.1461101617565,development_oof,5,False,False,True,False
2025-03-24,2025-03-31,2218.0,2152.0,ets,-82.58469412897603,2069.415305871024,2152.0,2009.019607596874,2203.723881220285,2278.1461101617565,development_oof,5,False,False,True,False
2025-03-24,2025-03-31,2218.0,2152.0,lightgbm,26.97804197523601,2178.978041975236,2152.0,2009.019607596874,2203.723881220285,2278.1461101617565,development_oof,5,False,False,True,False
2025-03-24,2025-03-31,2218.0,2152.0,persistence,0.0,2152.0,2152.0,2009.019607596874,2203.723881220285,2278.1461101617565,development_oof,5,False,False,True,False
2025-03-24,2025-03-31,2218.0,2152.0,ridge,-57.38388899604706,2094.616111003953,2152.0,2009.019607596874,2203.723881220285,2278.1461101617565,development_oof,5,False,False,True,False
2025-03-24,2025-03-31,2218.0,2152.0,sarimax,-240.38304034294833,1911.6169596570517,2152.0,2009.019607596874,2203.723881220285,2278.1461101617565,development_oof,5,False,False,True,False
2025-03-24,2025-03-31,2218.0,2152.0,sarimax_boosting_hybrid,-70.08181811455916,2081.918181885441,2152.0,2009.019607596874,2203.723881220285,2278.1461101617565,development_oof,3,False,False,True,False
2025-03-24,2025-03-31,2218.0,2152.0,seven_day_drift,27.0,2179.0,2152.0,2009.019607596874,2203.723881220285,2278.1461101617565,development_oof,5,False,False,True,False
2025-03-24,2025-03-31,2218.0,2152.0,validation_weighted_ensemble,32.00285315107885,2184.002853151079,2152.0,2009.019607596874,2203.723881220285,2278.1461101617565,development_oof,5,False,False,True,False
2025-03-24,2025-03-31,2218.0,2152.0,xgboost,43.47495651245117,2195.474956512451,2152.0,2009.019607596874,2203.723881220285,2278.1461101617565,development_oof,5,False,False,True,False
2025-03-25,2025-04-01,2227.0,2164.0,catboost,39.50713287769713,2203.507132877697,2164.0,2020.6573832697572,2213.429538788259,2342.147594211993,development_oof,5,False,False,True,False
2025-03-25,2025-04-01,2227.0,2164.0,elastic_net,-51.60367815325117,2112.396321846749,2164.0,2020.6573832697572,2213.429538788259,2342.147594211993,development_oof,5,False,False,True,False
2025-03-25,2025-04-01,2227.0,2164.0,ets,-82.44696741679036,2081.5530325832096,2164.0,2020.6573832697572,2213.429538788259,2342.147594211993,development_oof,5,False,False,True,False
2025-03-25,2025-04-01,2227.0,2164.0,lightgbm,26.97804197523601,2190.978041975236,2164.0,2020.6573832697572,2213.429538788259,2342.147594211993,development_oof,5,False,False,True,False
2025-03-25,2025-04-01,2227.0,2164.0,persistence,0.0,2164.0,2164.0,2020.6573832697572,2213.429538788259,2342.147594211993,development_oof,5,False,False,True,False
2025-03-25,2025-04-01,2227.0,2164.0,ridge,-34.03641671114383,2129.963583288856,2164.0,2020.6573832697572,2213.429538788259,2342.147594211993,development_oof,5,False,False,True,False
2025-03-25,2025-04-01,2227.0,2164.0,sarimax,-240.74389550303908,1923.256104496961,2164.0,2020.6573832697572,2213.429538788259,2342.147594211993,development_oof,5,False,False,True,False
2025-03-25,2025-04-01,2227.0,2164.0,sarimax_boosting_hybrid,-56.42288593170315,2107.577114068297,2164.0,2020.6573832697572,2213.429538788259,2342.147594211993,development_oof,3,False,False,True,False
2025-03-25,2025-04-01,2227.0,2164.0,seven_day_drift,21.0,2185.0,2164.0,2020.6573832697572,2213.429538788259,2342.147594211993,development_oof,5,False,False,True,False
2025-03-25,2025-04-01,2227.0,2164.0,validation_weighted_ensemble,28.402853151078943,2192.402853151079,2164.0,2020.6573832697572,2213.429538788259,2342.147594211993,development_oof,5,False,False,True,False
2025-03-25,2025-04-01,2227.0,2164.0,xgboost,43.47495651245117,2207.474956512451,2164.0,2020.6573832697572,2213.429538788259,2342.147594211993,development_oof,5,False,False,True,False
2025-03-26,2025-04-02,2239.0,2180.0,catboost,39.50713287769713,2219.507132877697,2180.0,2037.2695592577606,2226.3256978300496,2358.907800219734,development_oof,5,False,False,True,False
2025-03-26,2025-04-02,2239.0,2180.0,elastic_net,-38.35148038429088,2141.648519615709,2180.0,2037.2695592577606,2226.3256978300496,2358.907800219734,development_oof,5,False,False,True,False
2025-03-26,2025-04-02,2239.0,2180.0,ets,-82.33678604704164,2097.6632139529584,2180.0,2037.2695592577606,2226.3256978300496,2358.907800219734,development_oof,5,False,False,True,False
2025-03-26,2025-04-02,2239.0,2180.0,lightgbm,26.97804197523601,2206.978041975236,2180.0,2037.2695592577606,2226.3256978300496,2358.907800219734,development_oof,5,False,False,True,False
2025-03-26,2025-04-02,2239.0,2180.0,persistence,0.0,2180.0,2180.0,2037.2695592577606,2226.3256978300496,2358.907800219734,development_oof,5,False,False,True,False
2025-03-26,2025-04-02,2239.0,2180.0,ridge,-21.31997295197243,2158.6800270480276,2180.0,2037.2695592577606,2226.3256978300496,2358.907800219734,development_oof,5,False,False,True,False
2025-03-26,2025-04-02,2239.0,2180.0,sarimax,-241.13147754509828,1938.8685224549017,2180.0,2037.2695592577606,2226.3256978300496,2358.907800219734,development_oof,5,False,False,True,False
2025-03-26,2025-04-02,2239.0,2180.0,sarimax_boosting_hybrid,-69.55125904240185,2110.448740957598,2180.0,2037.2695592577606,2226.3256978300496,2358.907800219734,development_oof,3,False,False,True,False
2025-03-26,2025-04-02,2239.0,2180.0,seven_day_drift,39.0,2219.0,2180.0,2037.2695592577606,2226.3256978300496,2358.907800219734,development_oof,5,False,False,True,False
2025-03-26,2025-04-02,2239.0,2180.0,validation_weighted_ensemble,39.20285315107867,2219.2028531510787,2180.0,2037.2695592577606,2226.3256978300496,2358.907800219734,development_oof,5,False,False,True,False
2025-03-26,2025-04-02,2239.0,2180.0,xgboost,43.47495651245117,2223.474956512451,2180.0,2037.2695592577606,2226.3256978300496,2358.907800219734,development_oof,5,False,False,True,False
2025-03-27,2025-04-03,2249.0,2178.0,catboost,39.50713287769713,2217.507132877697,2178.0,2032.6872474966551,2224.3256978300496,2332.9033407611987,development_oof,5,False,False,True,False
2025-03-27,2025-04-03,2249.0,2178.0,elastic_net,-15.629880048704308,2162.3701199512957,2178.0,2032.6872474966551,2224.3256978300496,2332.9033407611987,development_oof,5,False,False,True,False
2025-03-27,2025-04-03,2249.0,2178.0,ets,-82.24864095124303,2095.751359048757,2178.0,2032.6872474966551,2224.3256978300496,2332.9033407611987,development_oof,5,False,False,True,False
2025-03-27,2025-04-03,2249.0,2178.0,lightgbm,26.97804197523601,2204.978041975236,2178.0,2032.6872474966551,2224.3256978300496,2332.9033407611987,development_oof,5,False,False,True,False
2025-03-27,2025-04-03,2249.0,2178.0,persistence,0.0,2178.0,2178.0,2032.6872474966551,2224.3256978300496,2332.9033407611987,development_oof,5,False,False,True,False
2025-03-27,2025-04-03,2249.0,2178.0,ridge,-3.7501805227821023,2174.249819477218,2178.0,2032.6872474966551,2224.3256978300496,2332.9033407611987,development_oof,5,False,False,True,False
2025-03-27,2025-04-03,2249.0,2178.0,sarimax,-241.51244093071045,1936.4875590692895,2178.0,2032.6872474966551,2224.3256978300496,2332.9033407611987,development_oof,5,False,False,True,False
2025-03-27,2025-04-03,2249.0,2178.0,sarimax_boosting_hybrid,-73.77447604880444,2104.2255239511956,2178.0,2032.6872474966551,2224.3256978300496,2332.9033407611987,development_oof,3,False,False,True,False
2025-03-27,2025-04-03,2249.0,2178.0,seven_day_drift,34.0,2212.0,2178.0,2032.6872474966551,2224.3256978300496,2332.9033407611987,development_oof,5,False,False,True,False
2025-03-27,2025-04-03,2249.0,2178.0,validation_weighted_ensemble,36.202853151079125,2214.202853151079,2178.0,2032.6872474966551,2224.3256978300496,2332.9033407611987,development_oof,5,False,False,True,False
2025-03-27,2025-04-03,2249.0,2178.0,xgboost,43.47495651245117,2221.474956512451,2178.0,2032.6872474966551,2224.3256978300496,2332.9033407611987,development_oof,5,False,False,True,False
2025-03-28,2025-04-04,2249.0,2188.0,catboost,39.50713287769713,2227.507132877697,2188.0,2037.923857535472,2231.654076692046,2342.947009336709,development_oof,5,True,False,False,False
2025-03-28,2025-04-04,2249.0,2188.0,elastic_net,46.5495353957067,2234.5495353957067,2188.0,2037.923857535472,2231.654076692046,2342.947009336709,development_oof,5,True,False,False,False
2025-03-28,2025-04-04,2249.0,2188.0,ets,-82.17812487460378,2105.821875125396,2188.0,2037.923857535472,2231.654076692046,2342.947009336709,development_oof,5,True,False,False,False
2025-03-28,2025-04-04,2249.0,2188.0,lightgbm,26.97804197523601,2214.978041975236,2188.0,2037.923857535472,2231.654076692046,2342.947009336709,development_oof,5,True,False,False,False
2025-03-28,2025-04-04,2249.0,2188.0,persistence,0.0,2188.0,2188.0,2037.923857535472,2231.654076692046,2342.947009336709,development_oof,5,True,False,False,False
2025-03-28,2025-04-04,2249.0,2188.0,ridge,46.03889884546379,2234.038898845464,2188.0,2037.923857535472,2231.654076692046,2342.947009336709,development_oof,5,True,False,False,False
2025-03-28,2025-04-04,2249.0,2188.0,sarimax,-241.89041595637855,1946.1095840436215,2188.0,2037.923857535472,2231.654076692046,2342.947009336709,development_oof,5,True,False,False,False
2025-03-28,2025-04-04,2249.0,2188.0,sarimax_boosting_hybrid,-73.85720929544505,2114.142790704555,2188.0,2037.923857535472,2231.654076692046,2342.947009336709,development_oof,3,True,False,False,False
2025-03-28,2025-04-04,2249.0,2188.0,seven_day_drift,37.0,2225.0,2188.0,2037.923857535472,2231.654076692046,2342.947009336709,development_oof,5,True,False,False,False
2025-03-28,2025-04-04,2249.0,2188.0,validation_weighted_ensemble,38.00285315107885,2226.002853151079,2188.0,2037.923857535472,2231.654076692046,2342.947009336709,development_oof,5,True,False,False,False
2025-03-28,2025-04-04,2249.0,2188.0,xgboost,43.47495651245117,2231.474956512451,2188.0,2037.923857535472,2231.654076692046,2342.947009336709,development_oof,5,True,False,False,False
2025-03-29,2025-04-05,2248.0,2198.0,catboost,39.50713287769713,2237.507132877697,2198.0,2048.499065177736,2238.585098632247,2355.1796139175544,development_oof,5,True,False,False,False
2025-03-29,2025-04-05,2248.0,2198.0,elastic_net,26.642292395427376,2224.6422923954274,2198.0,2048.499065177736,2238.585098632247,2355.1796139175544,development_oof,5,True,False,False,False
2025-03-29,2025-04-05,2248.0,2198.0,ets,-82.12171201329238,2115.8782879867076,2198.0,2048.499065177736,2238.585098632247,2355.1796139175544,development_oof,5,True,False,False,False
2025-03-29,2025-04-05,2248.0,2198.0,lightgbm,26.97804197523601,2224.978041975236,2198.0,2048.499065177736,2238.585098632247,2355.1796139175544,development_oof,5,True,False,False,False
2025-03-29,2025-04-05,2248.0,2198.0,persistence,0.0,2198.0,2198.0,2048.499065177736,2238.585098632247,2355.1796139175544,development_oof,5,True,False,False,False
2025-03-29,2025-04-05,2248.0,2198.0,ridge,36.06403882100585,2234.064038821006,2198.0,2048.499065177736,2238.585098632247,2355.1796139175544,development_oof,5,True,False,False,False
2025-03-29,2025-04-05,2248.0,2198.0,sarimax,-242.2653575823981,1955.734642417602,2198.0,2048.499065177736,2238.585098632247,2355.1796139175544,development_oof,5,True,False,False,False
2025-03-29,2025-04-05,2248.0,2198.0,sarimax_boosting_hybrid,-75.4470637393988,2122.552936260601,2198.0,2048.499065177736,2238.585098632247,2355.1796139175544,development_oof,3,True,False,False,False
2025-03-29,2025-04-05,2248.0,2198.0,seven_day_drift,40.0,2238.0,2198.0,2048.499065177736,2238.585098632247,2355.1796139175544,development_oof,5,True,False,False,False
2025-03-29,2025-04-05,2248.0,2198.0,validation_weighted_ensemble,39.802853151079034,2237.802853151079,2198.0,2048.499065177736,2238.585098632247,2355.1796139175544,development_oof,5,True,False,False,False
2025-03-29,2025-04-05,2248.0,2198.0,xgboost,40.072113037109375,2238.0721130371094,2198.0,2048.499065177736,2238.585098632247,2355.1796139175544,development_oof,5,True,False,False,False
2025-03-30,2025-04-06,2248.0,2208.0,catboost,39.50713287769713,2247.507132877697,2208.0,2064.4917149041166,2248.585098632247,2362.779614066074,development_oof,5,False,False,True,False
2025-03-30,2025-04-06,2248.0,2208.0,elastic_net,21.98818180487524,2229.9881818048752,2208.0,2064.4917149041166,2248.585098632247,2362.779614066074,development_oof,5,False,False,True,False
2025-03-30,2025-04-06,2248.0,2208.0,ets,-82.07658172424317,2125.923418275757,2208.0,2064.4917149041166,2248.585098632247,2362.779614066074,development_oof,5,False,False,True,False
2025-03-30,2025-04-06,2248.0,2208.0,lightgbm,26.97804197523601,2234.978041975236,2208.0,2064.4917149041166,2248.585098632247,2362.779614066074,development_oof,5,False,False,True,False
2025-03-30,2025-04-06,2248.0,2208.0,persistence,0.0,2208.0,2208.0,2064.4917149041166,2248.585098632247,2362.779614066074,development_oof,5,False,False,True,False
2025-03-30,2025-04-06,2248.0,2208.0,ridge,31.058986071450818,2239.058986071451,2208.0,2064.4917149041166,2248.585098632247,2362.779614066074,development_oof,5,False,False,True,False
2025-03-30,2025-04-06,2248.0,2208.0,sarimax,-242.637513037615,1965.362486962385,2208.0,2064.4917149041166,2248.585098632247,2362.779614066074,development_oof,5,False,False,True,False
2025-03-30,2025-04-06,2248.0,2208.0,sarimax_boosting_hybrid,-73.66568980780175,2134.3343101921982,2208.0,2064.4917149041166,2248.585098632247,2362.779614066074,development_oof,3,False,False,True,False
2025-03-30,2025-04-06,2248.0,2208.0,seven_day_drift,43.0,2251.0,2208.0,2064.4917149041166,2248.585098632247,2362.779614066074,development_oof,5,False,False,True,False
2025-03-30,2025-04-06,2248.0,2208.0,validation_weighted_ensemble,41.60285315107876,2249.6028531510788,2208.0,2064.4917149041166,2248.585098632247,2362.779614066074,development_oof,5,False,False,True,False
2025-03-30,2025-04-06,2248.0,2208.0,xgboost,40.072113037109375,2248.0721130371094,2208.0,2064.4917149041166,2248.585098632247,2362.779614066074,development_oof,5,False,False,True,False
2025-03-31,2025-04-07,2259.0,2218.0,catboost,39.50713287769713,2257.507132877697,2218.0,2073.7095173416637,2258.585098632247,2373.550596556008,development_oof,5,False,False,True,False
2025-03-31,2025-04-07,2259.0,2218.0,elastic_net,-22.26695588010807,2195.733044119892,2218.0,2073.7095173416637,2258.585098632247,2373.550596556008,development_oof,5,False,False,True,False
2025-03-31,2025-04-07,2259.0,2218.0,ets,-82.04047749300389,2135.959522506996,2218.0,2073.7095173416637,2258.585098632247,2373.550596556008,development_oof,5,False,False,True,False
2025-03-31,2025-04-07,2259.0,2218.0,lightgbm,26.97804197523601,2244.978041975236,2218.0,2073.7095173416637,2258.585098632247,2373.550596556008,development_oof,5,False,False,True,False
2025-03-31,2025-04-07,2259.0,2218.0,persistence,0.0,2218.0,2218.0,2073.7095173416637,2258.585098632247,2373.550596556008,development_oof,5,False,False,True,False
2025-03-31,2025-04-07,2259.0,2218.0,ridge,-10.57250588458146,2207.4274941154185,2218.0,2073.7095173416637,2258.585098632247,2373.550596556008,development_oof,5,False,False,True,False
2025-03-31,2025-04-07,2259.0,2218.0,sarimax,-243.006646983074,1974.993353016926,2218.0,2073.7095173416637,2258.585098632247,2373.550596556008,development_oof,5,False,False,True,False
2025-03-31,2025-04-07,2259.0,2218.0,sarimax_boosting_hybrid,-74.53299904414325,2143.4670009558567,2218.0,2073.7095173416637,2258.585098632247,2373.550596556008,development_oof,3,False,False,True,False
2025-03-31,2025-04-07,2259.0,2218.0,seven_day_drift,66.0,2284.0,2218.0,2073.7095173416637,2258.585098632247,2373.550596556008,development_oof,5,False,False,True,False
2025-03-31,2025-04-07,2259.0,2218.0,validation_weighted_ensemble,55.40285315107894,2273.402853151079,2218.0,2073.7095173416637,2258.585098632247,2373.550596556008,development_oof,5,False,False,True,False
2025-03-31,2025-04-07,2259.0,2218.0,xgboost,40.072113037109375,2258.0721130371094,2218.0,2073.7095173416637,2258.585098632247,2373.550596556008,development_oof,5,False,False,True,False
2025-04-01,2025-04-08,2277.0,2227.0,catboost,39.50713287769713,2266.507132877697,2227.0,2081.7806554981116,2267.585098632247,2406.85411600671,development_oof,5,False,False,False,False
2025-04-01,2025-04-08,2277.0,2227.0,elastic_net,-34.10177936499076,2192.8982206350092,2227.0,2081.7806554981116,2267.585098632247,2406.85411600671,development_oof,5,False,False,False,False
2025-04-01,2025-04-08,2277.0,2227.0,ets,-82.01159410801256,2144.9884058919874,2227.0,2081.7806554981116,2267.585098632247,2406.85411600671,development_oof,5,False,False,False,False
2025-04-01,2025-04-08,2277.0,2227.0,lightgbm,26.97804197523601,2253.978041975236,2227.0,2081.7806554981116,2267.585098632247,2406.85411600671,development_oof,5,False,False,False,False
2025-04-01,2025-04-08,2277.0,2227.0,persistence,0.0,2227.0,2227.0,2081.7806554981116,2267.585098632247,2406.85411600671,development_oof,5,False,False,False,False
2025-04-01,2025-04-08,2277.0,2227.0,ridge,-17.698080510798718,2209.3019194892013,2227.0,2081.7806554981116,2267.585098632247,2406.85411600671,development_oof,5,False,False,False,False
2025-04-01,2025-04-08,2277.0,2227.0,sarimax,-243.37269029947493,1983.627309700525,2227.0,2081.7806554981116,2267.585098632247,2406.85411600671,development_oof,5,False,False,False,False
2025-04-01,2025-04-08,2277.0,2227.0,sarimax_boosting_hybrid,-83.17581076813985,2143.82418923186,2227.0,2081.7806554981116,2267.585098632247,2406.85411600671,development_oof,3,False,False,False,False
2025-04-01,2025-04-08,2277.0,2227.0,seven_day_drift,63.0,2290.0,2227.0,2081.7806554981116,2267.585098632247,2406.85411600671,development_oof,5,False,False,False,False
2025-04-01,2025-04-08,2277.0,2227.0,validation_weighted_ensemble,53.60285315107876,2280.6028531510788,2227.0,2081.7806554981116,2267.585098632247,2406.85411600671,development_oof,5,False,False,False,False
2025-04-01,2025-04-08,2277.0,2227.0,xgboost,40.072113037109375,2267.0721130371094,2227.0,2081.7806554981116,2267.585098632247,2406.85411600671,development_oof,5,False,False,False,False
2025-04-02,2025-04-09,2270.0,2239.0,catboost,39.50713287769713,2278.507132877697,2239.0,2099.6260206407596,2277.9961834713117,2405.196815899813,development_oof,5,False,False,True,False
2025-04-02,2025-04-09,2270.0,2239.0,elastic_net,-3.22934323503614,2235.770656764964,2239.0,2099.6260206407596,2277.9961834713117,2405.196815899813,development_oof,5,False,False,True,False
2025-04-02,2025-04-09,2270.0,2239.0,ets,-81.9884874000195,2157.0115125999805,2239.0,2099.6260206407596,2277.9961834713117,2405.196815899813,development_oof,5,False,False,True,False
2025-04-02,2025-04-09,2270.0,2239.0,lightgbm,26.97804197523601,2265.978041975236,2239.0,2099.6260206407596,2277.9961834713117,2405.196815899813,development_oof,5,False,False,True,False
2025-04-02,2025-04-09,2270.0,2239.0,persistence,0.0,2239.0,2239.0,2099.6260206407596,2277.9961834713117,2405.196815899813,development_oof,5,False,False,True,False
2025-04-02,2025-04-09,2270.0,2239.0,ridge,11.369070183580789,2250.369070183581,2239.0,2099.6260206407596,2277.9961834713117,2405.196815899813,development_oof,5,False,False,True,False
2025-04-02,2025-04-09,2270.0,2239.0,sarimax,-243.73736925543608,1995.262630744564,2239.0,2099.6260206407596,2277.9961834713117,2405.196815899813,development_oof,5,False,False,True,False
2025-04-02,2025-04-09,2270.0,2239.0,sarimax_boosting_hybrid,-86.11642109237346,2152.8835789076265,2239.0,2099.6260206407596,2277.9961834713117,2405.196815899813,development_oof,3,False,False,True,False
2025-04-02,2025-04-09,2270.0,2239.0,seven_day_drift,59.0,2298.0,2239.0,2099.6260206407596,2277.9961834713117,2405.196815899813,development_oof,5,False,False,True,False
2025-04-02,2025-04-09,2270.0,2239.0,validation_weighted_ensemble,51.20285315107867,2290.2028531510787,2239.0,2099.6260206407596,2277.9961834713117,2405.196815899813,development_oof,5,False,False,True,False
2025-04-02,2025-04-09,2270.0,2239.0,xgboost,40.072113037109375,2279.0721130371094,2239.0,2099.6260206407596,2277.9961834713117,2405.196815899813,development_oof,5,False,False,True,False
2025-04-03,2025-04-10,2290.0,2249.0,catboost,39.50713287769713,2288.507132877697,2249.0,2110.788186274956,2289.585098632247,2428.315389944908,development_oof,5,False,False,True,False
2025-04-03,2025-04-10,2290.0,2249.0,elastic_net,35.63815237782728,2284.6381523778273,2249.0,2110.788186274956,2289.585098632247,2428.315389944908,development_oof,5,False,False,True,False
2025-04-03,2025-04-10,2290.0,2249.0,ets,-81.97000203362495,2167.029997966375,2249.0,2110.788186274956,2289.585098632247,2428.315389944908,development_oof,5,False,False,True,False
2025-04-03,2025-04-10,2290.0,2249.0,lightgbm,26.97804197523601,2275.978041975236,2249.0,2110.788186274956,2289.585098632247,2428.315389944908,development_oof,5,False,False,True,False
2025-04-03,2025-04-10,2290.0,2249.0,persistence,0.0,2249.0,2249.0,2110.788186274956,2289.585098632247,2428.315389944908,development_oof,5,False,False,True,False
2025-04-03,2025-04-10,2290.0,2249.0,ridge,43.392653732013514,2292.3926537320135,2249.0,2110.788186274956,2289.585098632247,2428.315389944908,development_oof,5,False,False,True,False
2025-04-03,2025-04-10,2290.0,2249.0,sarimax,-244.1000353438958,2004.8999646561042,2249.0,2110.788186274956,2289.585098632247,2428.315389944908,development_oof,5,False,False,True,False
2025-04-03,2025-04-10,2290.0,2249.0,sarimax_boosting_hybrid,-82.95378240024229,2166.0462175997577,2249.0,2110.788186274956,2289.585098632247,2428.315389944908,development_oof,3,False,False,True,False
2025-04-03,2025-04-10,2290.0,2249.0,seven_day_drift,71.0,2320.0,2249.0,2110.788186274956,2289.585098632247,2428.315389944908,development_oof,5,False,False,True,False
2025-04-03,2025-04-10,2290.0,2249.0,validation_weighted_ensemble,58.40285315107894,2307.402853151079,2249.0,2110.788186274956,2289.585098632247,2428.315389944908,development_oof,5,False,False,True,False
2025-04-03,2025-04-10,2290.0,2249.0,xgboost,40.072113037109375,2289.0721130371094,2249.0,2110.788186274956,2289.585098632247,2428.315389944908,development_oof,5,False,False,True,False
2025-04-04,2025-04-11,2289.0,2249.0,catboost,39.50713287769713,2288.507132877697,2249.0,2105.960198561511,2289.585098632247,2404.568304744442,development_oof,5,True,False,False,False
2025-04-04,2025-04-11,2289.0,2249.0,elastic_net,54.2891608305099,2303.28916083051,2249.0,2105.960198561511,2289.585098632247,2404.568304744442,development_oof,5,True,False,False,False
2025-04-04,2025-04-11,2289.0,2249.0,ets,-81.95521374050941,2167.0447862594906,2249.0,2105.960198561511,2289.585098632247,2404.568304744442,development_oof,5,True,False,False,False
2025-04-04,2025-04-11,2289.0,2249.0,lightgbm,26.97804197523601,2275.978041975236,2249.0,2105.960198561511,2289.585098632247,2404.568304744442,development_oof,5,True,False,False,False
2025-04-04,2025-04-11,2289.0,2249.0,persistence,0.0,2249.0,2249.0,2105.960198561511,2289.585098632247,2404.568304744442,development_oof,5,True,False,False,False
2025-04-04,2025-04-11,2289.0,2249.0,ridge,57.208602998342485,2306.2086029983425,2249.0,2105.960198561511,2289.585098632247,2404.568304744442,development_oof,5,True,False,False,False
2025-04-04,2025-04-11,2289.0,2249.0,sarimax,-244.46093640879212,2004.5390635912079,2249.0,2105.960198561511,2289.585098632247,2404.568304744442,development_oof,5,True,False,False,False
2025-04-04,2025-04-11,2289.0,2249.0,sarimax_boosting_hybrid,-86.42406321921862,2162.5759367807814,2249.0,2105.960198561511,2289.585098632247,2404.568304744442,development_oof,3,True,False,False,False
2025-04-04,2025-04-11,2289.0,2249.0,seven_day_drift,61.0,2310.0,2249.0,2105.960198561511,2289.585098632247,2404.568304744442,development_oof,5,True,False,False,False
2025-04-04,2025-04-11,2289.0,2249.0,validation_weighted_ensemble,52.40285315107894,2301.402853151079,2249.0,2105.960198561511,2289.585098632247,2404.568304744442,development_oof,5,True,False,False,False
2025-04-04,2025-04-11,2289.0,2249.0,xgboost,40.072113037109375,2289.0721130371094,2249.0,2105.960198561511,2289.585098632247,2404.568304744442,development_oof,5,True,False,False,False
2025-04-05,2025-04-12,2299.0,2248.0,catboost,39.50713287769713,2287.507132877697,2248.0,2102.2659294425025,2288.585098632247,2405.800909325287,development_oof,5,True,False,False,False
2025-04-05,2025-04-12,2299.0,2248.0,elastic_net,23.226050001498606,2271.2260500014986,2248.0,2102.2659294425025,2288.585098632247,2405.800909325287,development_oof,5,True,False,False,False
2025-04-05,2025-04-12,2299.0,2248.0,ets,-81.94338310601688,2166.056616893983,2248.0,2102.2659294425025,2288.585098632247,2405.800909325287,development_oof,5,True,False,False,False
2025-04-05,2025-04-12,2299.0,2248.0,lightgbm,26.97804197523601,2274.978041975236,2248.0,2102.2659294425025,2288.585098632247,2405.800909325287,development_oof,5,True,False,False,False
2025-04-05,2025-04-12,2299.0,2248.0,persistence,0.0,2248.0,2248.0,2102.2659294425025,2288.585098632247,2405.800909325287,development_oof,5,True,False,False,False
2025-04-05,2025-04-12,2299.0,2248.0,ridge,36.68141257812249,2284.6814125781225,2248.0,2102.2659294425025,2288.585098632247,2405.800909325287,development_oof,5,True,False,False,False
2025-04-05,2025-04-12,2299.0,2248.0,sarimax,-244.8202161626525,2003.1797838373475,2248.0,2102.2659294425025,2288.585098632247,2405.800909325287,development_oof,5,True,False,False,False
2025-04-05,2025-04-12,2299.0,2248.0,sarimax_boosting_hybrid,-86.12899689743381,2161.871003102566,2248.0,2102.2659294425025,2288.585098632247,2405.800909325287,development_oof,3,True,False,False,False
2025-04-05,2025-04-12,2299.0,2248.0,seven_day_drift,50.0,2298.0,2248.0,2102.2659294425025,2288.585098632247,2405.800909325287,development_oof,5,True,False,False,False
2025-04-05,2025-04-12,2299.0,2248.0,validation_weighted_ensemble,45.802853151079034,2293.802853151079,2248.0,2102.2659294425025,2288.585098632247,2405.800909325287,development_oof,5,True,False,False,False
2025-04-05,2025-04-12,2299.0,2248.0,xgboost,40.072113037109375,2288.0721130371094,2248.0,2102.2659294425025,2288.585098632247,2405.800909325287,development_oof,5,True,False,False,False
2025-04-06,2025-04-13,2309.0,2248.0,catboost,39.50713287769713,2287.507132877697,2248.0,2103.8800199684965,2288.585098632247,2403.9837964026638,development_oof,5,False,False,False,False
2025-04-06,2025-04-13,2309.0,2248.0,elastic_net,7.483032123510839,2255.483032123511,2248.0,2103.8800199684965,2288.585098632247,2403.9837964026638,development_oof,5,False,False,False,False
2025-04-06,2025-04-13,2309.0,2248.0,ets,-81.93391859842313,2166.066081401577,2248.0,2103.8800199684965,2288.585098632247,2403.9837964026638,development_oof,5,False,False,False,False
2025-04-06,2025-04-13,2309.0,2248.0,lightgbm,26.97804197523601,2274.978041975236,2248.0,2103.8800199684965,2288.585098632247,2403.9837964026638,development_oof,5,False,False,False,False
2025-04-06,2025-04-13,2309.0,2248.0,persistence,0.0,2248.0,2248.0,2103.8800199684965,2288.585098632247,2403.9837964026638,development_oof,5,False,False,False,False
2025-04-06,2025-04-13,2309.0,2248.0,ridge,19.169375083408795,2267.169375083409,2248.0,2103.8800199684965,2288.585098632247,2403.9837964026638,development_oof,5,False,False,False,False
2025-04-06,2025-04-13,2309.0,2248.0,sarimax,-245.17801312004258,2002.8219868799574,2248.0,2103.8800199684965,2288.585098632247,2403.9837964026638,development_oof,5,False,False,False,False
2025-04-06,2025-04-13,2309.0,2248.0,sarimax_boosting_hybrid,-80.38682237870034,2167.6131776212997,2248.0,2103.8800199684965,2288.585098632247,2403.9837964026638,development_oof,3,False,False,False,False
2025-04-06,2025-04-13,2309.0,2248.0,seven_day_drift,40.0,2288.0,2248.0,2103.8800199684965,2288.585098632247,2403.9837964026638,development_oof,5,False,False,False,False
2025-04-06,2025-04-13,2309.0,2248.0,validation_weighted_ensemble,39.802853151079034,2287.802853151079,2248.0,2103.8800199684965,2288.585098632247,2403.9837964026638,development_oof,5,False,False,False,False
2025-04-06,2025-04-13,2309.0,2248.0,xgboost,40.072113037109375,2288.0721130371094,2248.0,2103.8800199684965,2288.585098632247,2403.9837964026638,development_oof,5,False,False,False,False
2025-04-07,2025-04-14,2308.0,2259.0,catboost,39.50713287769713,2298.507132877697,2259.0,2114.91076476436,2297.9961834713117,2437.6253356693965,development_oof,5,False,False,True,False
2025-04-07,2025-04-14,2308.0,2259.0,elastic_net,-16.25612004573577,2242.7438799542642,2259.0,2114.91076476436,2297.9961834713117,2437.6253356693965,development_oof,5,False,False,True,False
2025-04-07,2025-04-14,2308.0,2259.0,ets,-81.92634699234804,2177.073653007652,2259.0,2114.91076476436,2297.9961834713117,2437.6253356693965,development_oof,5,False,False,True,False
2025-04-07,2025-04-14,2308.0,2259.0,lightgbm,26.97804197523601,2285.978041975236,2259.0,2114.91076476436,2297.9961834713117,2437.6253356693965,development_oof,5,False,False,True,False
2025-04-07,2025-04-14,2308.0,2259.0,persistence,0.0,2259.0,2259.0,2114.91076476436,2297.9961834713117,2437.6253356693965,development_oof,5,False,False,True,False
2025-04-07,2025-04-14,2308.0,2259.0,ridge,-4.157194663623159,2254.842805336377,2259.0,2114.91076476436,2297.9961834713117,2437.6253356693965,development_oof,5,False,False,True,False
2025-04-07,2025-04-14,2308.0,2259.0,sarimax,-245.53444256530315,2013.4655574346968,2259.0,2114.91076476436,2297.9961834713117,2437.6253356693965,development_oof,5,False,False,True,False
2025-04-07,2025-04-14,2308.0,2259.0,sarimax_boosting_hybrid,-79.1905227827624,2179.8094772172376,2259.0,2114.91076476436,2297.9961834713117,2437.6253356693965,development_oof,3,False,False,True,False
2025-04-07,2025-04-14,2308.0,2259.0,seven_day_drift,41.0,2300.0,2259.0,2114.91076476436,2297.9961834713117,2437.6253356693965,development_oof,5,False,False,True,False
2025-04-07,2025-04-14,2308.0,2259.0,validation_weighted_ensemble,40.40285315107894,2299.402853151079,2259.0,2114.91076476436,2297.9961834713117,2437.6253356693965,development_oof,5,False,False,True,False
2025-04-07,2025-04-14,2308.0,2259.0,xgboost,40.072113037109375,2299.0721130371094,2259.0,2114.91076476436,2297.9961834713117,2437.6253356693965,development_oof,5,False,False,True,False
2025-04-08,2025-04-15,2305.0,2277.0,catboost,39.50713287769713,2316.507132877697,2277.0,2132.857687795571,2317.585098632247,2459.4058535200074,development_oof,5,False,False,True,False
2025-04-08,2025-04-15,2305.0,2277.0,elastic_net,-11.52199864718932,2265.4780013528107,2277.0,2132.857687795571,2317.585098632247,2459.4058535200074,development_oof,5,False,False,True,False
2025-04-08,2025-04-15,2305.0,2277.0,ets,-81.92028970748788,2195.079710292512,2277.0,2132.857687795571,2317.585098632247,2459.4058535200074,development_oof,5,False,False,True,False
2025-04-08,2025-04-15,2305.0,2277.0,lightgbm,26.97804197523601,2303.978041975236,2277.0,2132.857687795571,2317.585098632247,2459.4058535200074,development_oof,5,False,False,True,False
2025-04-08,2025-04-15,2305.0,2277.0,persistence,0.0,2277.0,2277.0,2132.857687795571,2317.585098632247,2459.4058535200074,development_oof,5,False,False,True,False
2025-04-08,2025-04-15,2305.0,2277.0,ridge,5.074980102964673,2282.0749801029647,2277.0,2132.857687795571,2317.585098632247,2459.4058535200074,development_oof,5,False,False,True,False
2025-04-08,2025-04-15,2305.0,2277.0,sarimax,-245.88961351123135,2031.1103864887687,2277.0,2132.857687795571,2317.585098632247,2459.4058535200074,development_oof,5,False,False,True,False
2025-04-08,2025-04-15,2305.0,2277.0,sarimax_boosting_hybrid,-78.96573964376557,2198.0342603562344,2277.0,2132.857687795571,2317.585098632247,2459.4058535200074,development_oof,3,False,False,True,False
2025-04-08,2025-04-15,2305.0,2277.0,seven_day_drift,50.0,2327.0,2277.0,2132.857687795571,2317.585098632247,2459.4058535200074,development_oof,5,False,False,True,False
2025-04-08,2025-04-15,2305.0,2277.0,validation_weighted_ensemble,45.802853151079034,2322.802853151079,2277.0,2132.857687795571,2317.585098632247,2459.4058535200074,development_oof,5,False,False,True,False
2025-04-08,2025-04-15,2305.0,2277.0,xgboost,40.072113037109375,2317.0721130371094,2277.0,2132.857687795571,2317.585098632247,2459.4058535200074,development_oof,5,False,False,True,False
2025-04-09,2025-04-16,2321.0,2270.0,catboost,39.50713287769713,2309.507132877697,2270.0,2123.173586132043,2310.585098632247,2427.0633286120947,development_oof,5,False,False,True,False
2025-04-09,2025-04-16,2321.0,2270.0,elastic_net,-33.58194834618189,2236.418051653818,2270.0,2123.173586132043,2310.585098632247,2427.0633286120947,development_oof,5,False,False,True,False
2025-04-09,2025-04-16,2321.0,2270.0,ets,-81.91544387959948,2188.0845561204005,2270.0,2123.173586132043,2310.585098632247,2427.0633286120947,development_oof,5,False,False,True,False
2025-04-09,2025-04-16,2321.0,2270.0,lightgbm,26.97804197523601,2296.978041975236,2270.0,2123.173586132043,2310.585098632247,2427.0633286120947,development_oof,5,False,False,True,False
2025-04-09,2025-04-16,2321.0,2270.0,persistence,0.0,2270.0,2270.0,2123.173586132043,2310.585098632247,2427.0633286120947,development_oof,5,False,False,True,False
2025-04-09,2025-04-16,2321.0,2270.0,ridge,-16.645609503171272,2253.3543904968287,2270.0,2123.173586132043,2310.585098632247,2427.0633286120947,development_oof,5,False,False,True,False
2025-04-09,2025-04-16,2321.0,2270.0,sarimax,-246.24366973380893,2023.756330266191,2270.0,2123.173586132043,2310.585098632247,2427.0633286120947,development_oof,5,False,False,True,False
2025-04-09,2025-04-16,2321.0,2270.0,sarimax_boosting_hybrid,-83.45313115139015,2186.54686884861,2270.0,2123.173586132043,2310.585098632247,2427.0633286120947,development_oof,3,False,False,True,False
2025-04-09,2025-04-16,2321.0,2270.0,seven_day_drift,31.0,2301.0,2270.0,2123.173586132043,2310.585098632247,2427.0633286120947,development_oof,5,False,False,True,False
2025-04-09,2025-04-16,2321.0,2270.0,validation_weighted_ensemble,34.40285315107894,2304.402853151079,2270.0,2123.173586132043,2310.585098632247,2427.0633286120947,development_oof,5,False,False,True,False
2025-04-09,2025-04-16,2321.0,2270.0,xgboost,40.072113037109375,2310.0721130371094,2270.0,2123.173586132043,2310.585098632247,2427.0633286120947,development_oof,5,False,False,True,False
2025-04-10,2025-04-17,2314.0,2290.0,catboost,39.50713287769713,2329.507132877697,2290.0,2141.4324790229357,2330.585098632247,2482.599845367024,development_oof,5,False,False,True,False
2025-04-10,2025-04-17,2314.0,2290.0,elastic_net,26.673717309085987,2316.673717309086,2290.0,2141.4324790229357,2330.585098632247,2482.599845367024,development_oof,5,False,False,True,False
2025-04-10,2025-04-17,2314.0,2290.0,ets,-81.9115672172893,2208.0884327827107,2290.0,2141.4324790229357,2330.585098632247,2482.599845367024,development_oof,5,False,False,True,False
2025-04-10,2025-04-17,2314.0,2290.0,lightgbm,26.97804197523601,2316.978041975236,2290.0,2141.4324790229357,2330.585098632247,2482.599845367024,development_oof,5,False,False,True,False
2025-04-10,2025-04-17,2314.0,2290.0,persistence,0.0,2290.0,2290.0,2141.4324790229357,2330.585098632247,2482.599845367024,development_oof,5,False,False,True,False
2025-04-10,2025-04-17,2314.0,2290.0,ridge,37.118600244503796,2327.118600244504,2290.0,2141.4324790229357,2330.585098632247,2482.599845367024,development_oof,5,False,False,True,False
2025-04-10,2025-04-17,2314.0,2290.0,sarimax,-246.59668782005156,2043.4033121799484,2290.0,2141.4324790229357,2330.585098632247,2482.599845367024,development_oof,5,False,False,True,False
2025-04-10,2025-04-17,2314.0,2290.0,sarimax_boosting_hybrid,-82.22986061689471,2207.7701393831053,2290.0,2141.4324790229357,2330.585098632247,2482.599845367024,development_oof,3,False,False,True,False
2025-04-10,2025-04-17,2314.0,2290.0,seven_day_drift,41.0,2331.0,2290.0,2141.4324790229357,2330.585098632247,2482.599845367024,development_oof,5,False,False,True,False
2025-04-10,2025-04-17,2314.0,2290.0,validation_weighted_ensemble,40.40285315107894,2330.402853151079,2290.0,2141.4324790229357,2330.585098632247,2482.599845367024,development_oof,5,False,False,True,False
2025-04-10,2025-04-17,2314.0,2290.0,xgboost,40.072113037109375,2330.0721130371094,2290.0,2141.4324790229357,2330.585098632247,2482.599845367024,development_oof,5,False,False,True,False
2025-04-11,2025-04-18,2316.0,2289.0,catboost,39.50713287769713,2328.507132877697,2289.0,2138.866607480663,2329.585098632247,2452.617491675364,development_oof,5,False,False,False,False
2025-04-11,2025-04-18,2316.0,2289.0,elastic_net,55.386768838422995,2344.386768838423,2289.0,2138.866607480663,2329.585098632247,2452.617491675364,development_oof,5,False,False,False,False
2025-04-11,2025-04-18,2316.0,2289.0,ets,-81.9084658874408,2207.091534112559,2289.0,2138.866607480663,2329.585098632247,2452.617491675364,development_oof,5,False,False,False,False
2025-04-11,2025-04-18,2316.0,2289.0,lightgbm,26.97804197523601,2315.978041975236,2289.0,2138.866607480663,2329.585098632247,2452.617491675364,development_oof,5,False,False,False,False
2025-04-11,2025-04-18,2316.0,2289.0,persistence,0.0,2289.0,2289.0,2138.866607480663,2329.585098632247,2452.617491675364,development_oof,5,False,False,False,False
2025-04-11,2025-04-18,2316.0,2289.0,ridge,53.85226549700474,2342.8522654970047,2289.0,2138.866607480663,2329.585098632247,2452.617491675364,development_oof,5,False,False,False,False
2025-04-11,2025-04-18,2316.0,2289.0,sarimax,-246.94875851942425,2042.0512414805758,2289.0,2138.866607480663,2329.585098632247,2452.617491675364,development_oof,5,False,False,False,False
2025-04-11,2025-04-18,2316.0,2289.0,sarimax_boosting_hybrid,-92.16882270209862,2196.8311772979014,2289.0,2138.866607480663,2329.585098632247,2452.617491675364,development_oof,3,False,False,False,False
2025-04-11,2025-04-18,2316.0,2289.0,seven_day_drift,40.0,2329.0,2289.0,2138.866607480663,2329.585098632247,2452.617491675364,development_oof,5,False,False,False,False
2025-04-11,2025-04-18,2316.0,2289.0,validation_weighted_ensemble,39.80285315107858,2328.8028531510786,2289.0,2138.866607480663,2329.585098632247,2452.617491675364,development_oof,5,False,False,False,False
2025-04-11,2025-04-18,2316.0,2289.0,xgboost,40.072113037109375,2329.0721130371094,2289.0,2138.866607480663,2329.585098632247,2452.617491675364,development_oof,5,False,False,False,False
2025-04-12,2025-04-19,2318.0,2299.0,catboost,39.50713287769713,2338.507132877697,2299.0,2149.441815122927,2339.585098632247,2481.1872305026172,development_oof,5,True,False,False,False
2025-04-12,2025-04-19,2318.0,2299.0,elastic_net,43.792105496333534,2342.7921054963335,2299.0,2149.441815122927,2339.585098632247,2481.1872305026172,development_oof,5,True,False,False,False
2025-04-12,2025-04-19,2318.0,2299.0,ets,-81.905984823562,2217.094015176438,2299.0,2149.441815122927,2339.585098632247,2481.1872305026172,development_oof,5,True,False,False,False
2025-04-12,2025-04-19,2318.0,2299.0,lightgbm,26.97804197523601,2325.978041975236,2299.0,2149.441815122927,2339.585098632247,2481.1872305026172,development_oof,5,True,False,False,False
2025-04-12,2025-04-19,2318.0,2299.0,persistence,0.0,2299.0,2299.0,2149.441815122927,2339.585098632247,2481.1872305026172,development_oof,5,True,False,False,False
2025-04-12,2025-04-19,2318.0,2299.0,ridge,55.98409116865241,2354.9840911686524,2299.0,2149.441815122927,2339.585098632247,2481.1872305026172,development_oof,5,True,False,False,False
2025-04-12,2025-04-19,2318.0,2299.0,sarimax,-247.29996276796282,2051.700037232037,2299.0,2149.441815122927,2339.585098632247,2481.1872305026172,development_oof,5,True,False,False,False
2025-04-12,2025-04-19,2318.0,2299.0,sarimax_boosting_hybrid,-90.34310198966159,2208.6568980103384,2299.0,2149.441815122927,2339.585098632247,2481.1872305026172,development_oof,3,True,False,False,False
2025-04-12,2025-04-19,2318.0,2299.0,seven_day_drift,51.0,2350.0,2299.0,2149.441815122927,2339.585098632247,2481.1872305026172,development_oof,5,True,False,False,False
2025-04-12,2025-04-19,2318.0,2299.0,validation_weighted_ensemble,46.40285315107894,2345.402853151079,2299.0,2149.441815122927,2339.585098632247,2481.1872305026172,development_oof,5,True,False,False,False
2025-04-12,2025-04-19,2318.0,2299.0,xgboost,40.072113037109375,2339.0721130371094,2299.0,2149.441815122927,2339.585098632247,2481.1872305026172,development_oof,5,True,False,False,False
2025-04-13,2025-04-20,2320.0,2309.0,catboost,39.50713287769713,2348.507132877697,2309.0,2167.5149885688406,2349.585098632247,2495.55868330838,development_oof,5,False,False,True,False
2025-04-13,2025-04-20,2320.0,2309.0,elastic_net,39.75497644562438,2348.7549764456244,2309.0,2167.5149885688406,2349.585098632247,2495.55868330838,development_oof,5,False,False,True,False
2025-04-13,2025-04-20,2320.0,2309.0,ets,-81.90399997245913,2227.096000027541,2309.0,2167.5149885688406,2349.585098632247,2495.55868330838,development_oof,5,False,False,True,False
2025-04-13,2025-04-20,2320.0,2309.0,lightgbm,26.97804197523601,2335.978041975236,2309.0,2167.5149885688406,2349.585098632247,2495.55868330838,development_oof,5,False,False,True,False
2025-04-13,2025-04-20,2320.0,2309.0,persistence,0.0,2309.0,2309.0,2167.5149885688406,2349.585098632247,2495.55868330838,development_oof,5,False,False,True,False
2025-04-13,2025-04-20,2320.0,2309.0,ridge,50.74742722799965,2359.7474272279997,2309.0,2167.5149885688406,2349.585098632247,2495.55868330838,development_oof,5,False,False,True,False
2025-04-13,2025-04-20,2320.0,2309.0,sarimax,-247.65037474680048,2061.3496252531995,2309.0,2167.5149885688406,2349.585098632247,2495.55868330838,development_oof,5,False,False,True,False
2025-04-13,2025-04-20,2320.0,2309.0,sarimax_boosting_hybrid,-86.27467699708268,2222.7253230029173,2309.0,2167.5149885688406,2349.585098632247,2495.55868330838,development_oof,3,False,False,True,False
2025-04-13,2025-04-20,2320.0,2309.0,seven_day_drift,61.0,2370.0,2309.0,2167.5149885688406,2349.585098632247,2495.55868330838,development_oof,5,False,False,True,False
2025-04-13,2025-04-20,2320.0,2309.0,validation_weighted_ensemble,52.40285315107894,2361.402853151079,2309.0,2167.5149885688406,2349.585098632247,2495.55868330838,development_oof,5,False,False,True,False
2025-04-13,2025-04-20,2320.0,2309.0,xgboost,40.072113037109375,2349.0721130371094,2309.0,2167.5149885688406,2349.585098632247,2495.55868330838,development_oof,5,False,False,True,False
2025-04-14,2025-04-21,2333.0,2308.0,catboost,39.50713287769713,2347.507132877697,2308.0,2158.7517883242226,2348.585098632247,2473.438615791636,development_oof,5,False,False,False,False
2025-04-14,2025-04-21,2333.0,2308.0,elastic_net,-14.6975169159482,2293.302483084052,2308.0,2158.7517883242226,2348.585098632247,2473.438615791636,development_oof,5,False,False,False,False
2025-04-14,2025-04-21,2333.0,2308.0,ets,-81.90241209157648,2226.0975879084235,2308.0,2158.7517883242226,2348.585098632247,2473.438615791636,development_oof,5,False,False,False,False
2025-04-14,2025-04-21,2333.0,2308.0,lightgbm,26.97804197523601,2334.978041975236,2308.0,2158.7517883242226,2348.585098632247,2473.438615791636,development_oof,5,False,False,False,False
2025-04-14,2025-04-21,2333.0,2308.0,persistence,0.0,2308.0,2308.0,2158.7517883242226,2348.585098632247,2473.438615791636,development_oof,5,False,False,False,False
2025-04-14,2025-04-21,2333.0,2308.0,ridge,-3.529197350596405,2304.4708026494036,2308.0,2158.7517883242226,2348.585098632247,2473.438615791636,development_oof,5,False,False,False,False
2025-04-14,2025-04-21,2333.0,2308.0,sarimax,-248.00006200522012,2059.99993799478,2308.0,2158.7517883242226,2348.585098632247,2473.438615791636,development_oof,5,False,False,False,False
2025-04-14,2025-04-21,2333.0,2308.0,sarimax_boosting_hybrid,-91.98523681990991,2216.01476318009,2308.0,2158.7517883242226,2348.585098632247,2473.438615791636,development_oof,3,False,False,False,False
2025-04-14,2025-04-21,2333.0,2308.0,seven_day_drift,49.0,2357.0,2308.0,2158.7517883242226,2348.585098632247,2473.438615791636,development_oof,5,False,False,False,False
2025-04-14,2025-04-21,2333.0,2308.0,validation_weighted_ensemble,45.202853151079125,2353.202853151079,2308.0,2158.7517883242226,2348.585098632247,2473.438615791636,development_oof,5,False,False,False,False
2025-04-14,2025-04-21,2333.0,2308.0,xgboost,40.072113037109375,2348.0721130371094,2308.0,2158.7517883242226,2348.585098632247,2473.438615791636,development_oof,5,False,False,False,False
2025-04-15,2025-04-22,2324.0,2305.0,catboost,39.50713287769713,2344.507132877697,2305.0,2157.4744255223136,2343.9961834713117,2461.5737282504438,development_oof,5,False,False,True,False
2025-04-15,2025-04-22,2324.0,2305.0,elastic_net,-61.354458424924815,2243.645541575075,2305.0,2157.4744255223136,2343.9961834713117,2461.5737282504438,development_oof,5,False,False,True,False
2025-04-15,2025-04-22,2324.0,2305.0,ets,-81.90114178687054,2223.0988582131295,2305.0,2157.4744255223136,2343.9961834713117,2461.5737282504438,development_oof,5,False,False,True,False
2025-04-15,2025-04-22,2324.0,2305.0,lightgbm,26.97804197523601,2331.978041975236,2305.0,2157.4744255223136,2343.9961834713117,2461.5737282504438,development_oof,5,False,False,True,False
2025-04-15,2025-04-22,2324.0,2305.0,persistence,0.0,2305.0,2305.0,2157.4744255223136,2343.9961834713117,2461.5737282504438,development_oof,5,False,False,True,False
2025-04-15,2025-04-22,2324.0,2305.0,ridge,-44.36483541346615,2260.635164586534,2305.0,2157.4744255223136,2343.9961834713117,2461.5737282504438,development_oof,5,False,False,True,False
2025-04-15,2025-04-22,2324.0,2305.0,sarimax,-248.34908639738478,2056.650913602615,2305.0,2157.4744255223136,2343.9961834713117,2461.5737282504438,development_oof,5,False,False,True,False
2025-04-15,2025-04-22,2324.0,2305.0,sarimax_boosting_hybrid,-91.29092019396694,2213.709079806033,2305.0,2157.4744255223136,2343.9961834713117,2461.5737282504438,development_oof,3,False,False,True,False
2025-04-15,2025-04-22,2324.0,2305.0,seven_day_drift,28.0,2333.0,2305.0,2157.4744255223136,2343.9961834713117,2461.5737282504438,development_oof,5,False,False,True,False
2025-04-15,2025-04-22,2324.0,2305.0,validation_weighted_ensemble,32.60285315107876,2337.6028531510788,2305.0,2157.4744255223136,2343.9961834713117,2461.5737282504438,development_oof,5,False,False,True,False
2025-04-15,2025-04-22,2324.0,2305.0,xgboost,40.072113037109375,2345.0721130371094,2305.0,2157.4744255223136,2343.9961834713117,2461.5737282504438,development_oof,5,False,False,True,False
2025-04-16,2025-04-23,2323.0,2321.0,catboost,39.50713287769713,2360.507132877697,2321.0,2175.120901507378,2355.947486936985,2506.205862664162,development_oof,5,False,False,False,False
2025-04-16,2025-04-23,2323.0,2321.0,elastic_net,-12.570088295509777,2308.42991170449,2321.0,2175.120901507378,2355.947486936985,2506.205862664162,development_oof,5,False,False,False,False
2025-04-16,2025-04-23,2323.0,2321.0,ets,-81.90012554310579,2239.099874456894,2321.0,2175.120901507378,2355.947486936985,2506.205862664162,development_oof,5,False,False,False,False
2025-04-16,2025-04-23,2323.0,2321.0,lightgbm,26.97804197523601,2347.978041975236,2321.0,2175.120901507378,2355.947486936985,2506.205862664162,development_oof,5,False,False,False,False
2025-04-16,2025-04-23,2323.0,2321.0,persistence,0.0,2321.0,2321.0,2175.120901507378,2355.947486936985,2506.205862664162,development_oof,5,False,False,False,False
2025-04-16,2025-04-23,2323.0,2321.0,ridge,-0.05784928869297801,2320.942150711307,2321.0,2175.120901507378,2355.947486936985,2506.205862664162,development_oof,5,False,False,False,False
2025-04-16,2025-04-23,2323.0,2321.0,sarimax,-248.69750556794952,2072.3024944320505,2321.0,2175.120901507378,2355.947486936985,2506.205862664162,development_oof,5,False,False,False,False
2025-04-16,2025-04-23,2323.0,2321.0,sarimax_boosting_hybrid,-86.67293659366715,2234.327063406333,2321.0,2175.120901507378,2355.947486936985,2506.205862664162,development_oof,3,False,False,False,False
2025-04-16,2025-04-23,2323.0,2321.0,seven_day_drift,51.0,2372.0,2321.0,2175.120901507378,2355.947486936985,2506.205862664162,development_oof,5,False,False,False,False
2025-04-16,2025-04-23,2323.0,2321.0,validation_weighted_ensemble,46.40285315107894,2367.402853151079,2321.0,2175.120901507378,2355.947486936985,2506.205862664162,development_oof,5,False,False,False,False
2025-04-16,2025-04-23,2323.0,2321.0,xgboost,40.072113037109375,2361.0721130371094,2321.0,2175.120901507378,2355.947486936985,2506.205862664162,development_oof,5,False,False,False,False
2025-04-17,2025-04-24,2303.0,2314.0,catboost,39.50713287769713,2353.507132877697,2314.0,2163.354969199214,2348.947486936985,2515.2835038979874,development_oof,5,False,False,False,False
2025-04-17,2025-04-24,2303.0,2314.0,elastic_net,-5.195900747324686,2308.8040992526753,2314.0,2163.354969199214,2348.947486936985,2515.2835038979874,development_oof,5,False,False,False,False
2025-04-17,2025-04-24,2303.0,2314.0,ets,-81.89931254809426,2232.1006874519057,2314.0,2163.354969199214,2348.947486936985,2515.2835038979874,development_oof,5,False,False,False,False
2025-04-17,2025-04-24,2303.0,2314.0,lightgbm,26.97804197523601,2340.978041975236,2314.0,2163.354969199214,2348.947486936985,2515.2835038979874,development_oof,5,False,False,False,False
2025-04-17,2025-04-24,2303.0,2314.0,persistence,0.0,2314.0,2314.0,2163.354969199214,2348.947486936985,2515.2835038979874,development_oof,5,False,False,False,False
2025-04-17,2025-04-24,2303.0,2314.0,ridge,1.4977687138275542,2315.4977687138276,2314.0,2163.354969199214,2348.947486936985,2515.2835038979874,development_oof,5,False,False,False,False
2025-04-17,2025-04-24,2303.0,2314.0,sarimax,-249.04537087347398,2064.954629126526,2314.0,2163.354969199214,2348.947486936985,2515.2835038979874,development_oof,5,False,False,False,False
2025-04-17,2025-04-24,2303.0,2314.0,sarimax_boosting_hybrid,-98.85527693536915,2215.144723064631,2314.0,2163.354969199214,2348.947486936985,2515.2835038979874,development_oof,3,False,False,False,False
2025-04-17,2025-04-24,2303.0,2314.0,seven_day_drift,24.0,2338.0,2314.0,2163.354969199214,2348.947486936985,2515.2835038979874,development_oof,5,False,False,False,False
2025-04-17,2025-04-24,2303.0,2314.0,validation_weighted_ensemble,30.20285315107867,2344.2028531510787,2314.0,2163.354969199214,2348.947486936985,2515.2835038979874,development_oof,5,False,False,False,False
2025-04-17,2025-04-24,2303.0,2314.0,xgboost,40.072113037109375,2354.0721130371094,2314.0,2163.354969199214,2348.947486936985,2515.2835038979874,development_oof,5,False,False,False,False
2025-04-18,2025-04-25,2315.0,2316.0,catboost,39.50713287769713,2355.507132877697,2316.0,2167.5098516218677,2354.9961834713117,2540.276176664879,development_oof,5,True,False,False,False
2025-04-18,2025-04-25,2315.0,2316.0,elastic_net,44.269062023073275,2360.2690620230733,2316.0,2167.5098516218677,2354.9961834713117,2540.276176664879,development_oof,5,True,False,False,False
2025-04-18,2025-04-25,2315.0,2316.0,ets,-81.89866215208485,2234.101337847915,2316.0,2167.5098516218677,2354.9961834713117,2540.276176664879,development_oof,5,True,False,False,False
2025-04-18,2025-04-25,2315.0,2316.0,lightgbm,26.97804197523601,2342.978041975236,2316.0,2167.5098516218677,2354.9961834713117,2540.276176664879,development_oof,5,True,False,False,False
2025-04-18,2025-04-25,2315.0,2316.0,persistence,0.0,2316.0,2316.0,2167.5098516218677,2354.9961834713117,2540.276176664879,development_oof,5,True,False,False,False
2025-04-18,2025-04-25,2315.0,2316.0,ridge,46.28951247937357,2362.2895124793736,2316.0,2167.5098516218677,2354.9961834713117,2540.276176664879,development_oof,5,True,False,False,False
2025-04-18,2025-04-25,2315.0,2316.0,sarimax,-249.39272978377676,2066.6072702162232,2316.0,2167.5098516218677,2354.9961834713117,2540.276176664879,development_oof,5,True,False,False,False
2025-04-18,2025-04-25,2315.0,2316.0,sarimax_boosting_hybrid,-94.18510531291395,2221.814894687086,2316.0,2167.5098516218677,2354.9961834713117,2540.276176664879,development_oof,3,True,False,False,False
2025-04-18,2025-04-25,2315.0,2316.0,seven_day_drift,27.0,2343.0,2316.0,2167.5098516218677,2354.9961834713117,2540.276176664879,development_oof,5,True,False,False,False
2025-04-18,2025-04-25,2315.0,2316.0,validation_weighted_ensemble,32.00285315107885,2348.002853151079,2316.0,2167.5098516218677,2354.9961834713117,2540.276176664879,development_oof,5,True,False,False,False
2025-04-18,2025-04-25,2315.0,2316.0,xgboost,40.072113037109375,2356.0721130371094,2316.0,2167.5098516218677,2354.9961834713117,2540.276176664879,development_oof,5,True,False,False,False
2025-04-19,2025-04-26,2329.0,2318.0,catboost,39.50713287769713,2357.507132877697,2318.0,2169.5098516218677,2358.585098632247,2553.7933806808414,development_oof,5,True,False,False,False
2025-04-19,2025-04-26,2329.0,2318.0,elastic_net,19.276541025683855,2337.276541025684,2318.0,2169.5098516218677,2358.585098632247,2553.7933806808414,development_oof,5,True,False,False,False
2025-04-19,2025-04-26,2329.0,2318.0,ets,-81.89814183527733,2236.1018581647227,2318.0,2169.5098516218677,2358.585098632247,2553.7933806808414,development_oof,5,True,False,False,False
2025-04-19,2025-04-26,2329.0,2318.0,lightgbm,26.97804197523601,2344.978041975236,2318.0,2169.5098516218677,2358.585098632247,2553.7933806808414,development_oof,5,True,False,False,False
2025-04-19,2025-04-26,2329.0,2318.0,persistence,0.0,2318.0,2318.0,2169.5098516218677,2358.585098632247,2553.7933806808414,development_oof,5,True,False,False,False
2025-04-19,2025-04-26,2329.0,2318.0,ridge,30.994400448499164,2348.994400448499,2318.0,2169.5098516218677,2358.585098632247,2553.7933806808414,development_oof,5,True,False,False,False
2025-04-19,2025-04-26,2329.0,2318.0,sarimax,-249.73962565378724,2068.2603743462128,2318.0,2169.5098516218677,2358.585098632247,2553.7933806808414,development_oof,5,True,False,False,False
2025-04-19,2025-04-26,2329.0,2318.0,sarimax_boosting_hybrid,-86.89957144350456,2231.1004285564954,2318.0,2169.5098516218677,2358.585098632247,2553.7933806808414,development_oof,3,True,False,False,False
2025-04-19,2025-04-26,2329.0,2318.0,seven_day_drift,19.0,2337.0,2318.0,2169.5098516218677,2358.585098632247,2553.7933806808414,development_oof,5,True,False,False,False
2025-04-19,2025-04-26,2329.0,2318.0,validation_weighted_ensemble,27.202853151079125,2345.202853151079,2318.0,2169.5098516218677,2358.585098632247,2553.7933806808414,development_oof,5,True,False,False,False
2025-04-19,2025-04-26,2329.0,2318.0,xgboost,40.072113037109375,2358.0721130371094,2318.0,2169.5098516218677,2358.585098632247,2553.7933806808414,development_oof,5,True,False,False,False
2025-04-20,2025-04-27,2341.0,2320.0,catboost,35.57713285109867,2355.5771328510987,2320.0,2173.27100956878,2346.3157889205,2533.3703728094706,development_oof,5,False,False,True,False
2025-04-20,2025-04-27,2341.0,2320.0,elastic_net,-1.7842148139397978,2318.21578518606,2320.0,2173.27100956878,2346.3157889205,2533.3703728094706,development_oof,5,False,False,True,False
2025-04-20,2025-04-27,2341.0,2320.0,ets,-81.89772558183131,2238.1022744181687,2320.0,2173.27100956878,2346.3157889205,2533.3703728094706,development_oof,5,False,False,True,False
2025-04-20,2025-04-27,2341.0,2320.0,lightgbm,26.97804197523601,2346.978041975236,2320.0,2173.27100956878,2346.3157889205,2533.3703728094706,development_oof,5,False,False,True,False
2025-04-20,2025-04-27,2341.0,2320.0,persistence,0.0,2320.0,2320.0,2173.27100956878,2346.3157889205,2533.3703728094706,development_oof,5,False,False,True,False
2025-04-20,2025-04-27,2341.0,2320.0,ridge,9.347122542075795,2329.347122542076,2320.0,2173.27100956878,2346.3157889205,2533.3703728094706,development_oof,5,False,False,True,False
2025-04-20,2025-04-27,2341.0,2320.0,sarimax,-250.0860981305409,2069.913901869459,2320.0,2173.27100956878,2346.3157889205,2533.3703728094706,development_oof,5,False,False,True,False
2025-04-20,2025-04-27,2341.0,2320.0,sarimax_boosting_hybrid,-78.5556021219054,2241.4443978780946,2320.0,2173.27100956878,2346.3157889205,2533.3703728094706,development_oof,3,False,False,True,False
2025-04-20,2025-04-27,2341.0,2320.0,seven_day_drift,11.0,2331.0,2320.0,2173.27100956878,2346.3157889205,2533.3703728094706,development_oof,5,False,False,True,False
2025-04-20,2025-04-27,2341.0,2320.0,validation_weighted_ensemble,20.830853140439558,2340.8308531404396,2320.0,2173.27100956878,2346.3157889205,2533.3703728094706,development_oof,5,False,False,True,False
2025-04-20,2025-04-27,2341.0,2320.0,xgboost,30.207508087158203,2350.207508087158,2320.0,2173.27100956878,2346.3157889205,2533.3703728094706,development_oof,5,False,False,True,False
2025-04-21,2025-04-28,2333.0,2333.0,catboost,39.50713287769713,2372.507132877697,2333.0,2186.688542975117,2367.947486936985,2586.2612188628764,development_oof,5,False,False,False,False
2025-04-21,2025-04-28,2333.0,2333.0,elastic_net,-12.988640650111847,2320.011359349888,2333.0,2186.688542975117,2367.947486936985,2586.2612188628764,development_oof,5,False,False,False,False
2025-04-21,2025-04-28,2333.0,2333.0,ets,-81.89739257907422,2251.102607420926,2333.0,2186.688542975117,2367.947486936985,2586.2612188628764,development_oof,5,False,False,False,False
2025-04-21,2025-04-28,2333.0,2333.0,lightgbm,26.97804197523601,2359.978041975236,2333.0,2186.688542975117,2367.947486936985,2586.2612188628764,development_oof,5,False,False,False,False
2025-04-21,2025-04-28,2333.0,2333.0,persistence,0.0,2333.0,2333.0,2186.688542975117,2367.947486936985,2586.2612188628764,development_oof,5,False,False,False,False
2025-04-21,2025-04-28,2333.0,2333.0,ridge,-4.3249167727253734,2328.6750832272746,2333.0,2186.688542975117,2367.947486936985,2586.2612188628764,development_oof,5,False,False,False,False
2025-04-21,2025-04-28,2333.0,2333.0,sarimax,-250.43218345944342,2082.5678165405566,2333.0,2186.688542975117,2367.947486936985,2586.2612188628764,development_oof,5,False,False,False,False
2025-04-21,2025-04-28,2333.0,2333.0,sarimax_boosting_hybrid,-80.7849400727523,2252.2150599272477,2333.0,2186.688542975117,2367.947486936985,2586.2612188628764,development_oof,3,False,False,False,False
2025-04-21,2025-04-28,2333.0,2333.0,seven_day_drift,25.0,2358.0,2333.0,2186.688542975117,2367.947486936985,2586.2612188628764,development_oof,5,False,False,False,False
2025-04-21,2025-04-28,2333.0,2333.0,validation_weighted_ensemble,30.802853151079034,2363.802853151079,2333.0,2186.688542975117,2367.947486936985,2586.2612188628764,development_oof,5,False,False,False,False
2025-04-21,2025-04-28,2333.0,2333.0,xgboost,40.072113037109375,2373.0721130371094,2333.0,2186.688542975117,2367.947486936985,2586.2612188628764,development_oof,5,False,False,False,False
2025-04-22,2025-04-29,2329.0,2324.0,catboost,39.50713287769713,2363.507132877697,2324.0,2177.780177971849,2364.585098632247,2549.4481895529952,development_oof,5,False,False,False,False
2025-04-22,2025-04-29,2329.0,2324.0,elastic_net,-66.70482175381176,2257.2951782461882,2324.0,2177.780177971849,2364.585098632247,2549.4481895529952,development_oof,5,False,False,False,False
2025-04-22,2025-04-29,2329.0,2324.0,ets,-81.89712617686882,2242.102873823131,2324.0,2177.780177971849,2364.585098632247,2549.4481895529952,development_oof,5,False,False,False,False
2025-04-22,2025-04-29,2329.0,2324.0,lightgbm,26.97804197523601,2350.978041975236,2324.0,2177.780177971849,2364.585098632247,2549.4481895529952,development_oof,5,False,False,False,False
2025-04-22,2025-04-29,2329.0,2324.0,persistence,0.0,2324.0,2324.0,2177.780177971849,2364.585098632247,2549.4481895529952,development_oof,5,False,False,False,False
2025-04-22,2025-04-29,2329.0,2324.0,ridge,-51.06509195583794,2272.934908044162,2324.0,2177.780177971849,2364.585098632247,2549.4481895529952,development_oof,5,False,False,False,False
2025-04-22,2025-04-29,2329.0,2324.0,sarimax,-250.77791478461995,2073.22208521538,2324.0,2177.780177971849,2364.585098632247,2549.4481895529952,development_oof,5,False,False,False,False
2025-04-22,2025-04-29,2329.0,2324.0,sarimax_boosting_hybrid,-94.63398241810455,2229.3660175818954,2324.0,2177.780177971849,2364.585098632247,2549.4481895529952,development_oof,3,False,False,False,False
2025-04-22,2025-04-29,2329.0,2324.0,seven_day_drift,19.0,2343.0,2324.0,2177.780177971849,2364.585098632247,2549.4481895529952,development_oof,5,False,False,False,False
2025-04-22,2025-04-29,2329.0,2324.0,validation_weighted_ensemble,27.20285315107867,2351.2028531510787,2324.0,2177.780177971849,2364.585098632247,2549.4481895529952,development_oof,5,False,False,False,False
2025-04-22,2025-04-29,2329.0,2324.0,xgboost,40.072113037109375,2364.0721130371094,2324.0,2177.780177971849,2364.585098632247,2549.4481895529952,development_oof,5,False,False,False,False
2025-04-23,2025-04-30,2343.0,2323.0,catboost,26.47292498574552,2349.4729249857455,2323.0,2176.508725519375,2349.3157889205,2521.9829319132236,development_oof,5,False,False,False,False
2025-04-23,2025-04-30,2343.0,2323.0,elastic_net,-48.07969167758847,2274.9203083224115,2323.0,2176.508725519375,2349.3157889205,2521.9829319132236,development_oof,5,False,False,False,False
2025-04-23,2025-04-30,2343.0,2323.0,ets,-81.8969130551045,2241.1030869448955,2323.0,2176.508725519375,2349.3157889205,2521.9829319132236,development_oof,5,False,False,False,False
2025-04-23,2025-04-30,2343.0,2323.0,lightgbm,26.97804197523601,2349.978041975236,2323.0,2176.508725519375,2349.3157889205,2521.9829319132236,development_oof,5,False,False,False,False
2025-04-23,2025-04-30,2343.0,2323.0,persistence,0.0,2323.0,2323.0,2176.508725519375,2349.3157889205,2521.9829319132236,development_oof,5,False,False,False,False
2025-04-23,2025-04-30,2343.0,2323.0,ridge,-35.26931976872129,2287.7306802312787,2323.0,2176.508725519375,2349.3157889205,2521.9829319132236,development_oof,5,False,False,False,False
2025-04-23,2025-04-30,2343.0,2323.0,sarimax,-251.12332243905257,2071.8766775609474,2323.0,2176.508725519375,2349.3157889205,2521.9829319132236,development_oof,5,False,False,False,False
2025-04-23,2025-04-30,2343.0,2323.0,sarimax_boosting_hybrid,-87.16319017194428,2235.8368098280557,2323.0,2176.508725519375,2349.3157889205,2521.9829319132236,development_oof,3,False,False,False,False
2025-04-23,2025-04-30,2343.0,2323.0,seven_day_drift,2.0,2325.0,2323.0,2176.508725519375,2349.3157889205,2521.9829319132236,development_oof,5,False,False,False,False
2025-04-23,2025-04-30,2343.0,2323.0,validation_weighted_ensemble,11.78916999429839,2334.7891699942984,2323.0,2176.508725519375,2349.3157889205,2521.9829319132236,development_oof,5,False,False,False,False
2025-04-23,2025-04-30,2343.0,2323.0,xgboost,-2.602755546569824,2320.39724445343,2323.0,2176.508725519375,2349.3157889205,2521.9829319132236,development_oof,5,False,False,False,False
2025-04-24,2025-05-01,2338.0,2303.0,catboost,26.47292498574552,2329.4729249857455,2303.0,2136.1594565619,2316.8766354493337,2416.8035276716,development_oof,5,False,False,False,False
2025-04-24,2025-05-01,2338.0,2303.0,elastic_net,-30.64721363288345,2272.3527863671166,2303.0,2136.1594565619,2316.8766354493337,2416.8035276716,development_oof,5,False,False,False,False
2025-04-24,2025-05-01,2338.0,2303.0,ets,-81.89674255769296,2221.103257442307,2303.0,2136.1594565619,2316.8766354493337,2416.8035276716,development_oof,5,False,False,False,False
2025-04-24,2025-05-01,2338.0,2303.0,lightgbm,18.280398480767417,2321.2803984807674,2303.0,2136.1594565619,2316.8766354493337,2416.8035276716,development_oof,5,False,False,False,False
2025-04-24,2025-05-01,2338.0,2303.0,persistence,0.0,2303.0,2303.0,2136.1594565619,2316.8766354493337,2416.8035276716,development_oof,5,False,False,False,False
2025-04-24,2025-05-01,2338.0,2303.0,ridge,-25.142713468884722,2277.8572865311153,2303.0,2136.1594565619,2316.8766354493337,2416.8035276716,development_oof,5,False,False,False,False
2025-04-24,2025-05-01,2338.0,2303.0,sarimax,-251.4684341251741,2051.531565874826,2303.0,2136.1594565619,2316.8766354493337,2416.8035276716,development_oof,5,False,False,False,False
2025-04-24,2025-05-01,2338.0,2303.0,sarimax_boosting_hybrid,-96.83218412015958,2206.1678158798404,2303.0,2136.1594565619,2316.8766354493337,2416.8035276716,development_oof,3,False,False,False,False
2025-04-24,2025-05-01,2338.0,2303.0,seven_day_drift,-11.0,2292.0,2303.0,2136.1594565619,2316.8766354493337,2416.8035276716,development_oof,5,False,False,False,False
2025-04-24,2025-05-01,2338.0,2303.0,validation_weighted_ensemble,3.9891699942982086,2306.989169994298,2303.0,2136.1594565619,2316.8766354493337,2416.8035276716,development_oof,5,False,False,False,False
2025-04-24,2025-05-01,2338.0,2303.0,xgboost,-2.602755546569824,2300.39724445343,2303.0,2136.1594565619,2316.8766354493337,2416.8035276716,development_oof,5,False,False,False,False
2025-04-25,2025-05-02,2348.0,2315.0,catboost,26.47292498574552,2341.4729249857455,2315.0,2165.6343222068617,2345.3644854548265,2491.3392086174517,development_oof,5,True,False,False,False
2025-04-25,2025-05-02,2348.0,2315.0,elastic_net,38.19346077145474,2353.1934607714547,2315.0,2165.6343222068617,2345.3644854548265,2491.3392086174517,development_oof,5,True,False,False,False
2025-04-25,2025-05-02,2348.0,2315.0,ets,-81.8966061597639,2233.103393840236,2315.0,2165.6343222068617,2345.3644854548265,2491.3392086174517,development_oof,5,True,False,False,False
2025-04-25,2025-05-02,2348.0,2315.0,lightgbm,26.97804197523601,2341.978041975236,2315.0,2165.6343222068617,2345.3644854548265,2491.3392086174517,development_oof,5,True,False,False,False
2025-04-25,2025-05-02,2348.0,2315.0,persistence,0.0,2315.0,2315.0,2165.6343222068617,2345.3644854548265,2491.3392086174517,development_oof,5,True,False,False,False
2025-04-25,2025-05-02,2348.0,2315.0,ridge,38.787621996153575,2353.7876219961536,2315.0,2165.6343222068617,2345.3644854548265,2491.3392086174517,development_oof,5,True,False,False,False
2025-04-25,2025-05-02,2348.0,2315.0,sarimax,-251.8132751860171,2063.186724813983,2315.0,2165.6343222068617,2345.3644854548265,2491.3392086174517,development_oof,5,True,False,False,False
2025-04-25,2025-05-02,2348.0,2315.0,sarimax_boosting_hybrid,-89.4153742776657,2225.5846257223343,2315.0,2165.6343222068617,2345.3644854548265,2491.3392086174517,development_oof,3,True,False,False,False
2025-04-25,2025-05-02,2348.0,2315.0,seven_day_drift,-1.0,2314.0,2315.0,2165.6343222068617,2345.3644854548265,2491.3392086174517,development_oof,5,True,False,False,False
2025-04-25,2025-05-02,2348.0,2315.0,validation_weighted_ensemble,9.989169994298209,2324.989169994298,2315.0,2165.6343222068617,2345.3644854548265,2491.3392086174517,development_oof,5,True,False,False,False
2025-04-25,2025-05-02,2348.0,2315.0,xgboost,-2.602755546569824,2312.39724445343,2315.0,2165.6343222068617,2345.3644854548265,2491.3392086174517,development_oof,5,True,False,False,False
2025-04-26,2025-05-03,2356.0,2329.0,catboost,35.57713285109867,2364.5771328510987,2329.0,2181.122027609871,2367.609018295685,2515.7911890014116,development_oof,5,True,False,False,False
2025-04-26,2025-05-03,2356.0,2329.0,elastic_net,23.76086666061883,2352.760866660619,2329.0,2181.122027609871,2367.609018295685,2515.7911890014116,development_oof,5,True,False,False,False
2025-04-26,2025-05-03,2356.0,2329.0,ets,-81.89649704142039,2247.1035029585796,2329.0,2181.122027609871,2367.609018295685,2515.7911890014116,development_oof,5,True,False,False,False
2025-04-26,2025-05-03,2356.0,2329.0,lightgbm,26.97804197523601,2355.978041975236,2329.0,2181.122027609871,2367.609018295685,2515.7911890014116,development_oof,5,True,False,False,False
2025-04-26,2025-05-03,2356.0,2329.0,persistence,0.0,2329.0,2329.0,2181.122027609871,2367.609018295685,2515.7911890014116,development_oof,5,True,False,False,False
2025-04-26,2025-05-03,2356.0,2329.0,ridge,34.53466724629925,2363.5346672462993,2329.0,2181.122027609871,2367.609018295685,2515.7911890014116,development_oof,5,True,False,False,False
2025-04-26,2025-05-03,2356.0,2329.0,sarimax,-252.15786879340703,2076.842131206593,2329.0,2181.122027609871,2367.609018295685,2515.7911890014116,development_oof,5,True,False,False,False
2025-04-26,2025-05-03,2356.0,2329.0,sarimax_boosting_hybrid,-88.31813646773799,2240.681863532262,2329.0,2181.122027609871,2367.609018295685,2515.7911890014116,development_oof,3,True,False,False,False
2025-04-26,2025-05-03,2356.0,2329.0,seven_day_drift,11.0,2340.0,2329.0,2181.122027609871,2367.609018295685,2515.7911890014116,development_oof,5,True,False,False,False
2025-04-26,2025-05-03,2356.0,2329.0,validation_weighted_ensemble,20.830853140439558,2349.8308531404396,2329.0,2181.122027609871,2367.609018295685,2515.7911890014116,development_oof,5,True,False,False,False
2025-04-26,2025-05-03,2356.0,2329.0,xgboost,30.207508087158203,2359.207508087158,2329.0,2181.122027609871,2367.609018295685,2515.7911890014116,development_oof,5,True,False,False,False
2025-04-27,2025-05-04,2366.0,2341.0,catboost,39.50713287769713,2380.507132877697,2341.0,2196.2455118075677,2381.585098632247,2523.071411034593,development_oof,5,False,False,True,False
2025-04-27,2025-05-04,2366.0,2341.0,elastic_net,17.650853680520413,2358.6508536805204,2341.0,2196.2455118075677,2381.585098632247,2523.071411034593,development_oof,5,False,False,True,False
2025-04-27,2025-05-04,2366.0,2341.0,ets,-81.89640974674603,2259.103590253254,2341.0,2196.2455118075677,2381.585098632247,2523.071411034593,development_oof,5,False,False,True,False
2025-04-27,2025-05-04,2366.0,2341.0,lightgbm,26.97804197523601,2367.978041975236,2341.0,2196.2455118075677,2381.585098632247,2523.071411034593,development_oof,5,False,False,True,False
2025-04-27,2025-05-04,2366.0,2341.0,persistence,0.0,2341.0,2341.0,2196.2455118075677,2381.585098632247,2523.071411034593,development_oof,5,False,False,True,False
2025-04-27,2025-05-04,2366.0,2341.0,ridge,27.284585921631333,2368.2845859216313,2341.0,2196.2455118075677,2381.585098632247,2523.071411034593,development_oof,5,False,False,True,False
2025-04-27,2025-05-04,2366.0,2341.0,sarimax,-252.5022361352203,2088.4977638647797,2341.0,2196.2455118075677,2381.585098632247,2523.071411034593,development_oof,5,False,False,True,False
2025-04-27,2025-05-04,2366.0,2341.0,sarimax_boosting_hybrid,-93.40603303036642,2247.5939669696336,2341.0,2196.2455118075677,2381.585098632247,2523.071411034593,development_oof,3,False,False,True,False
2025-04-27,2025-05-04,2366.0,2341.0,seven_day_drift,21.0,2362.0,2341.0,2196.2455118075677,2381.585098632247,2523.071411034593,development_oof,5,False,False,True,False
2025-04-27,2025-05-04,2366.0,2341.0,validation_weighted_ensemble,28.402853151078943,2369.402853151079,2341.0,2196.2455118075677,2381.585098632247,2523.071411034593,development_oof,5,False,False,True,False
2025-04-27,2025-05-04,2366.0,2341.0,xgboost,40.072113037109375,2381.0721130371094,2341.0,2196.2455118075677,2381.585098632247,2523.071411034593,development_oof,5,False,False,True,False
2025-04-28,2025-05-05,2375.0,2333.0,catboost,26.47292498574552,2359.4729249857455,2333.0,2185.5752976095164,2364.9534006157623,2477.468379543691,development_oof,5,False,False,True,False
2025-04-28,2025-05-05,2375.0,2333.0,elastic_net,-43.644153853975695,2289.3558461460243,2333.0,2185.5752976095164,2364.9534006157623,2477.468379543691,development_oof,5,False,False,True,False
2025-04-28,2025-05-05,2375.0,2333.0,ets,-81.89633991100618,2251.103660088994,2333.0,2185.5752976095164,2364.9534006157623,2477.468379543691,development_oof,5,False,False,True,False
2025-04-28,2025-05-05,2375.0,2333.0,lightgbm,26.97804197523601,2359.978041975236,2333.0,2185.5752976095164,2364.9534006157623,2477.468379543691,development_oof,5,False,False,True,False
2025-04-28,2025-05-05,2375.0,2333.0,persistence,0.0,2333.0,2333.0,2185.5752976095164,2364.9534006157623,2477.468379543691,development_oof,5,False,False,True,False
2025-04-28,2025-05-05,2375.0,2333.0,ridge,-31.036406423542303,2301.9635935764577,2333.0,2185.5752976095164,2364.9534006157623,2477.468379543691,development_oof,5,False,False,True,False
2025-04-28,2025-05-05,2375.0,2333.0,sarimax,-252.8463965849778,2080.153603415022,2333.0,2185.5752976095164,2364.9534006157623,2477.468379543691,development_oof,5,False,False,True,False
2025-04-28,2025-05-05,2375.0,2333.0,sarimax_boosting_hybrid,-97.44550213309367,2235.5544978669063,2333.0,2185.5752976095164,2364.9534006157623,2477.468379543691,development_oof,3,False,False,True,False
2025-04-28,2025-05-05,2375.0,2333.0,seven_day_drift,0.0,2333.0,2333.0,2185.5752976095164,2364.9534006157623,2477.468379543691,development_oof,5,False,False,True,False
2025-04-28,2025-05-05,2375.0,2333.0,validation_weighted_ensemble,10.589169994298118,2343.589169994298,2333.0,2185.5752976095164,2364.9534006157623,2477.468379543691,development_oof,5,False,False,True,False
2025-04-28,2025-05-05,2375.0,2333.0,xgboost,-2.602755546569824,2330.39724445343,2333.0,2185.5752976095164,2364.9534006157623,2477.468379543691,development_oof,5,False,False,True,False
2025-04-29,2025-05-06,2372.0,2329.0,catboost,30.577332967430266,2359.5773329674303,2329.0,2182.780177971849,2360.9534006157623,2470.35574864198,development_oof,5,False,False,False,False
2025-04-29,2025-05-06,2372.0,2329.0,elastic_net,-59.20133110397819,2269.798668896022,2329.0,2182.780177971849,2360.9534006157623,2470.35574864198,development_oof,5,False,False,False,False
2025-04-29,2025-05-06,2372.0,2329.0,ets,-81.89628404241421,2247.103715957586,2329.0,2182.780177971849,2360.9534006157623,2470.35574864198,development_oof,5,False,False,False,False
2025-04-29,2025-05-06,2372.0,2329.0,lightgbm,26.97804197523601,2355.978041975236,2329.0,2182.780177971849,2360.9534006157623,2470.35574864198,development_oof,5,False,False,False,False
2025-04-29,2025-05-06,2372.0,2329.0,persistence,0.0,2329.0,2329.0,2182.780177971849,2360.9534006157623,2470.35574864198,development_oof,5,False,False,False,False
2025-04-29,2025-05-06,2372.0,2329.0,ridge,-45.17408019187724,2283.8259198081228,2329.0,2182.780177971849,2360.9534006157623,2470.35574864198,development_oof,5,False,False,False,False
2025-04-29,2025-05-06,2372.0,2329.0,sarimax,-253.19036785742173,2075.8096321425783,2329.0,2182.780177971849,2360.9534006157623,2470.35574864198,development_oof,5,False,False,False,False
2025-04-29,2025-05-06,2372.0,2329.0,sarimax_boosting_hybrid,-102.10697128866923,2226.8930287113308,2329.0,2182.780177971849,2360.9534006157623,2470.35574864198,development_oof,3,False,False,False,False
2025-04-29,2025-05-06,2372.0,2329.0,seven_day_drift,5.0,2334.0,2329.0,2182.780177971849,2360.9534006157623,2470.35574864198,development_oof,5,False,False,False,False
2025-04-29,2025-05-06,2372.0,2329.0,validation_weighted_ensemble,15.230933186971924,2344.230933186972,2329.0,2182.780177971849,2360.9534006157623,2470.35574864198,development_oof,5,False,False,False,False
2025-04-29,2025-05-06,2372.0,2329.0,xgboost,30.207508087158203,2359.207508087158,2329.0,2182.780177971849,2360.9534006157623,2470.35574864198,development_oof,5,False,False,False,False
2025-04-30,2025-05-07,2365.0,2343.0,catboost,44.45713276705601,2387.457132767056,2343.0,2195.2513409694743,2376.3585717760493,2508.563845294517,development_oof,5,False,False,False,False
2025-04-30,2025-05-07,2365.0,2343.0,elastic_net,-24.87896723411268,2318.1210327658873,2343.0,2195.2513409694743,2376.3585717760493,2508.563845294517,development_oof,5,False,False,False,False
2025-04-30,2025-05-07,2365.0,2343.0,ets,-81.89623934754081,2261.103760652459,2343.0,2195.2513409694743,2376.3585717760493,2508.563845294517,development_oof,5,False,False,False,False
2025-04-30,2025-05-07,2365.0,2343.0,lightgbm,26.97804197523601,2369.978041975236,2343.0,2195.2513409694743,2376.3585717760493,2508.563845294517,development_oof,5,False,False,False,False
2025-04-30,2025-05-07,2365.0,2343.0,persistence,0.0,2343.0,2343.0,2195.2513409694743,2376.3585717760493,2508.563845294517,development_oof,5,False,False,False,False
2025-04-30,2025-05-07,2365.0,2343.0,ridge,-13.852878285780662,2329.1471217142193,2343.0,2195.2513409694743,2376.3585717760493,2508.563845294517,development_oof,5,False,False,False,False
2025-04-30,2025-05-07,2365.0,2343.0,sarimax,-253.53416615115248,2089.4658338488475,2343.0,2195.2513409694743,2376.3585717760493,2508.563845294517,development_oof,5,False,False,False,False
2025-04-30,2025-05-07,2365.0,2343.0,sarimax_boosting_hybrid,-107.67530324503878,2235.324696754961,2343.0,2195.2513409694743,2376.3585717760493,2508.563845294517,development_oof,3,False,False,False,False
2025-04-30,2025-05-07,2365.0,2343.0,seven_day_drift,20.0,2363.0,2343.0,2195.2513409694743,2376.3585717760493,2508.563845294517,development_oof,5,False,False,False,False
2025-04-30,2025-05-07,2365.0,2343.0,validation_weighted_ensemble,29.782853106822586,2372.7828531068226,2343.0,2195.2513409694743,2376.3585717760493,2508.563845294517,development_oof,5,False,False,False,False
2025-04-30,2025-05-07,2365.0,2343.0,xgboost,40.072113037109375,2383.0721130371094,2343.0,2195.2513409694743,2376.3585717760493,2508.563845294517,development_oof,5,False,False,False,False
2025-05-01,2025-05-08,2385.0,2338.0,catboost,44.45713276705601,2382.457132767056,2338.0,2189.735668065993,2372.947486936985,2466.8947981543774,development_oof,5,False,False,False,False
2025-05-01,2025-05-08,2385.0,2338.0,elastic_net,8.1279139951057,2346.1279139951057,2338.0,2189.735668065993,2372.947486936985,2466.8947981543774,development_oof,5,False,False,False,False
2025-05-01,2025-05-08,2385.0,2338.0,ets,-81.896203591642,2256.103796408358,2338.0,2189.735668065993,2372.947486936985,2466.8947981543774,development_oof,5,False,False,False,False
2025-05-01,2025-05-08,2385.0,2338.0,lightgbm,26.97804197523601,2364.978041975236,2338.0,2189.735668065993,2372.947486936985,2466.8947981543774,development_oof,5,False,False,False,False
2025-05-01,2025-05-08,2385.0,2338.0,persistence,0.0,2338.0,2338.0,2189.735668065993,2372.947486936985,2466.8947981543774,development_oof,5,False,False,False,False
2025-05-01,2025-05-08,2385.0,2338.0,ridge,15.362980662896007,2353.362980662896,2338.0,2189.735668065993,2372.947486936985,2466.8947981543774,development_oof,5,False,False,False,False
2025-05-01,2025-05-08,2385.0,2338.0,sarimax,-253.8778062769652,2084.122193723035,2338.0,2189.735668065993,2372.947486936985,2466.8947981543774,development_oof,5,False,False,False,False
2025-05-01,2025-05-08,2385.0,2338.0,sarimax_boosting_hybrid,-116.09672387440605,2221.903276125594,2338.0,2189.735668065993,2372.947486936985,2466.8947981543774,development_oof,3,False,False,False,False
2025-05-01,2025-05-08,2385.0,2338.0,seven_day_drift,35.0,2373.0,2338.0,2189.735668065993,2372.947486936985,2466.8947981543774,development_oof,5,False,False,False,False
2025-05-01,2025-05-08,2385.0,2338.0,validation_weighted_ensemble,38.782853106822586,2376.7828531068226,2338.0,2189.735668065993,2372.947486936985,2466.8947981543774,development_oof,5,False,False,False,False
2025-05-01,2025-05-08,2385.0,2338.0,xgboost,40.072113037109375,2378.0721130371094,2338.0,2189.735668065993,2372.947486936985,2466.8947981543774,development_oof,5,False,False,False,False
2025-05-02,2025-05-09,2392.0,2348.0,catboost,44.45713276705601,2392.457132767056,2348.0,2200.669103719997,2388.585098632247,2507.3196910066927,development_oof,5,True,False,False,False
2025-05-02,2025-05-09,2392.0,2348.0,elastic_net,72.92384893279541,2420.9238489327954,2348.0,2200.669103719997,2388.585098632247,2507.3196910066927,development_oof,5,True,False,False,False
2025-05-02,2025-05-09,2392.0,2348.0,ets,-81.89617498692314,2266.103825013077,2348.0,2200.669103719997,2388.585098632247,2507.3196910066927,development_oof,5,True,False,False,False
2025-05-02,2025-05-09,2392.0,2348.0,lightgbm,26.97804197523601,2374.978041975236,2348.0,2200.669103719997,2388.585098632247,2507.3196910066927,development_oof,5,True,False,False,False
2025-05-02,2025-05-09,2392.0,2348.0,persistence,0.0,2348.0,2348.0,2200.669103719997,2388.585098632247,2507.3196910066927,development_oof,5,True,False,False,False
2025-05-02,2025-05-09,2392.0,2348.0,ridge,74.40959161463206,2422.409591614632,2348.0,2200.669103719997,2388.585098632247,2507.3196910066927,development_oof,5,True,False,False,False
2025-05-02,2025-05-09,2392.0,2348.0,sarimax,-254.22130177781037,2093.7786982221896,2348.0,2200.669103719997,2388.585098632247,2507.3196910066927,development_oof,5,True,False,False,False
2025-05-02,2025-05-09,2392.0,2348.0,sarimax_boosting_hybrid,-115.35483913568942,2232.6451608643106,2348.0,2200.669103719997,2388.585098632247,2507.3196910066927,development_oof,3,True,False,False,False
2025-05-02,2025-05-09,2392.0,2348.0,seven_day_drift,33.0,2381.0,2348.0,2200.669103719997,2388.585098632247,2507.3196910066927,development_oof,5,True,False,False,False
2025-05-02,2025-05-09,2392.0,2348.0,validation_weighted_ensemble,37.58285310682231,2385.5828531068223,2348.0,2200.669103719997,2388.585098632247,2507.3196910066927,development_oof,5,True,False,False,False
2025-05-02,2025-05-09,2392.0,2348.0,xgboost,40.072113037109375,2388.0721130371094,2348.0,2200.669103719997,2388.585098632247,2507.3196910066927,development_oof,5,True,False,False,False
2025-05-03,2025-05-10,2398.0,2356.0,catboost,44.45713276705601,2400.457132767056,2356.0,2208.669103719997,2396.585098632247,2521.5650167540152,development_oof,5,True,False,False,False
2025-05-03,2025-05-10,2398.0,2356.0,elastic_net,56.05989650502897,2412.059896505029,2356.0,2208.669103719997,2396.585098632247,2521.5650167540152,development_oof,5,True,False,False,False
2025-05-03,2025-05-10,2398.0,2356.0,ets,-81.89615210314787,2274.103847896852,2356.0,2208.669103719997,2396.585098632247,2521.5650167540152,development_oof,5,True,False,False,False
2025-05-03,2025-05-10,2398.0,2356.0,lightgbm,26.97804197523601,2382.978041975236,2356.0,2208.669103719997,2396.585098632247,2521.5650167540152,development_oof,5,True,False,False,False
2025-05-03,2025-05-10,2398.0,2356.0,persistence,0.0,2356.0,2356.0,2208.669103719997,2396.585098632247,2521.5650167540152,development_oof,5,True,False,False,False
2025-05-03,2025-05-10,2398.0,2356.0,ridge,66.40925308656506,2422.409253086565,2356.0,2208.669103719997,2396.585098632247,2521.5650167540152,development_oof,5,True,False,False,False
2025-05-03,2025-05-10,2398.0,2356.0,sarimax,-254.5646650370095,2101.4353349629905,2356.0,2208.669103719997,2396.585098632247,2521.5650167540152,development_oof,5,True,False,False,False
2025-05-03,2025-05-10,2398.0,2356.0,sarimax_boosting_hybrid,-107.83352201532898,2248.166477984671,2356.0,2208.669103719997,2396.585098632247,2521.5650167540152,development_oof,3,True,False,False,False
2025-05-03,2025-05-10,2398.0,2356.0,seven_day_drift,27.0,2383.0,2356.0,2208.669103719997,2396.585098632247,2521.5650167540152,development_oof,5,True,False,False,False
2025-05-03,2025-05-10,2398.0,2356.0,validation_weighted_ensemble,33.982853106822404,2389.9828531068224,2356.0,2208.669103719997,2396.585098632247,2521.5650167540152,development_oof,5,True,False,False,False
2025-05-03,2025-05-10,2398.0,2356.0,xgboost,40.072113037109375,2396.0721130371094,2356.0,2208.669103719997,2396.585098632247,2521.5650167540152,development_oof,5,True,False,False,False
2025-05-04,2025-05-11,2405.0,2366.0,catboost,44.45713276705601,2410.457132767056,2366.0,2227.6793381968937,2406.585098632247,2525.7214225529237,development_oof,5,False,False,True,False
2025-05-04,2025-05-11,2405.0,2366.0,elastic_net,55.91785965461486,2421.917859654615,2366.0,2227.6793381968937,2406.585098632247,2525.7214225529237,development_oof,5,False,False,True,False
2025-05-04,2025-05-11,2405.0,2366.0,ets,-81.89613379612774,2284.1038662038723,2366.0,2227.6793381968937,2406.585098632247,2525.7214225529237,development_oof,5,False,False,True,False
2025-05-04,2025-05-11,2405.0,2366.0,lightgbm,26.97804197523601,2392.978041975236,2366.0,2227.6793381968937,2406.585098632247,2525.7214225529237,development_oof,5,False,False,True,False
2025-05-04,2025-05-11,2405.0,2366.0,persistence,0.0,2366.0,2366.0,2227.6793381968937,2406.585098632247,2525.7214225529237,development_oof,5,False,False,True,False
2025-05-04,2025-05-11,2405.0,2366.0,ridge,64.51271150333514,2430.512711503335,2366.0,2227.6793381968937,2406.585098632247,2525.7214225529237,development_oof,5,False,False,True,False
2025-05-04,2025-05-11,2405.0,2366.0,sarimax,-254.90790737758198,2111.092092622418,2366.0,2227.6793381968937,2406.585098632247,2525.7214225529237,development_oof,5,False,False,True,False
2025-05-04,2025-05-11,2405.0,2366.0,sarimax_boosting_hybrid,-109.3746378701876,2256.6253621298124,2366.0,2227.6793381968937,2406.585098632247,2525.7214225529237,development_oof,3,False,False,True,False
2025-05-04,2025-05-11,2405.0,2366.0,seven_day_drift,25.0,2391.0,2366.0,2227.6793381968937,2406.585098632247,2525.7214225529237,development_oof,5,False,False,True,False
2025-05-04,2025-05-11,2405.0,2366.0,validation_weighted_ensemble,32.782853106822586,2398.7828531068226,2366.0,2227.6793381968937,2406.585098632247,2525.7214225529237,development_oof,5,False,False,True,False
2025-05-04,2025-05-11,2405.0,2366.0,xgboost,40.072113037109375,2406.0721130371094,2366.0,2227.6793381968937,2406.585098632247,2525.7214225529237,development_oof,5,False,False,True,False
2025-05-05,2025-05-12,2425.0,2375.0,catboost,44.45713276705601,2419.457132767056,2375.0,2235.546636615378,2409.947486936985,2534.367253464515,development_oof,5,False,False,True,False
2025-05-05,2025-05-12,2425.0,2375.0,elastic_net,8.186336221871443,2383.1863362218714,2375.0,2235.546636615378,2409.947486936985,2534.367253464515,development_oof,5,False,False,True,False
2025-05-05,2025-05-12,2425.0,2375.0,ets,-81.89611915051182,2293.103880849488,2375.0,2235.546636615378,2409.947486936985,2534.367253464515,development_oof,5,False,False,True,False
2025-05-05,2025-05-12,2425.0,2375.0,lightgbm,26.97804197523601,2401.978041975236,2375.0,2235.546636615378,2409.947486936985,2534.367253464515,development_oof,5,False,False,True,False
2025-05-05,2025-05-12,2425.0,2375.0,persistence,0.0,2375.0,2375.0,2235.546636615378,2409.947486936985,2534.367253464515,development_oof,5,False,False,True,False
2025-05-05,2025-05-12,2425.0,2375.0,ridge,20.037089935098265,2395.0370899350983,2375.0,2235.546636615378,2409.947486936985,2534.367253464515,development_oof,5,False,False,True,False
2025-05-05,2025-05-12,2425.0,2375.0,sarimax,-255.25103915302316,2119.748960846977,2375.0,2235.546636615378,2409.947486936985,2534.367253464515,development_oof,5,False,False,True,False
2025-05-05,2025-05-12,2425.0,2375.0,sarimax_boosting_hybrid,-111.25803414550182,2263.741965854498,2375.0,2235.546636615378,2409.947486936985,2534.367253464515,development_oof,3,False,False,True,False
2025-05-05,2025-05-12,2425.0,2375.0,seven_day_drift,42.0,2417.0,2375.0,2235.546636615378,2409.947486936985,2534.367253464515,development_oof,5,False,False,True,False
2025-05-05,2025-05-12,2425.0,2375.0,validation_weighted_ensemble,42.982853106822404,2417.9828531068224,2375.0,2235.546636615378,2409.947486936985,2534.367253464515,development_oof,5,False,False,True,False
2025-05-05,2025-05-12,2425.0,2375.0,xgboost,40.072113037109375,2415.0721130371094,2375.0,2235.546636615378,2409.947486936985,2534.367253464515,development_oof,5,False,False,True,False
2025-05-06,2025-05-13,2423.0,2372.0,catboost,44.45713276705601,2416.457132767056,2372.0,2231.1729377763913,2412.585098632247,2505.0364049465943,development_oof,5,False,False,False,False
2025-05-06,2025-05-13,2423.0,2372.0,elastic_net,-15.162445598819431,2356.8375544011806,2372.0,2231.1729377763913,2412.585098632247,2505.0364049465943,development_oof,5,False,False,False,False
2025-05-06,2025-05-13,2423.0,2372.0,ets,-81.89610743401863,2290.1038925659814,2372.0,2231.1729377763913,2412.585098632247,2505.0364049465943,development_oof,5,False,False,False,False
2025-05-06,2025-05-13,2423.0,2372.0,lightgbm,26.97804197523601,2398.978041975236,2372.0,2231.1729377763913,2412.585098632247,2505.0364049465943,development_oof,5,False,False,False,False
2025-05-06,2025-05-13,2423.0,2372.0,persistence,0.0,2372.0,2372.0,2231.1729377763913,2412.585098632247,2505.0364049465943,development_oof,5,False,False,False,False
2025-05-06,2025-05-13,2423.0,2372.0,ridge,-0.8486256292121652,2371.151374370788,2372.0,2231.1729377763913,2412.585098632247,2505.0364049465943,development_oof,5,False,False,False,False
2025-05-06,2025-05-13,2423.0,2372.0,sarimax,-255.59406983032613,2116.405930169674,2372.0,2231.1729377763913,2412.585098632247,2505.0364049465943,development_oof,5,False,False,False,False
2025-05-06,2025-05-13,2423.0,2372.0,sarimax_boosting_hybrid,-118.64596574188499,2253.354034258115,2372.0,2231.1729377763913,2412.585098632247,2505.0364049465943,development_oof,3,False,False,False,False
2025-05-06,2025-05-13,2423.0,2372.0,seven_day_drift,43.0,2415.0,2372.0,2231.1729377763913,2412.585098632247,2505.0364049465943,development_oof,5,False,False,False,False
2025-05-06,2025-05-13,2423.0,2372.0,validation_weighted_ensemble,43.58285310682231,2415.5828531068223,2372.0,2231.1729377763913,2412.585098632247,2505.0364049465943,development_oof,5,False,False,False,False
2025-05-06,2025-05-13,2423.0,2372.0,xgboost,40.072113037109375,2412.0721130371094,2372.0,2231.1729377763913,2412.585098632247,2505.0364049465943,development_oof,5,False,False,False,False
2025-05-07,2025-05-14,2424.0,2365.0,catboost,44.45713276705601,2409.457132767056,2365.0,2224.7048359581063,2401.839340724106,2497.2100366806853,development_oof,5,False,False,True,False
2025-05-07,2025-05-14,2424.0,2365.0,elastic_net,-13.018504309754007,2351.981495690246,2365.0,2224.7048359581063,2401.839340724106,2497.2100366806853,development_oof,5,False,False,True,False
2025-05-07,2025-05-14,2424.0,2365.0,ets,-81.89609806082444,2283.1039019391756,2365.0,2224.7048359581063,2401.839340724106,2497.2100366806853,development_oof,5,False,False,True,False
2025-05-07,2025-05-14,2424.0,2365.0,lightgbm,26.97804197523601,2391.978041975236,2365.0,2224.7048359581063,2401.839340724106,2497.2100366806853,development_oof,5,False,False,True,False
2025-05-07,2025-05-14,2424.0,2365.0,persistence,0.0,2365.0,2365.0,2224.7048359581063,2401.839340724106,2497.2100366806853,development_oof,5,False,False,True,False
2025-05-07,2025-05-14,2424.0,2365.0,ridge,1.494577346564256,2366.4945773465643,2365.0,2224.7048359581063,2401.839340724106,2497.2100366806853,development_oof,5,False,False,True,False
2025-05-07,2025-05-14,2424.0,2365.0,sarimax,-255.9370080659005,2109.0629919340995,2365.0,2224.7048359581063,2401.839340724106,2497.2100366806853,development_oof,5,False,False,True,False
2025-05-07,2025-05-14,2424.0,2365.0,sarimax_boosting_hybrid,-115.91830930659762,2249.0816906934024,2365.0,2224.7048359581063,2401.839340724106,2497.2100366806853,development_oof,3,False,False,True,False
2025-05-07,2025-05-14,2424.0,2365.0,seven_day_drift,22.0,2387.0,2365.0,2224.7048359581063,2401.839340724106,2497.2100366806853,development_oof,5,False,False,True,False
2025-05-07,2025-05-14,2424.0,2365.0,validation_weighted_ensemble,30.982853106822404,2395.9828531068224,2365.0,2224.7048359581063,2401.839340724106,2497.2100366806853,development_oof,5,False,False,True,False
2025-05-07,2025-05-14,2424.0,2365.0,xgboost,40.072113037109375,2405.0721130371094,2365.0,2224.7048359581063,2401.839340724106,2497.2100366806853,development_oof,5,False,False,True,False
