tree
version=v4
num_class=1
num_tree_per_iteration=1
label_index=0
max_feature_idx=122
objective=regression_l1
feature_names=calendar_day_of_week calendar_month calendar_quarter calendar_day_of_month calendar_day_of_year calendar_week_of_year calendar_is_weekend calendar_is_month_start calendar_is_month_end calendar_dow_sin calendar_dow_cos calendar_month_sin calendar_month_cos calendar_doy_sin calendar_doy_cos lag_1d_total_system_load lag_1d_net_daily_intake lag_1d_cbp_apprehensions lag_1d_cbp_active_load lag_1d_hhs_active_load lag_1d_cbp_transfers lag_1d_hhs_discharges lag_1d_care_load_growth_rate lag_7d_total_system_load lag_7d_net_daily_intake lag_7d_cbp_apprehensions lag_7d_cbp_active_load lag_7d_hhs_active_load lag_7d_cbp_transfers lag_7d_hhs_discharges lag_7d_care_load_growth_rate lag_14d_total_system_load lag_14d_net_daily_intake lag_14d_cbp_apprehensions lag_14d_cbp_active_load lag_14d_hhs_active_load lag_14d_cbp_transfers lag_14d_hhs_discharges lag_14d_care_load_growth_rate lag_28d_total_system_load lag_28d_net_daily_intake lag_28d_cbp_apprehensions lag_28d_cbp_active_load lag_28d_hhs_active_load lag_28d_cbp_transfers lag_28d_hhs_discharges lag_28d_care_load_growth_rate rolling_7d_total_system_load_mean rolling_7d_total_system_load_std rolling_7d_total_system_load_min rolling_7d_total_system_load_max rolling_14d_total_system_load_mean rolling_14d_total_system_load_std rolling_14d_total_system_load_min rolling_14d_total_system_load_max rolling_30d_total_system_load_mean rolling_30d_total_system_load_std rolling_30d_total_system_load_min rolling_30d_total_system_load_max rolling_7d_net_daily_intake_mean rolling_7d_net_daily_intake_std rolling_7d_net_daily_intake_min rolling_7d_net_daily_intake_max rolling_14d_net_daily_intake_mean rolling_14d_net_daily_intake_std rolling_14d_net_daily_intake_min rolling_14d_net_daily_intake_max rolling_30d_net_daily_intake_mean rolling_30d_net_daily_intake_std rolling_30d_net_daily_intake_min rolling_30d_net_daily_intake_max rolling_7d_cbp_apprehensions_mean rolling_7d_cbp_apprehensions_std rolling_7d_cbp_apprehensions_min rolling_7d_cbp_apprehensions_max rolling_14d_cbp_apprehensions_mean rolling_14d_cbp_apprehensions_std rolling_14d_cbp_apprehensions_min rolling_14d_cbp_apprehensions_max rolling_30d_cbp_apprehensions_mean rolling_30d_cbp_apprehensions_std rolling_30d_cbp_apprehensions_min rolling_30d_cbp_apprehensions_max rolling_7d_cbp_transfers_mean rolling_7d_cbp_transfers_std rolling_7d_cbp_transfers_min rolling_7d_cbp_transfers_max rolling_14d_cbp_transfers_mean rolling_14d_cbp_transfers_std rolling_14d_cbp_transfers_min rolling_14d_cbp_transfers_max rolling_30d_cbp_transfers_mean rolling_30d_cbp_transfers_std rolling_30d_cbp_transfers_min rolling_30d_cbp_transfers_max rolling_7d_hhs_discharges_mean rolling_7d_hhs_discharges_std rolling_7d_hhs_discharges_min rolling_7d_hhs_discharges_max rolling_14d_hhs_discharges_mean rolling_14d_hhs_discharges_std rolling_14d_hhs_discharges_min rolling_14d_hhs_discharges_max rolling_30d_hhs_discharges_mean rolling_30d_hhs_discharges_std rolling_30d_hhs_discharges_min rolling_30d_hhs_discharges_max rolling_7d_total_system_load_slope rolling_14d_total_system_load_slope rolling_30d_total_system_load_slope ema_7d_total_system_load ema_14d_total_system_load ema_30d_total_system_load ema_7d_net_daily_intake ema_14d_net_daily_intake ema_30d_net_daily_intake momentum_total_load_change_1d momentum_total_load_change_7d momentum_total_load_change_14d momentum_total_load_pct_change_7d momentum_total_load_pct_change_14d quality_is_imputed_date current_total_system_load
feature_infos=[0:6] [1:12] [1:4] [1:31] [1:366] [1:52] [0:1] none none [-0.97492791218182362:0.97492791218182362] [-0.90096886790241903:1] [-1:1] [-1:1] [-0.9999994220246925:0.99998555065071859] [-0.99997919295908233:1] [2125:11762] [-465:206] [0:333] [7:531] [2109:11516] [0:440] [0:505] [-4.2088002186389755:4.66374269005847] [2125:11762] [-465:206] [0:333] [7:531] [2109:11516] [0:440] [0:505] [-4.2088002186389755:4.66374269005847] [2125:11762] [-465:206] [0:333] [7:531] [2109:11516] [0:440] [0:505] [-4.2088002186389755:4.66374269005847] [2125:11762] [-465:206] [0:333] [7:531] [2109:11516] [0:440] [0:505] [-4.2088002186389755:4.66374269005847] [2129.5714285714284:11513.714285714286] [3.579989741882005:509.76092835919201] [2125:11340] [2136:11762] [2139.9285714285716:11424.214285714286] [8.4936951508294314:942.91583150679583] [2125:11268] [2162:11762] [2174.1999999999998:11261.266666666666] [27.664277002315071:1294.8478503498261] [2125:10914] [2249:11762] [-206.57142857142858:89.285714285714292] [0:165.15261958292413] [-465:0] [0:206] [-190.92857142857142:73.428571428571431] [3.7579846965599955:140.03427058679424] [-465:0] [0:206] [-178.26666666666668:47.866666666666667] [4.1205447320637338:135.04748136200925] [-465:-5] [0:206] [0:176.28571428571428] [0:129.55748861853894] none [0:333] [3.7857142857142856:170.64285714285714] [3.3419107329361881:124.35022956085251] none [11:333] [5.0333333333333332:160.73333333333332] [4.7051980711641717:115.22878209120412] none [18:333] [0:243.28571428571428] [0:173.0102037807161] none [0:440] [4.6428571428571432:233.42857142857142] [4.2880945770841459:163.80714457020761] none [14:440] [5.6333333333333337:227.56666666666666] [5.075102626220156:158.74691248091167] none [16:440] [0:290.42857142857144] [0:200.11333523475014] none [0:505] [3.4285714285714284:263.14285714285717] [3.1783707801711412:190.11668006994105] none [9:505] [4.3666666666666663:261.03333333333336] [3.6399023185731787:184.28708280530373] none [12:505] [-253.03571428571448:144] [-233.2439560439567:118.9824175824171] [-144.97130144605123:94.198665183537273] [2140.0606929126516:11495.672662521447] [2166.6246417097859:11368.717998121303] [2267.2502787699132:11135.119731330458] [-260.83120163489002:94.715807259315611] [-206.69036780773996:67.676659807974602] [-174.51562953313982:41.874870886048022] [-339:360] [-1830:971] [-2908:1566] [-0.18965952080706183:0.11366030668383464] [-0.32642124883504198:0.19703069954705588] [0:1] [2125:11762]
tree_sizes=832 883 790 896 907 990 913 905 1003 890 906 893 901 978 895 818 1066 825 911 982 912 908 985 828 900 837 906 903 829 828 902 824 983 825 1001 898 748 828 742 823 984 747 909 899 827 741 831 1058 743 901 814 813 737 818 910 905 823 745 743 805 738 572 744 720 826 1065 983 744 900 824 900 993 738 815 741 1229 745 653 827 742 986 657 664 898 897 746 664 727 988 741 746 821 823 894 909 831 569 663 826 666 658 750 819 907 746 661 915 744 650 578 816 819 910 733 730 993 731 652 660 660 742 1137 564 913 984 665 908 745 911 908 736 911 990 904 824 749 910 906 1076 818 819 1000 1050 892 830 894 1065 1072 822 833 817 984 643 1059 911 660 1080 996 907 559 831 997 989 1085 1058 1165 666 576 823 992 744 1009 836 908 1065 815 982 903 889 910 1082 753 744 895 992 1167 809 744 1083 1080 991 981 918 907 827 1164 819 824 1157 749 669 831 833 822 648 921 909 666 1086 743 830 839 834 748 751 913 824 670 834 833 832 662 744 914 924 988 831 829 829 583 999 920 755 917 750 916 736 985 984 653 825 755 664 825 745 733 832 910 903 815 834 1069 1065 742 921 830 830 828 896 903 835 804 1061 1080 990 731 808 753 580 1080 657 824 1238 992 828 825 815 571 911 905 748 966 909 828 828 666 902 998 743 813 749 840 661 751 902 995 1083 832 994 898 1082 902 1066 1001 829 964 921 908 748 994 743 984 757 922 912 831 831 920 744 662 1000 825 921 832 738 903 1077 736 826 824 1157 1083 672 983 999 822 824 812 924 1066 1156 1083 1144 992 1001 1153 753 993 909 664 1255 663 840 825 828 906 1007 995 569 998 672 903 1067 1087 835 1006 1000 667 584 828 670 745 1009 1001 574 1080 586 672 669 995 1003 1076 1001 896 1086 913 920 1003 997 803 1008 996 911 751 1000 577 1008 922 749 749 835 988 915 917 1091 916 1086 662 833 916 744 900 996 741 820 995 1012 830 756 832 912 924 1075 827 748 915 1086 922 915 1007 993 1088 921 1095 746 745 668 910 1001 1007 1069 899 912 835 1005 756 909 832 1168 834 655 1076 834 664 659 813 835 666 840 916 895 650 660 1085 909 1082 827 930 926 982 1011 909 1066 573 739 999 753 1003 998 739 656 892 1245 1080 836 747 747 735 1158 834 829 999 837 662 1008 820 665 757 1164 1199

Tree=0
num_leaves=9
num_cat=0
split_feature=117 34 108 18 74 69 119 4
split_gain=133.29 47.6196 21.7835 8.28873 4.48133 3.40735 3.36464 0.288025
threshold=-90.499999999999986 240.50000000000003 25.473626373626281 236.00000000000003 190.50000000000003 -342.49999999999994 0.012297267634525546 203.50000000000003
decision_type=8 10 10 10 10 10 8 2
left_child=3 6 4 5 -3 -1 -2 -7
right_child=1 2 -4 -5 -6 7 -8 -9
leaf_value=6.8250000000000011 21.66 16.890000000000001 23.895 15.81 19.454999999999998 9.1650000000000009 25.890000000000001 17.835000000000001
leaf_weight=48 77 47 68 47 40 114 179 40
leaf_count=48 77 47 68 47 40 114 179 40
internal_value=20.9993 21.0096 20.9969 20.9823 20.9873 20.9796 21.0174 20.977
internal_weight=660 411 155 249 87 202 256 154
internal_count=660 411 155 249 87 202 256 154
is_linear=0
shrinkage=1


Tree=1
num_leaves=9
num_cat=0
split_feature=119 94 98 34 117 88 46 69
split_gain=155.865 20.7217 28.7081 17.6134 9.25856 8.92227 5.10292 5.98315
threshold=0.0035872948159564326 239.50000000000003 192.50000000000003 266.50000000000006 159.50000000000003 78.72037735375072 -0.41935630780775551 -274.49999999999994
decision_type=8 8 10 10 10 10 10 8
left_child=1 2 -1 6 -5 -4 -2 -8
right_child=3 -3 5 4 -6 -7 7 -9
leaf_value=-4.3508249999999995 5.3132999999999999 -11.3043 -9.2047499999999989 -3.5236499999999999 2.4331499999999999 2.298225 0.99329999999999996 2.1701999999999999
leaf_weight=72 132 169 45 43 59 54 41 83
leaf_count=72 132 169 45 43 59 54 41 83
internal_value=-0.000508475 -0.0149143 -0.00646409 0.0130435 0.00160714 0.00357798 0.0171429 0.0102985
internal_weight=698 340 171 358 102 99 256 124
internal_count=698 340 171 358 102 99 256 124
is_linear=0
shrinkage=0.03


Tree=2
num_leaves=8
num_cat=0
split_feature=119 82 3 115 95 66 100
split_gain=121.257 25.105 33.7499 24.3731 17.7783 15.3455 12.9004
threshold=0.0035872948159564326 256.50000000000006 12.500000000000002 -0.44103951037106953 194.21428571428575 132.00000000000003 99.536795210324001
decision_type=8 8 2 10 10 10 10
left_child=1 2 -1 4 -2 -5 -4
right_child=3 -3 6 5 -6 -7 -8
leaf_value=-4.9144252499999999 7.1639009999999992 -14.235170999999999 -3.7945252499999995 -0.809199 3.1835009999999997 2.6733555 3.6554789999999997
leaf_weight=91 151 105 75 67 75 45 65
leaf_count=91 151 105 75 67 75 45 65
internal_value=-0.000350877 -0.0130058 -0.00659751 0.012069 0.0175424 0 0.0024
internal_weight=674 336 231 338 226 112 140
internal_count=674 336 231 338 226 112 140
is_linear=0
shrinkage=0.03


Tree=3
num_leaves=9
num_cat=0
split_feature=119 116 79 41 108 104 46 46
split_gain=114.718 24.3771 20.2628 17.7268 11.7521 7.14435 6.78689 2.78612
threshold=0.012297267634525546 -25.499999999999996 107.85000000000001 142.50000000000003 21.512087912087761 84.747671647316068 -0.4136336368659454 -1.1456839353060742
decision_type=8 10 10 10 8 8 8 8
left_child=1 7 4 5 6 -3 -2 -1
right_child=2 3 -4 -5 -6 -7 -8 -9
leaf_value=-3.7805894924999999 1.9989839700000001 -0.21022653000000002 -1.27534953 -7.0387658699999998 6.9489839699999996 3.1312810500000001 -0.0075300300000000668 -10.44857705625
leaf_weight=43 51 52 49 65 131 64 51 172
leaf_count=43 51 52 49 65 131 64 51 172
internal_value=-0.000697674 -0.0110837 0.0135616 -0.00235602 0.0171605 0.00428571 0.0075 -0.0177333
internal_weight=678 396 282 181 233 116 102 215
internal_count=678 396 282 181 233 116 102 215
is_linear=0
shrinkage=0.03


Tree=4
num_leaves=9
num_cat=0
split_feature=119 119 50 65 13 13 51 67
split_gain=112.286 28.0444 21.3369 18.3863 16.1562 8.26083 3.88635 3.79556
threshold=0.011282675611734573 -0.041658088817958232 6305.0000000000009 -34.999999999999993 0.46800856592688472 0.72695311118111527 9950.9285714285743 -74.23333333333332
decision_type=8 10 10 10 2 2 10 10
left_child=1 7 -3 5 -4 6 -2 -1
right_child=3 2 4 -5 -6 -7 -8 -9
leaf_value=-12.955108558312499 6.6976609508999996 1.0710019836 -4.1070585583124997 0.01901445090000024 0.18137086509374997 0.88676895089999985 4.9447264509000002 -10.514930930812501
leaf_weight=45 130 47 107 73 74 41 40 107
leaf_count=45 130 47 107 73 74 41 40 107
internal_value=-0.000445104 -0.0110769 -0.00378151 0.0134694 -0.00863874 0.0177828 0.0206667 -0.0207407
internal_weight=664 380 228 284 181 211 170 152
internal_count=664 380 228 284 181 211 170 152
is_linear=0
shrinkage=0.03


Tree=5
num_leaves=10
num_cat=0
split_feature=117 52 94 109 94 102 75 65 80
split_gain=113.444 25.7522 20.3729 18.8706 18.1847 25.4989 6.31723 5.73354 5.25517
threshold=-63.499999999999993 118.72453519011516 278.00000000000006 0.39677419354846549 231.50000000000003 192.50000000000003 81.714285714285737 -284.99999999999994 65.129034241706293
decision_type=8 8 10 10 10 10 10 8 10
left_child=4 3 7 -2 5 -1 -5 -3 -6
right_child=1 2 -4 6 8 -7 -8 -9 -10
leaf_value=-4.3381268798006252 0.98212543737299995 2.4979443323729997 0.017569127372999843 0.31844401737300015 -10.074010051269374 2.7737990715243752 -2.7935306151269996 6.7455846398729999 -11.459483002888124
leaf_weight=42 73 50 52 41 40 67 54 136 129
leaf_count=42 73 50 52 41 40 67 54 136 129
internal_value=0.000432277 0.0105288 0.0166935 0.00101124 -0.0139583 -0.00327731 -0.00714286 0.0211224 -0.0199441
internal_weight=684 406 238 168 278 109 95 186 169
internal_count=684 406 238 168 278 109 95 186 169
is_linear=0
shrinkage=0.03


Tree=6
num_leaves=9
num_cat=0
split_feature=119 119 66 79 99 52 70 64
split_gain=100.288 22.1901 19.605 19.1792 17.6251 12.5074 11.5671 6.70077
threshold=0.013194265840418497 -0.038354701894776459 87.500000000000014 107.43333333333335 197.57142857142858 112.89693866438382 1.0000000180025095e-35 96.677998427166429
decision_type=8 10 10 10 10 8 10 10
left_child=1 6 4 5 -3 -2 -1 -7
right_child=3 2 -4 -5 -6 7 -8 -9
leaf_value=-10.658179854068793 0.25898025425181015 0.63795228753376865 -3.5782675056093152 -0.052882186448190004 -10.403787631499002 8.1415100831768097 -9.0220296068540424 2.2835000024018095
leaf_weight=50 56 141 67 47 49 123 108 40
leaf_count=50 56 141 67 47 49 123 108 40
internal_value=-0.000738061 -0.00995294 -0.00393258 0.0132609 0.0009 0.0168996 -0.0185714 0.0209827
internal_weight=681 415 257 266 190 219 158 163
internal_count=681 415 257 266 190 219 158 163
is_linear=0
shrinkage=0.03


Tree=7
num_leaves=9
num_cat=0
split_feature=117 82 3 98 91 120 107 122
split_gain=103.117 33.5348 18.8609 23.3903 14.578 14.4697 5.20969 0.0721803
threshold=120.50000000000001 256.50000000000006 11.500000000000002 194.50000000000003 137.60000000000005 0.010071373798277163 37.285714285714327 8603.0000000000018
decision_type=8 10 2 10 10 10 8 2
left_child=1 2 5 -4 6 -1 -2 -3
right_child=4 7 3 -5 -6 -7 -8 -9
leaf_value=-4.6471091383425485 3.7619912605500052 -12.255951542766917 -2.5219357960085103 1.569103531169797 0.03611481377025548 0.27616606792425591 6.5355598156815056 -12.785296992507041
leaf_weight=78 68 77 68 139 51 44 117 40
leaf_count=78 68 77 68 139 51 44 117 40
internal_value=-0.000693642 -0.00921053 -0.00380531 0.00152074 0.014878 -0.0127273 0.0186154 -0.0224409
internal_weight=682 446 329 207 236 122 185 117
internal_count=682 446 329 207 236 122 185 117
is_linear=0
shrinkage=0.03


Tree=8
num_leaves=10
num_cat=0
split_feature=119 119 79 80 68 70 13 46 114
split_gain=110.832 25.9234 24.2061 19.8551 14.97 11.2331 8.32607 7.72642 2.00443
threshold=0.012297267634525546 -0.041658088817958232 109.26666666666669 65.637293515121215 69.499012672886593 1.0000000180025095e-35 0.72695311118111527 -1.0000000180025095e-35 -109.57641077183276
decision_type=8 10 10 8 10 10 2 10 8
left_child=1 5 6 7 -5 -1 8 -3 -2
right_child=2 3 -4 4 -6 -7 -8 -9 -10
leaf_value=-9.7218771898301206 2.8763159107468104 1.9826046671632738 -0.52162793408016184 -3.302400158675372 1.7198644840561998 -8.7125026959229679 0.32712930718652794 -0.098680108874947728 6.3456442363985603
leaf_weight=46 40 40 44 126 45 106 51 41 142
leaf_count=46 40 40 44 126 45 106 51 41 142
internal_value=-0.000130246 -0.0101449 0.0141115 -0.00366412 -0.00944751 -0.0196296 0.0179012 0.00758242 0.0209375
internal_weight=681 404 277 252 171 152 233 81 182
internal_count=681 404 277 252 171 152 233 81 182
is_linear=0
shrinkage=0.03


Tree=9
num_leaves=9
num_cat=0
split_feature=108 22 79 34 107 70 78 114
split_gain=98.592 29.9347 26.264 25.675 11.3927 10.7892 7.5598 1.89919
threshold=20.280219780219682 -0.67882488565448862 109.95 256.50000000000006 -43.321428571428648 27.000000000000004 225.50000000000003 -106.65340371048397
decision_type=8 10 10 10 10 10 10 8
left_child=1 5 7 4 -3 -1 -5 -2
right_child=2 3 -4 6 -6 -7 -8 -9
leaf_value=-2.6138860304430405 3.181621022780587 -6.8597252972705176 -0.26426820724544714 -4.1266338879179285 0.64670384797093217 -7.9214477275540922 -2.5058580708524332 7.5371381874460761
leaf_weight=69 40 40 50 54 169 106 41 112
leaf_count=69 40 40 50 54 169 106 41 112
internal_value=-0.000303907 -0.00779141 0.0166981 -0.00171975 0.0039726 -0.0173514 -0.014 0.0225926
internal_weight=681 479 202 304 209 175 95 152
internal_count=681 479 202 304 209 175 95 152
is_linear=0
shrinkage=0.03


Tree=10
num_leaves=9
num_cat=0
split_feature=118 82 3 91 83 66 48 65
split_gain=73.8284 39.7311 40.6621 35.3782 19.0687 11.6581 8.41078 5.52977
threshold=181.00000000000003 256.50000000000006 13.500000000000002 131.93333333333337 115.00000000000001 134.00000000000003 59.697877613278088 -274.49999999999994
decision_type=8 10 2 10 10 10 10 8
left_child=1 2 6 7 -4 -5 -1 -2
right_child=3 -3 4 5 -6 -7 -8 -9
leaf_value=-0.064537977468195618 2.2405554465074338 -11.79871819310854 -0.084368195066827315 -5.8136517180405285 2.4558086350920907 1.8258682203341738 -4.575545291816872 6.8191690560709723
leaf_weight=40 43 103 103 41 89 41 93 122
leaf_count=40 43 103 103 41 89 41 93 122
internal_value=-0.000656934 -0.00821918 -0.00259701 0.0120233 0.00594059 -0.00326087 -0.0148951 0.0197143
internal_weight=675 428 325 247 192 82 133 165
internal_count=675 428 325 247 192 82 133 165
is_linear=0
shrinkage=0.03


Tree=11
num_leaves=9
num_cat=0
split_feature=119 82 98 51 34 14 34 52
split_gain=109.929 27.9642 18.3236 28.7952 13.1282 12.6515 6.72517 6.31768
threshold=0.012297267634525546 256.50000000000006 193.50000000000003 6513.3214285714294 288.50000000000006 0.47369649395226454 51.500000000000007 131.91730454732198
decision_type=8 10 8 10 10 2 8 8
left_child=1 2 5 -4 6 -1 -2 -8
right_child=4 -3 3 -5 -6 -7 7 -9
leaf_value=-0.038396775195822526 0.21564700925585037 -11.444756647315284 3.4805867274535323 -1.2691600346580059 0.014607741039328097 -4.0066009671148919 2.1108383760393279 7.0158464418135917
leaf_weight=40 41 117 41 150 55 52 59 135
leaf_count=40 41 117 41 150 55 52 59 135
internal_value=0 -0.0100976 -0.00440273 0.000746269 0.0138 -0.0147059 0.0167755 0.0191176
internal_weight=690 400 283 191 290 92 235 194
internal_count=690 400 283 191 290 92 235 194
is_linear=0
shrinkage=0.03


Tree=12
num_leaves=9
num_cat=0
split_feature=119 82 18 34 70 13 118 52
split_gain=95.8489 31.4246 25.278 16.8042 13.4978 9.9049 3.625 3.49525
threshold=0.012297267634525546 256.50000000000006 236.00000000000003 293.50000000000006 12.000000000000002 0.45273815774107123 -29.499999999999996 131.91730454732198
decision_type=8 10 10 10 10 2 10 8
left_child=1 2 4 5 -1 7 -4 -2
right_child=3 -3 6 -5 -6 -7 -8 -9
leaf_value=-0.057657251553615348 1.2310542655292755 -10.858046987607388 5.5509999187332202 -0.55326532868159872 -3.0367123421961022 0.35364601150114561 0.33955508626015585 5.3525840881898619
leaf_weight=80 42 109 44 42 115 74 42 123
leaf_count=80 42 109 44 42 115 74 42 123
internal_value=-0.000748899 -0.01035 -0.00443299 0.012268 -0.0103902 0.0153012 0.008125 0.0193714
internal_weight=671 390 281 281 195 239 86 165
internal_count=671 390 281 281 195 239 86 165
is_linear=0
shrinkage=0.03


Tree=13
num_leaves=10
num_cat=0
split_feature=119 82 56 13 98 109 109 114 67
split_gain=94.0691 28.7678 18.7369 18.6095 17.1572 10.378 10.24 7.95361 10.7349
threshold=0.012297267634525546 256.50000000000006 153.27704760294526 0.69056404122701587 261.00000000000006 1.7822024471635209 5.2077864293660614 -108.01272796323936 -5.2999999999999989
decision_type=8 8 10 2 10 10 10 8 10
left_child=1 2 5 7 -4 -1 -5 -2 -9
right_child=3 -3 4 6 -6 -7 -8 8 -10
leaf_value=2.0355662325618504 2.2765734921426715 -10.63022458113921 -3.3342533633756273 0.61263313115611129 -0.48702134560534344 -0.17254799200465454 -0.66460904697718937 8.1710480259134872 0.82826009885979746
leaf_weight=43 40 110 81 40 108 53 40 115 47
leaf_count=43 40 110 81 40 108 53 40 115 47
internal_value=-0.000567686 -0.01 -0.00437288 0.0123288 -0.00979899 0.00566038 0 0.0169811 0.0198837
internal_weight=677 395 285 282 189 96 80 202 162
internal_count=677 395 285 282 189 96 80 202 162
is_linear=0
shrinkage=0.03


Tree=14
num_leaves=9
num_cat=0
split_feature=117 82 3 95 70 13 100 76
split_gain=87.968 35.1794 17.6486 14.4621 12.2351 9.84643 6.35777 0.319418
threshold=120.50000000000001 256.50000000000006 14.500000000000002 101.14285714285715 27.000000000000004 0.45273815774107123 159.91094554553518 83.900952653789616
decision_type=8 10 2 10 10 2 10 10
left_child=1 2 4 -4 -1 6 -2 -3
right_child=5 7 3 -5 -6 -7 -8 -9
leaf_value=0.18018922469845705 6.4354283733571105 -10.131135685070383 -0.73303114505333689 1.8416898252043936 -4.1626956502865458 0.91574373107127593 1.8506418526360837 -8.4308778261219786
leaf_weight=61 111 72 56 110 85 69 40 43
leaf_count=61 111 72 56 110 85 69 40 43
internal_value=-0.000319635 -0.00830664 -0.0026087 0.00375 -0.01 0.0146087 0.0188199 -0.02184
internal_weight=647 427 312 166 146 220 151 115
internal_count=647 427 312 166 146 220 151 115
is_linear=0
shrinkage=0.03


Tree=15
num_leaves=8
num_cat=0
split_feature=117 34 117 64 102 99 70
split_gain=92.3221 30.8171 14.5753 14.1268 11.3737 9.92113 9.00716
threshold=-100.99999999999999 266.50000000000006 133.50000000000003 33.835585535510212 208.50000000000003 197.57142857142858 27.000000000000004
decision_type=8 10 10 10 8 10 10
left_child=3 4 -3 -1 -2 -6 -5
right_child=1 2 -4 6 5 -7 -8
leaf_value=0.33132243502711572 0.039444424400039965 -2.690780389994103 1.3725803517433368 -8.6455999211335772 4.7283861624631545 1.263480164930163 -7.6248178063003937
leaf_weight=43 68 68 63 70 182 56 133
leaf_count=43 68 68 63 70 182 56 133
internal_value=-0.000562771 0.00758389 -0.00404255 -0.015 0.0127215 0.0157258 -0.018169
internal_weight=683 437 131 246 306 238 203
internal_count=683 437 131 246 306 238 203
is_linear=0
shrinkage=0.03


Tree=16
num_leaves=11
num_cat=0
split_feature=119 82 13 70 109 70 64 12 96 76
split_gain=83.5159 26.9932 19.6979 17.6732 16.9131 14.1668 14.9801 12.8374 4.39942 0.717709
threshold=0.011282675611734573 256.50000000000006 0.45273815774107123 102.50000000000001 -1.637819799777537 27.000000000000004 32.892760116110374 0.6830127018922193 157.87037287670486 83.464232217253411
decision_type=8 10 2 10 10 10 10 2 10 10
left_child=1 5 3 8 -4 7 -7 -1 -2 -3
right_child=2 9 4 -5 -6 6 -8 -9 -10 -11
leaf_value=0.81316159974638169 6.1972995295741642 -9.6807202358038662 2.0653071412150048 -0.222173060122416 -0.25263456746417723 0.57999785954475425 -3.6812482564661613 -2.2260426837906335 2.3465784694606118 -9.6951606333658606
leaf_weight=65 108 73 41 40 64 41 121 41 40 42
leaf_count=65 108 73 41 40 64 41 121 41 40 42
internal_value=-0.000962099 -0.0101527 0.0107921 0.0163636 0 -0.00431655 -0.00976744 0.00362069 0.0208861 -0.02184
internal_weight=676 383 293 188 105 268 162 106 148 115
internal_count=676 383 293 188 105 268 162 106 148 115
is_linear=0
shrinkage=0.03


Tree=17
num_leaves=8
num_cat=0
split_feature=119 67 99 96 114 84 94
split_gain=89.5045 31.5858 26.1205 16.1372 13.6523 13.5154 9.75777
threshold=-0.028264133648644437 16.650000000000002 200.92857142857147 79.034857961924246 25.545798374093319 86.244260902388206 231.50000000000003
decision_type=8 10 10 8 10 8 10
left_child=6 2 3 -2 -3 -4 -1
right_child=1 4 5 -5 -6 -7 -8
leaf_value=-2.2321505144019151 0.057212447211940666 -2.7617403948761443 -4.3322948076752636 5.0142249427929393 0.70602117319208502 1.6992627074821209 -9.5530901687642267
leaf_weight=79 76 57 41 210 59 48 116
leaf_count=79 76 57 41 210 59 48 116
internal_value=-0.000948276 0.00580838 0.0100519 0.0143919 -0.00714286 -0.00333333 -0.0177073
internal_weight=686 491 375 286 116 89 195
internal_count=686 491 375 286 116 89 195
is_linear=0
shrinkage=0.03


Tree=18
num_leaves=9
num_cat=0
split_feature=119 82 3 12 13 67 114 108
split_gain=68.7725 26.2813 17.895 20.2027 16.7501 15.9442 6.87268 4.24404
threshold=0.012598305339051487 256.50000000000006 11.500000000000002 0.6830127018922193 0.69056404122701587 -5.2999999999999989 -108.01272796323936 -3.2208791208791676
decision_type=8 10 2 2 2 10 8 10
left_child=1 2 7 -4 5 6 -2 -1
right_child=4 -3 3 -5 -6 -7 -8 -9
leaf_value=-3.9721279967494416 1.8862817544089068 -9.0664326617859388 0.7272792529595079 -2.5554146834311613 -0.068384396055871016 -0.016645010384549151 7.2428575671660385 -0.42173002001464638
leaf_weight=54 48 112 135 56 78 49 91 40
leaf_count=54 48 112 135 56 78 49 91 40
internal_value=-0.00191679 -0.00980344 -0.00437288 0.000746269 0.00956522 0.0142424 0.0191275 -0.0144231
internal_weight=663 397 285 191 266 188 139 94
internal_count=663 397 285 191 266 188 139 94
is_linear=0
shrinkage=0.03


Tree=19
num_leaves=10
num_cat=0
split_feature=119 82 13 18 70 92 122 104 76
split_gain=86.2629 21.1904 19.9815 15.4912 16.1456 7.96798 6.17333 1.70499 0.103756
threshold=0.012598305339051487 256.50000000000006 0.40614137006726808 257.50000000000006 16.500000000000004 90.44497933624551 7833.5000000000009 155.59865845391059 83.464232217253411
decision_type=8 10 2 10 10 10 2 10 10
left_child=1 3 5 4 -1 7 -4 -2 -3
right_child=2 8 6 -5 -6 -7 -8 -9 -10
leaf_value=-0.0078075813481307673 7.0255718401510574 -9.0604556410978621 0.49127584621374148 1.7476786826005966 -3.4063671501711665 0.5530147994121396 -0.29200199046215009 1.5113477364340331 -9.0091240644510702
leaf_weight=101 91 68 40 61 128 40 65 40 43
leaf_count=101 91 68 40 61 128 40 65 40 43
internal_value=-0.00187773 -0.0107299 0.0106993 -0.0058 -0.00941423 0.0167403 0 0.0202128 -0.0215702
internal_weight=677 401 276 290 229 171 105 131 111
internal_count=677 401 276 290 229 171 105 131 111
is_linear=0
shrinkage=0.03


Tree=20
num_leaves=9
num_cat=0
split_feature=117 82 13 3 108 98 120 119
split_gain=81.459 28.2387 18.6838 17.301 14.6307 14.3116 3.87598 2.90896
threshold=138.50000000000003 256.50000000000006 0.45273815774107123 13.500000000000002 -1.4373626373628323 196.00000000000003 0.077843057019284081 -0.027753629792693409
decision_type=8 10 2 2 10 10 8 10
left_child=1 3 6 4 -1 -5 -2 -3
right_child=2 7 -4 5 -6 -7 -8 -9
leaf_value=-4.7435818833633441 1.9537876909161302 -9.6062493377073626 0.012073746855418505 -0.57932132085410049 -0.0082559427296320029 1.657464630887816 7.9690594075383796 -3.2970317415757728
leaf_weight=79 74 70 60 65 73 127 73 54
leaf_count=79 74 70 60 65 73 127 73 54
internal_value=-0.000919708 -0.00790795 0.0142396 -0.00305085 -0.0103704 0.00267327 0.0196815 -0.0197015
internal_weight=675 468 207 344 152 192 147 124
internal_count=675 468 207 344 152 192 147 124
is_linear=0
shrinkage=0.03


Tree=21
num_leaves=9
num_cat=0
split_feature=119 52 94 67 113 13 70 84
split_gain=77.9401 26.4266 20.9808 14.4902 13.4943 11.0813 10.0427 5.84171
threshold=-0.027753629792693409 135.40800117601273 278.00000000000006 16.650000000000002 -46.634138327323853 0.45273815774107123 27.000000000000004 105.20437821395879
decision_type=8 8 10 10 10 2 10 10
left_child=6 3 5 4 -2 -3 -1 -5
right_child=1 2 -4 7 -6 -7 -8 -9
leaf_value=-2.3787273877532749 -2.9241198308742229 4.6430282295058403 -0.48363988924479145 -2.8981954686028648 0.59561567621022204 1.1938207193338621 -7.3844278423410437 -0.081749277790922434
leaf_weight=79 48 130 49 41 116 42 114 45
leaf_count=79 48 130 49 41 116 42 114 45
internal_value=-0.000445104 0.0060499 0.0133766 -0.000461538 0.00448276 0.0181319 -0.0161084 -0.01
internal_weight=664 471 221 250 164 172 193 86
internal_count=664 471 221 250 164 172 193 86
is_linear=0
shrinkage=0.03


Tree=22
num_leaves=10
num_cat=0
split_feature=117 56 13 67 72 92 117 13 94
split_gain=63.9697 27.5405 22.2408 15.6798 15.4978 17.5444 11.4285 10.2644 0.856752
threshold=120.50000000000001 148.51232593619076 0.45273815774107123 14.866666666666669 78.182371720515519 68.143648234924498 183.00000000000003 0.92922379131507438 243.50000000000003
decision_type=8 8 2 10 10 8 8 2 10
left_child=1 3 6 7 5 -3 -2 -1 -8
right_child=2 4 -4 -5 -6 -7 8 -9 -10
leaf_value=1.1194675240842606 0.16876646939319193 -0.63876687832965284 -0.13880528449648025 -1.514714059105394 0.17600527351145001 -6.4138479731757201 6.569119187811479 -0.0052419201535905914 1.9412864554004616
leaf_weight=47 48 69 74 57 58 181 80 40 40
leaf_count=47 48 69 74 57 58 181 80 40 40
internal_value=-0.00136364 -0.00805195 0.0107143 0.00233766 -0.0130189 -0.0161538 0.0165169 0.0102062 0.0212308
internal_weight=694 452 242 144 308 250 168 87 120
internal_count=694 452 242 144 308 250 168 87 120
is_linear=0
shrinkage=0.03


Tree=23
num_leaves=8
num_cat=0
split_feature=119 34 116 13 118 94 88
split_gain=85.2223 34.1235 14.418 14.0173 11.7618 6.76602 3.86919
threshold=-0.028526993551023668 261.50000000000006 -53.499999999999993 0.94704596667653973 309.50000000000006 231.50000000000003 112.34442484549594
decision_type=8 10 8 2 10 10 10
left_child=5 2 -2 -4 6 -1 -3
right_child=1 4 3 -5 -6 -7 -8
leaf_value=-1.9814736208040971 -0.56613044045275973 -3.233432975810338 2.4238925778469795 -0.028059278493072704 1.0719372199067918 -7.8511309406735261 -0.54242547643905137
leaf_weight=77 46 62 236 42 69 119 41
leaf_count=77 46 62 236 42 69 119 41
internal_value=-0.00145299 0.00509881 0.0107784 0.0133333 -0.00527473 -0.017767 -0.0114159
internal_weight=692 496 324 278 172 196 103
internal_count=692 496 324 278 172 196 103
is_linear=0
shrinkage=0.03


Tree=24
num_leaves=9
num_cat=0
split_feature=117 119 34 3 56 46 72 13
split_gain=79.1076 22.3996 15.1609 13.5543 12.5608 9.06033 7.96594 4.39486
threshold=-70.499999999999986 0.057959137998206407 242.50000000000003 10.500000000000002 141.78270931559635 -1.0761203129417138 69.140872644375477 0.72695311118111527
decision_type=8 8 10 2 10 10 10 2
left_child=4 2 7 -4 -1 -6 -7 -2
right_child=1 -3 3 -5 5 6 -8 -9
leaf_value=0.03730846355293909 1.3203319527115238 9.3477623922953512 -2.6305445551593731 0.52638761610912077 -1.9220294121799741 -8.0615190396818051 -3.1496019698082454 0.087393605464054891
leaf_weight=47 146 64 55 73 53 132 40 66
leaf_count=47 146 64 55 73 53 132 40 66
internal_value=0 0.00826087 0.00462857 -0.00304348 -0.0123404 -0.0151915 -0.0184615 0.00945946
internal_weight=676 404 340 128 272 225 172 212
internal_count=676 404 340 128 272 225 172 212
is_linear=0
shrinkage=0.03


Tree=25
num_leaves=8
num_cat=0
split_feature=119 119 116 40 69 46 13
split_gain=84.3319 28.4652 13.7923 15.2761 9.79021 5.57169 3.42045
threshold=-0.039862857558028868 0.037332057648439172 -51.999999999999993 1.0000000180025095e-35 -197.99999999999997 -1.0761203129417138 0.26037272046371446
decision_type=8 8 10 10 10 10 2
left_child=5 2 4 -4 -2 -1 -3
right_child=1 6 3 -5 -6 -7 -8
leaf_value=-2.0082083576562653 0.40806842290777851 6.2025298649688532 0.56049499172605632 -0.53852499040682422 -2.1859592098557288 -7.6797543109086757 3.693030301730706
leaf_weight=49 45 78 224 85 55 109 40
leaf_count=49 45 78 224 85 55 109 40
internal_value=-0.000302158 0.00541899 0.00136038 0.00460815 -0.00763636 -0.0189286 0.0178125
internal_weight=685 527 409 309 100 158 118
internal_count=685 527 409 309 100 158 118
is_linear=0
shrinkage=0.03


Tree=26
num_leaves=9
num_cat=0
split_feature=119 92 102 99 94 5 3 84
split_gain=62.3436 22.3527 22.4995 16.8348 11.7401 11.7361 12.0333 0.0097166
threshold=-0.027753629792693409 89.182272678762658 208.50000000000003 200.25000000000003 231.50000000000003 36.500000000000007 13.500000000000002 81.85128375939648
decision_type=8 10 8 10 10 2 2 10
left_child=4 2 -2 -4 -1 6 -3 -6
right_child=1 5 3 -5 7 -7 -8 -9
leaf_value=-1.5128146606632182 -0.093231349805820402 -1.0505312839055303 3.9264158684726351 -0.27643185218970495 -8.4106951790859394 -3.6352022448237808 1.3133425407681572 -5.3859888392321649
leaf_weight=74 73 69 151 40 66 61 73 54
leaf_count=74 73 69 151 40 66 61 73 54
internal_value=-0.00076006 0.00509434 0.0107299 0.0159701 -0.0147059 -0.00211268 0.00236842 -0.0203077
internal_weight=661 467 264 191 194 203 142 120
internal_count=661 467 264 191 194 203 142 120
is_linear=0
shrinkage=0.03


Tree=27
num_leaves=9
num_cat=0
split_feature=117 82 12 13 3 69 19 76
split_gain=58.8688 22.6669 21.7857 21.5039 15.8096 9.72816 2.7996 2.20072
threshold=138.50000000000003 256.50000000000006 0.6830127018922193 0.43733377705052551 12.500000000000002 -286.99999999999994 7710.0000000000009 83.100694223435823
decision_type=8 10 2 2 2 8 10 10
left_child=1 2 4 5 -1 -2 -4 -3
right_child=3 7 6 -5 -6 -7 -8 -9
leaf_value=-0.53114579968525366 0.94696764622196239 -7.6470408262088378 -3.7901913556457245 -0.30909565899701402 0.63049528971362057 5.2231797937149098 -1.6232486664567938 -7.105706077186019
leaf_weight=110 43 62 40 65 156 105 42 52
leaf_count=110 43 62 40 65 156 105 42 52
internal_value=-0.00118248 -0.00724576 -0.00301676 0.011435 0.00108696 0.0174684 -0.0156522 -0.0183871
internal_weight=675 462 348 213 266 148 82 114
internal_count=675 462 348 213 266 148 82 114
is_linear=0
shrinkage=0.03


Tree=28
num_leaves=8
num_cat=0
split_feature=119 67 58 13 66 70 18
split_gain=69.1154 25.4939 20.9672 24.3664 9.05545 6.72287 0.0457501
threshold=-0.028526993551023668 16.650000000000002 11162.000000000002 0.96465729447553372 132.00000000000003 27.000000000000004 211.50000000000003
decision_type=8 10 10 2 10 10 10
left_child=5 2 3 -2 -3 -1 -7
right_child=1 4 -4 -5 -6 6 -8
leaf_value=-2.6161009374704793 3.0529224600785256 -1.9821392118836108 -1.4457680958528412 -0.13169312557911383 0.76605658569055646 -8.6780067070596001 -3.6317174615708745
leaf_weight=76 285 71 46 42 42 64 41
leaf_count=76 285 71 46 42 42 64 41
internal_value=-0.000132939 0.00568548 0.00947781 0.0121958 -0.00609756 -0.0155497 -0.0206087
internal_weight=667 486 373 327 113 181 105
internal_count=667 486 373 327 113 181 105
is_linear=0
shrinkage=0.03


Tree=29
num_leaves=8
num_cat=0
split_feature=119 119 92 78 86 116 4
split_gain=55.63 28.0453 11.7014 15.5801 10.7376 9.76681 2.73681
threshold=-0.028526993551023668 0.057959137998206407 88.082036044738558 225.50000000000003 223.00000000000003 -27.499999999999996 165.50000000000003
decision_type=8 8 8 8 10 10 2
left_child=5 2 4 -4 -2 6 -1
right_child=1 -3 3 -5 -6 -7 -8
leaf_value=-7.4066131532015493 0.056542049946763623 7.7139131987463809 -1.7284016111968892 0.70841362156379528 2.1724781287600918 -1.4386315496723028 -2.9665598617901341
leaf_weight=96 161 62 116 110 54 50 40
leaf_count=96 161 62 116 110 54 50 40
internal_value=-0.00167382 0.00345029 0.000465632 -0.0040678 0.00546667 -0.0153061 -0.0193151
internal_weight=689 503 441 226 215 186 136
internal_count=689 503 441 226 215 186 136
is_linear=0
shrinkage=0.03


Tree=30
num_leaves=9
num_cat=0
split_feature=117 52 13 86 122 94 106 70
split_gain=57.9831 19.3292 17.708 13.9157 15.5398 13.1793 6.51359 0.862514
threshold=168.50000000000003 223.19874980398313 0.71503381463111937 273.00000000000006 6241.0000000000009 231.50000000000003 435.50000000000006 115.50000000000001
decision_type=8 10 2 10 2 10 10 8
left_child=1 3 6 4 -1 -3 7 -2
right_child=2 5 -4 -5 -6 -7 -8 -9
leaf_value=0.17638261906120284 9.2281943432415705 -0.79444703194996513 -0.36817644789078507 2.8112425141491864 -1.8878665959650247 -7.0609067843909648 1.131499652875257 2.3176381868812324
leaf_weight=113 63 42 40 52 200 81 43 40
leaf_count=113 63 42 40 52 200 81 43 40
internal_value=-0.00149123 -0.00698795 0.0122449 -0.00312 -0.00566563 -0.0169173 0.0169231 0.0209735
internal_weight=674 488 186 365 313 123 146 103
internal_count=674 488 186 365 313 123 146 103
is_linear=0
shrinkage=0.03


Tree=31
num_leaves=8
num_cat=0
split_feature=119 119 38 22 109 80 113
split_gain=50.3721 26.9031 13.9827 12.6177 12.0383 11.6125 4.50474
threshold=-0.028264133648644437 0.057959137998206407 -0.37962493181000195 -1.2888322850881537 1.0000000180025095e-35 63.547645684836553 9.4532611733821437
decision_type=8 8 10 10 10 10 10
left_child=3 2 6 -1 -4 -5 -2
right_child=1 -3 4 5 -6 -7 -8
leaf_value=-8.0771291186774246 0.77169265154577793 7.1118591950631469 0.50109114048936676 1.2502428809202728 -0.4525478355632328 -4.4220986449442048 0.010841605780040061
leaf_weight=80 88 64 75 43 204 53 59
leaf_count=80 88 64 75 43 204 53 59
internal_value=-0.00213018 0.00276 0 -0.0154839 -0.00404844 -0.00622642 0.00707006
internal_weight=666 490 426 176 279 96 147
internal_count=666 490 426 176 279 96 147
is_linear=0
shrinkage=0.03


Tree=32
num_leaves=10
num_cat=0
split_feature=117 67 13 109 82 96 43 3 72
split_gain=58.7286 19.3708 17.1581 26.7751 16.4447 15.6803 12.2215 10.6576 10.1933
threshold=-90.499999999999986 16.650000000000002 0.69056404122701587 5.9829810901001368 261.00000000000006 97.947508454631148 9637.0000000000018 13.500000000000002 83.456207378166212
decision_type=8 10 2 10 10 10 10 2 10
left_child=4 2 6 -4 5 -1 -2 -7 -3
right_child=1 8 3 -5 -6 7 -8 -9 -10
leaf_value=-2.4121394816194677 3.6761003856397716 -1.8016483105709409 0.5045824118688389 -0.83179498454427436 -8.9524952404467957 -3.8050245135650318 -0.027404482955002436 4.512980540310461 0.65347356422402381
leaf_weight=78 177 43 58 53 76 41 40 59 47
leaf_count=78 177 43 58 53 76 41 40 59 47
internal_value=-0.00131965 0.00546729 0.00887574 -0.000247934 -0.0125 -0.00638298 0.0136123 0.00109091 -0.006
internal_weight=672 418 328 111 254 178 217 100 90
internal_count=672 418 328 111 254 178 217 100 90
is_linear=0
shrinkage=0.03


Tree=33
num_leaves=8
num_cat=0
split_feature=119 120 94 67 99 78 80
split_gain=54.7007 22.173 13.0142 12.6611 15.1005 6.65529 5.54128
threshold=-0.028526993551023668 0.07271335650304124 231.50000000000003 15.233333333333336 200.25000000000003 205.50000000000003 71.746033572130855
decision_type=8 8 10 8 10 10 8
left_child=2 3 -1 4 -2 -5 -3
right_child=1 6 -4 5 -6 -7 -8
leaf_value=-0.95912735174313446 0.55655178001035421 7.466569887184737 -6.3090399971955433 -1.6763685752558815 -1.8836971885056164 0.04550200872397113 1.5648011171162235
leaf_weight=73 194 56 110 62 76 55 50
leaf_count=73 194 56 110 62 76 55 50
internal_value=-0.00113703 0.00399602 -0.0147668 0.000377834 0.00407143 -0.00732283 0.0155172
internal_weight=676 493 183 387 270 117 106
internal_count=676 493 183 387 270 117 106
is_linear=0
shrinkage=0.03


Tree=34
num_leaves=10
num_cat=0
split_feature=117 13 116 109 80 104 46 46 108
split_gain=56.409 20.8638 20.0281 10.2244 11.5513 9.35028 9.16382 5.85686 4.46759
threshold=138.50000000000003 0.43733377705052551 -50.499999999999993 3.7239154616240451 70.685730955813924 159.63455526539897 -1.0696258519138355 0.36148401896420884 -11.706593406593564
decision_type=8 2 10 10 8 10 10 10 10
left_child=2 5 6 4 -4 -2 -1 -5 -8
right_child=1 -3 3 7 -6 -7 8 -9 -10
leaf_value=-0.014070940087662897 4.4311999639674928 -0.085457087036735255 0.45428948724364798 -1.5843985890296886 -4.0903873101244823 0.17681754185104728 -6.2397687972796767 -0.24014324651305605 -1.403059930711404
leaf_weight=40 113 71 163 48 41 40 84 48 49
leaf_count=40 113 71 163 48 41 40 84 48 49
internal_value=-0.000466761 0.0115385 -0.00639752 -0.00135484 0.00224299 0.0174847 -0.0142623 -0.0090566 -0.0178322
internal_weight=697 224 473 300 204 153 173 96 133
internal_count=697 224 473 300 204 153 173 96 133
is_linear=0
shrinkage=0.03


Tree=35
num_leaves=9
num_cat=0
split_feature=116 98 41 94 65 95 94 86
split_gain=54.6368 26.06 21.376 18.6908 17.9593 9.48454 8.90178 0.974936
threshold=-49.499999999999993 193.50000000000003 141.50000000000003 231.50000000000003 -25.499999999999996 198.00000000000003 265.50000000000006 232.50000000000003
decision_type=8 8 10 10 8 10 10 10
left_child=3 4 5 -1 -2 -3 -4 -5
right_child=1 2 6 7 -6 -7 -8 -9
leaf_value=-0.012075567748995866 -1.4297550851237664 4.1788965978128161 2.6034821415529761 -7.2627679805626979 0.15485781354915718 0.42519388225935245 -3.6647234091481966 -4.778597694930439
leaf_weight=69 59 199 42 70 66 60 57 58
leaf_count=69 59 199 42 70 66 60 57 58
internal_value=-0.000173913 0.00517241 0.00929348 -0.0131884 -0.006 0.0137175 -0.00192661 -0.0195652
internal_weight=680 483 358 197 125 259 99 128
internal_count=680 483 358 197 125 259 99 128
is_linear=0
shrinkage=0.03


Tree=36
num_leaves=7
num_cat=0
split_feature=119 67 58 13 78 94
split_gain=57.4516 20.2311 18.0662 24.1127 14.0257 8.3601
threshold=-0.028526993551023668 14.866666666666669 11162.000000000002 0.43733377705052551 223.00000000000003 231.50000000000003
decision_type=8 10 10 2 10 10
left_child=5 2 3 -2 -3 -1
right_child=1 4 -4 -5 -6 -7
leaf_value=-0.76583755056396008 3.8592145078795008 -1.5487707446159578 -0.87765489099646887 0.023456782013777228 0.45013734442537678 -5.3747326371688713
leaf_weight=71 160 65 47 149 70 121
leaf_count=71 160 65 47 149 70 121
internal_value=-0.00160173 0.00377246 0.00754098 0.0102508 -0.00558621 -0.0151485
internal_weight=683 491 356 309 135 192
internal_count=683 491 356 309 135 192
is_linear=0
shrinkage=0.03


Tree=37
num_leaves=8
num_cat=0
split_feature=119 119 5 35 106 98 13
split_gain=41.2793 21.6213 9.0773 8.4559 13.1508 11.0266 1.45923
threshold=-0.028526993551023668 0.057959137998206407 23.500000000000004 6074.5000000000009 322.00000000000006 201.00000000000003 0.91248814248966237
decision_type=8 8 2 10 10 10 2
left_child=2 3 6 5 -5 -2 -1
right_child=1 -3 -4 4 -6 -7 -8
leaf_value=-6.7126599819393693 0.010899073527971837 6.9866071641629048 -1.005530559698995 -1.9666497040436302 0.082355014522596706 3.8551077456429272 -3.4020996434901023
leaf_weight=84 101 58 56 76 222 42 40
leaf_count=84 101 58 56 76 222 42 40
internal_value=-0.00161103 0.00277014 -0.0135789 0.000199557 -0.00253247 0.00607843 -0.0179104
internal_weight=679 499 180 441 298 143 124
internal_count=679 499 180 441 298 143 124
is_linear=0
shrinkage=0.03


Tree=38
num_leaves=7
num_cat=0
split_feature=119 119 82 4 55 90
split_gain=45.2207 21.6992 13.0766 14.5299 12.0223 12.4357
threshold=-0.027753629792693409 0.048398715187248038 202.50000000000003 66.500000000000014 6241.916666666667 229.50000000000003
decision_type=8 8 10 2 8 10
left_child=2 4 3 -1 -2 -6
right_child=1 -3 -4 -5 5 -7
leaf_value=-2.3863550322831548 0.41272617440216208 4.304404829685879 -5.5607205868921934 2.1695607066095066 -0.87917143863504721 0.52109748027770841
leaf_weight=50 77 79 97 45 142 190
leaf_count=50 77 79 97 45 142 190
internal_value=-0.00104348 0.00373494 -0.0130693 -0.00371429 0.000644391 -0.00175439
internal_weight=680 488 192 95 409 332
internal_count=680 488 192 95 409 332
is_linear=0
shrinkage=0.03


Tree=39
num_leaves=8
num_cat=0
split_feature=119 94 120 46 39 51 39
split_gain=38.0796 19.5633 19.4923 11.7614 9.5 8.52347 7.51333
threshold=-0.027753629792693409 231.50000000000003 0.071771000028787904 -0.97345247058476236 7393.0000000000009 6243.0714285714294 7704.5000000000009
decision_type=8 10 8 10 10 10 8
left_child=1 -1 3 6 -4 -5 -2
right_child=2 -3 4 5 -6 -7 -8
leaf_value=-0.39479988033726127 -0.059004260886253587 -5.3494744087639727 4.3002343108988699 0.20510448921282823 0.12006821283194441 -0.84871807709911973 4.1297689470773404
leaf_weight=73 46 111 70 73 40 218 40
leaf_count=73 46 111 70 73 40 218 40
internal_value=-0.00136564 -0.0126804 0.00295775 -0.000232558 0.0135 -0.00328904 0.00875
internal_weight=671 184 487 377 110 291 86
internal_count=671 184 487 377 110 291 86
is_linear=0
shrinkage=0.03


Tree=40
num_leaves=10
num_cat=0
split_feature=116 117 13 94 18 26 45 95 86
split_gain=39.9188 19.0179 14.3017 12.1102 8.7852 13.7678 8.75788 3.75579 3.56304
threshold=-53.499999999999993 168.50000000000003 0.43733377705052551 231.50000000000003 213.50000000000003 238.50000000000003 98.000000000000014 190.6428571428572 232.50000000000003
decision_type=8 8 2 8 10 10 8 10 10
left_child=3 4 7 -1 6 -6 -2 -3 -5
right_child=1 2 -4 8 5 -7 -8 -9 -10
leaf_value=-0.51273473562529714 0.083109444431238869 6.1788176139819253 -0.18550769159176447 -6.4299573127028857 2.3634713716715945 -1.3301375231215835 -1.3260130131584502 0.74988892561747889 -2.5123227461821949
leaf_weight=61 69 76 55 67 66 91 81 41 55
leaf_count=61 69 76 55 67 66 91 81 41 55
internal_value=-0.000982143 0.00349693 0.0112088 -0.0125907 -0.000851735 0.00377246 -0.006 0.0167717 -0.0177273
internal_weight=662 479 172 183 307 157 150 117 122
internal_count=662 479 172 183 307 157 150 117 122
is_linear=0
shrinkage=0.03


Tree=41
num_leaves=7
num_cat=0
split_feature=119 119 14 19 94 3
split_gain=37.6755 18.6984 15.0804 11.4703 10.6489 9.19655
threshold=-0.028526993551023668 0.057959137998206407 0.50370931781787065 7494.5000000000009 231.50000000000003 17.500000000000004
decision_type=8 8 2 10 10 2
left_child=4 2 3 -2 -1 -4
right_child=1 -3 5 -5 -6 -7
leaf_value=-0.66851688985666968 0.1004613800197439 6.6750926227100917 1.2886411944582172 -1.7589516422132045 -4.7404591922502357 0.17888343400039786
leaf_weight=74 179 62 83 125 106 68
leaf_count=74 179 62 83 125 106 68
internal_value=-0.000806223 0.00324478 0.00083871 -0.00286624 -0.0123158 0.00838509
internal_weight=697 517 455 304 180 151
internal_count=697 517 455 304 180 151
is_linear=0
shrinkage=0.03


Tree=42
num_leaves=9
num_cat=0
split_feature=117 106 95 53 61 13 42 94
split_gain=38.0469 17.5772 21.8701 21.4948 21.2072 12.2617 8.76754 7.59089
threshold=-288.49999999999994 307.50000000000006 189.00000000000003 6298.0000000000009 -34.999999999999993 -0.24372957273992746 266.50000000000006 231.50000000000003
decision_type=8 8 10 10 10 2 10 10
left_child=7 3 6 4 -2 -4 -3 -1
right_child=1 2 5 -5 -6 -7 -8 -9
leaf_value=-0.64643701247445362 2.2046727504274433 4.1868365973223183 1.2644549722720309 -3.3270256533531288 -0.14915227077583065 -3.0452736698349216 0.23648842195075701 -4.8928052962916464
leaf_weight=41 47 124 65 46 131 63 45 101
leaf_count=41 47 124 65 46 131 63 45 101
internal_value=-0.00173848 0.0019774 0.00674267 -0.00410256 0.000638298 -0.00217391 0.0135754 -0.015
internal_weight=663 521 297 224 178 128 169 142
internal_count=663 521 297 224 178 128 169 142
is_linear=0
shrinkage=0.03


Tree=43
num_leaves=9
num_cat=0
split_feature=117 94 95 119 72 79 115 84
split_gain=38.8436 15.592 20.5134 15.4177 7.63734 14.0126 10.2006 4.88946
threshold=-90.499999999999986 231.50000000000003 103.14285714285715 0.057959137998206407 82.360903724518252 114.51666666666668 0.15846773140897 81.519498105843297
decision_type=8 10 10 8 10 10 10 10
left_child=1 2 -1 4 6 -6 -2 -3
right_child=3 7 -4 -5 5 -7 -8 -9
leaf_value=-2.005832345712141 0.14034214682521393 -6.7176425313381962 3.2620044203816496 6.0403282373450509 3.1036756418072229 -1.1751242334957848 -0.62860277882125026 -2.3116969876709894
leaf_weight=47 180 73 52 59 55 44 86 72
leaf_count=47 180 73 52 59 55 44 86 72
internal_value=-0.00150442 -0.0108661 -0.000825688 0.00387097 0.0012 0.00798165 -0.00130435 -0.0168387
internal_weight=668 244 99 424 365 99 266 145
internal_count=668 244 99 424 365 99 266 145
is_linear=0
shrinkage=0.03


Tree=44
num_leaves=8
num_cat=0
split_feature=82 106 54 11 68 39 72
split_gain=36.078 21.933 25.5471 17.3727 14.4401 11.2002 10.8907
threshold=261.00000000000006 307.50000000000006 10999.000000000002 0.25000000000000011 46.592464816388052 6533.0000000000009 92.433436346796825
decision_type=10 8 10 2 10 10 10
left_child=1 4 3 -3 5 -1 -2
right_child=6 2 -4 -5 -6 -7 -8
leaf_value=0.10576644141114044 -5.716531382725397 3.7208999265244844 -9.9286416531772463 0.28225448741586051 -2.4313002381876001 -1.4436122248147214 -0.54327982759255378
leaf_weight=139 76 133 40 154 56 42 43
leaf_count=139 76 133 40 154 56 42 43
internal_value=-0.00168831 0.00146341 0.00649852 0.00979798 -0.00522267 -0.000471204 -0.0160465
internal_weight=683 564 327 287 237 181 119
internal_count=683 564 327 287 237 181 119
is_linear=0
shrinkage=0.03


Tree=45
num_leaves=7
num_cat=0
split_feature=117 119 79 86 61 94
split_gain=42.25 18.7417 11.6227 24.396 12.0204 6.85785
threshold=-249.99999999999997 0.057959137998206407 105.15000000000002 221.00000000000003 -22.999999999999996 231.50000000000003
decision_type=8 8 8 10 10 10
left_child=5 2 3 -2 -4 -1
right_child=1 -3 4 -5 -6 -7
leaf_value=-0.79737380621773046 -0.12792382394325558 5.60712965773895 -3.0406146725006233 1.7597898591380181 0.61962642125402279 -4.365285317618846
leaf_weight=50 229 62 72 109 49 98
leaf_count=50 229 62 72 109 49 98
internal_value=-0.000751105 0.00322034 0.000831557 0.0037931 -0.00664122 -0.0144304
internal_weight=669 521 459 338 121 148
internal_count=669 521 459 338 121 148
is_linear=0
shrinkage=0.03


Tree=46
num_leaves=8
num_cat=0
split_feature=117 120 42 99 39 78 94
split_gain=46.1815 23.4942 11.7083 9.93424 8.83883 8.38162 8.22552
threshold=-304.49999999999994 0.068212662653019965 236.00000000000003 118.10714285714288 7320.5000000000009 204.50000000000003 231.50000000000003
decision_type=8 8 10 10 10 10 10
left_child=6 2 3 -2 -3 -4 -1
right_child=1 4 5 -5 -6 -7 -8
leaf_value=-1.4434109231048653 -0.18409111946556492 4.1565135444394645 -1.9796136620541409 1.3756294983987332 0.053306048305840022 -0.028512173564001413 -5.1134760227145843
leaf_weight=42 109 74 73 144 42 95 97
leaf_count=42 109 74 73 144 42 95 97
internal_value=-0.00104956 0.00290676 -0.000348028 0.00353612 0.0142857 -0.00640449 -0.015906
internal_weight=676 537 421 253 116 168 139
internal_count=676 537 421 253 116 168 139
is_linear=0
shrinkage=0.03


Tree=47
num_leaves=11
num_cat=0
split_feature=107 106 31 100 13 82 3 106 114 34
split_gain=44.3988 21.0999 18.7847 16.7531 15.7362 10.8236 9.92911 11.5652 7.93808 7.45555
threshold=-18.767857142857242 299.50000000000006 6314.5000000000009 131.73489041525895 -0.24372957273992746 261.00000000000006 12.500000000000002 322.00000000000006 17.629871113761077 288.50000000000006
decision_type=8 8 10 10 2 10 2 10 10 10
left_child=5 2 8 9 -5 6 -1 -8 -2 -3
right_child=1 3 -4 4 -6 -7 7 -9 -10 -11
leaf_value=-2.567655350036389 -0.045392671863615737 6.4591580249148759 -2.3297824811425514 1.5357660525197045 -1.6649339521126574 -4.9892824713235004 -1.0911756162453037 5.5897904344754652 0.80350032417042727 0.33088394331646165
leaf_weight=69 82 89 43 77 49 73 59 47 40 54
leaf_count=69 82 89 43 77 49 73 59 47 40 54
internal_value=-0.00121387 0.00445946 -0.0036 0.00956989 0.000882353 -0.0111628 -0.006 0 0.00227273 0.0162745
internal_weight=682 434 165 269 126 248 175 106 122 143
internal_count=682 434 165 269 126 248 175 106 122 143
is_linear=0
shrinkage=0.03


Tree=48
num_leaves=7
num_cat=0
split_feature=116 94 13 106 50 98
split_gain=37.0083 16.3003 15.8442 15.9911 12.15 11.2872
threshold=-49.499999999999993 231.50000000000003 0.97314989601849466 307.50000000000006 6322.0000000000009 344.50000000000006
decision_type=8 8 2 8 10 10
left_child=1 -1 3 4 -2 -5
right_child=2 -3 -4 5 -6 -7
leaf_value=-0.12592244018521589 0.15385535814374193 -4.021479796639392 -0.20598827081923629 2.7915692368021383 -1.1844748007989123 0.14899029785067783
leaf_weight=72 98 130 45 157 73 116
leaf_count=72 98 130 45 157 73 116
internal_value=-0.00192582 -0.0124528 0.00246493 0.00436123 -0.00248619 0.00879859
internal_weight=691 202 489 444 171 273
internal_count=691 202 489 444 171 273
is_linear=0
shrinkage=0.03


Tree=49
num_leaves=9
num_cat=0
split_feature=119 120 94 67 90 79 90 84
split_gain=37.5755 15.7512 14.5949 9.2743 13.0718 8.25034 4.82856 0.413187
threshold=-0.027753629792693409 0.064910494104491803 231.50000000000003 17.633333333333336 231.50000000000003 100.45000000000002 304.50000000000006 81.85128375939648
decision_type=8 8 10 8 10 8 10 10
left_child=2 3 -1 4 -2 -3 -5 -4
right_child=1 5 7 6 -6 -7 -8 -9
leaf_value=-0.20445565054780174 -0.03189746718088788 4.72951272219965 -4.672787841766211 -1.6074627951640112 3.0913101434086729 0.34681440744832454 0.18574344154753838 -2.5575184194481193
leaf_weight=70 176 64 60 54 98 52 45 55
leaf_count=70 176 64 60 54 98 52 45 55
internal_value=-0.000614035 0.00366733 -0.0118462 0.000391645 0.00338028 0.0128571 -0.00688073 -0.018
internal_weight=674 489 185 373 274 116 99 115
internal_count=674 489 185 373 274 116 99 115
is_linear=0
shrinkage=0.03


Tree=50
num_leaves=8
num_cat=0
split_feature=119 117 80 4 44 33 44
split_gain=28.7853 15.7529 10.6103 26.0953 9.1242 9.06949 3.22958
threshold=-0.028526993551023668 508.00000000000006 66.47903596038536 65.500000000000014 188.50000000000003 16.500000000000004 219.50000000000003
decision_type=8 8 10 2 10 8 10
left_child=2 4 3 -1 5 -2 -6
right_child=1 -3 -4 -5 6 -7 -8
leaf_value=-4.1534783750983033 -0.062492368879707806 3.0067922894964969 -4.2054072796972601 2.7711864591171009 -1.9142208422341582 0.50629498637012371 -0.16311541916894401
leaf_weight=61 171 45 75 46 49 174 40
leaf_count=61 171 45 75 46 49 174 40
internal_value=-0.00201192 0.00177914 -0.011875 -0.00435897 0 0.00211268 -0.00818182
internal_weight=661 479 182 107 434 345 89
internal_count=661 479 182 107 434 345 89
is_linear=0
shrinkage=0.03


Tree=51
num_leaves=8
num_cat=0
split_feature=82 78 92 4 107 31 43
split_gain=30.787 18.2508 22.1725 25.6332 9.795 7.02428 3.38649
threshold=261.00000000000006 237.50000000000003 94.081383209786324 65.500000000000014 -13.714285714285383 7847.0000000000009 7573.5000000000009
decision_type=10 8 8 2 10 8 8
left_child=1 2 3 -1 -2 -3 -4
right_child=4 5 6 -5 -6 -7 -8
leaf_value=-1.9150711173173258 -5.5719324514401416 0.15688936534411652 -2.174256107762996 0.33382542702399814 -0.58229263801260345 6.4165176698288331 -0.56794622603988743
leaf_weight=88 67 41 47 324 41 42 41
leaf_count=88 67 41 47 324 41 42 41
internal_value=-0.00175464 0.000961214 -0.00117647 0.00170616 -0.0157627 0.0132258 -0.0140816
internal_weight=691 583 500 412 108 83 88
internal_count=691 583 500 412 108 83 88
is_linear=0
shrinkage=0.03


Tree=52
num_leaves=7
num_cat=0
split_feature=82 72 14 115 69 86
split_gain=31.4306 19.8143 13.8772 21.4976 14.5515 10.6193
threshold=256.50000000000006 85.174814026736826 -0.62587551141915865 -10.251477698952421 -334.49999999999994 273.00000000000006
decision_type=10 8 2 10 8 10
left_child=1 2 3 -1 -4 -2
right_child=5 -3 4 -5 -6 -7
leaf_value=4.7540645969632527 -5.5021147389770944 3.0713289822632013 3.2316595678210338 -0.89656005074829082 -0.35475379363923409 -0.34089370410066777
leaf_weight=64 88 64 48 41 317 50
leaf_count=64 88 64 48 41 317 50
internal_value=-0.0014956 0.00176471 -0.000375 0.0086087 -0.00328 -0.0137838
internal_weight=672 534 470 105 365 138
internal_count=672 534 470 105 365 138
is_linear=0
shrinkage=0.03


Tree=53
num_leaves=8
num_cat=0
split_feature=119 117 31 86 94 99 84
split_gain=34.1454 17.6658 12.775 15.279 11.4504 8.70515 1.18031
threshold=-0.028526993551023668 508.00000000000006 6277.5000000000009 223.00000000000003 231.50000000000003 97.357142857142875 81.85128375939648
decision_type=8 8 10 10 10 8 10
left_child=4 2 5 -4 -1 -2 -6
right_child=1 -3 3 -5 6 -7 -8
leaf_value=-0.21409712834550446 -0.012736820084630906 5.1851244765892828 -0.96209626214130262 0.16240949550681308 -4.2729742729534985 1.3012568482026921 -2.0224092327612406
leaf_weight=77 58 51 142 179 60 67 47
leaf_count=77 58 51 142 179 60 67 47
internal_value=-0.00195369 0.00207101 0 -0.00317221 -0.0126804 0.00777778 -0.0187179
internal_weight=681 497 446 321 184 125 107
internal_count=681 497 446 321 184 125 107
is_linear=0
shrinkage=0.03


Tree=54
num_leaves=9
num_cat=0
split_feature=116 44 34 52 42 74 102 14
split_gain=33.6379 20.947 14.3994 14.9507 13.0048 10.2406 6.42707 0.056047
threshold=-49.499999999999993 200.50000000000003 65.000000000000014 112.89693866438382 225.50000000000003 16.500000000000004 331.50000000000006 0.04621408538533487
decision_type=8 10 8 8 10 10 10 2
left_child=4 2 5 -4 -1 -2 -3 -6
right_child=1 6 3 -5 7 -7 -8 -9
leaf_value=-0.17159239045633853 0.2246038390797073 -0.51375673895761675 -0.071505065898981993 2.5154355035061613 -1.6306235346561733 -0.30153495854491297 -3.477857968928395 -7.4261719009298917
leaf_weight=71 40 61 95 203 65 61 45 57
leaf_count=71 40 61 95 203 65 61 45 57
internal_value=-0.00220339 0.00180583 0.00506112 0.00837662 -0.0125616 -0.00405405 -0.00931034 -0.0181818
internal_weight=698 505 399 298 193 101 106 122
internal_count=698 505 399 298 193 101 106 122
is_linear=0
shrinkage=0.03


Tree=55
num_leaves=9
num_cat=0
split_feature=119 118 94 55 39 4 14 18
split_gain=29.8234 12.9708 11.7867 8.54539 14.3603 8.16889 6.94222 0.853422
threshold=-0.028526993551023668 983.00000000000011 231.50000000000003 6241.916666666667 8084.0000000000009 124.50000000000001 0.56191161272202661 214.50000000000003
decision_type=8 8 10 8 10 2 2 10
left_child=2 3 6 5 -5 -2 -1 -4
right_child=1 -3 7 4 -6 -7 -8 -9
leaf_value=2.0009940381723355 -0.019896990273696742 4.5962379183018243 -4.2277601469800796 -0.64036420417249718 1.2049930048494153 1.3257977799875669 -3.1812180597343223 -1.7186671660534267
leaf_weight=40 40 48 76 207 157 40 40 40
leaf_count=40 40 48 76 207 157 40 40 40
internal_value=-0.0017192 0.00215139 -0.0113592 0.000264317 -0.00160428 0.00866667 -0.00133333 -0.0171429
internal_weight=688 492 196 444 364 80 80 116
internal_count=688 492 196 444 364 80 80 116
is_linear=0
shrinkage=0.03


Tree=56
num_leaves=8
num_cat=0
split_feature=117 13 82 78 92 24 122
split_gain=28.0349 16.6418 15.5186 13.745 12.3358 10.4308 6.62486
threshold=183.00000000000003 0.42179998225932674 261.00000000000006 228.50000000000003 93.589559009301638 -65.499999999999986 8881.5000000000018
decision_type=8 2 8 10 10 8 2
left_child=2 5 3 4 -1 -2 -4
right_child=1 -3 6 -5 -6 -7 -8
leaf_value=-0.049964683747762209 0.3893934831510239 -0.67108218786507701 -4.0840129601407229 2.5540582969391292 -2.3437642271304804 2.4573321053353476 -3.8728591132137695
leaf_weight=289 40 53 69 43 61 80 40
leaf_count=289 40 53 69 43 61 80 40
internal_value=-0.00162044 0.00836066 -0.00527344 -0.00215881 -0.00433333 0.0143077 -0.0148739
internal_weight=675 173 502 393 350 120 109
internal_count=675 173 502 393 350 120 109
is_linear=0
shrinkage=0.03


Tree=57
num_leaves=7
num_cat=0
split_feature=116 117 42 41 90 70
split_gain=30.7264 17.0026 14.7962 12.4911 12.2435 10.6796
threshold=-51.999999999999993 508.00000000000006 225.50000000000003 94.000000000000014 231.50000000000003 128.00000000000003
decision_type=8 8 10 8 10 10
left_child=2 3 -1 4 -2 -5
right_child=1 -3 -4 5 -6 -7
leaf_value=-0.025072070630822479 0.01689839974305073 4.2403678719723699 -3.3533378738897475 0.02970124172672662 2.7556500235503432 -2.0305530771392331
leaf_weight=73 143 52 118 145 62 74
leaf_count=73 143 52 118 145 62 74
internal_value=-0.00128508 0.00271605 -0.011194 0.000414747 0.00572093 -0.00432314
internal_weight=667 476 191 424 205 219
internal_count=667 476 191 424 205 219
is_linear=0
shrinkage=0.03


Tree=58
num_leaves=7
num_cat=0
split_feature=117 117 46 92 116 15
split_gain=34.6144 17.4409 11.335 11.0251 5.59458 5.23556
threshold=-304.49999999999994 508.00000000000006 -1.5041240776831886 94.336560742319833 -113.49999999999999 7048.5000000000009
decision_type=8 8 10 8 10 10
left_child=4 2 -2 -4 -1 -6
right_child=1 -3 3 -5 5 -7
leaf_value=-8.4029942458565241 1.4884294745713533 4.1131568358131991 0.051763013857551742 -1.3974361840232454 -3.0258590791829354 0.22215651703688308
leaf_weight=55 68 54 301 135 40 40
leaf_count=55 68 54 301 135 40 40
internal_value=-0.0011522 0.00211268 0.000116732 -0.00161435 -0.0142759 -0.00666667
internal_weight=693 558 504 436 135 80
internal_count=693 558 504 436 135 80
is_linear=0
shrinkage=0.03


Tree=59
num_leaves=8
num_cat=0
split_feature=119 46 119 55 5 3 3
split_gain=25.4622 15.5222 10.4972 10.5166 8.85998 5.82759 12.7709
threshold=-0.028526993551023668 -1.4597012591738565 0.057959137998206407 6241.916666666667 23.500000000000004 10.500000000000002 19.500000000000004
decision_type=8 10 10 8 2 2 2
left_child=4 -2 3 -3 5 -1 -7
right_child=1 2 -4 -5 -6 6 -8
leaf_value=-3.8148569237175498 2.1123259369507474 0.28849809341015997 6.6535450768662248 -0.20788137325265416 0.16079974869683097 0.648509232364332 -3.5676313726040223
leaf_weight=50 67 73 42 326 56 45 40
leaf_count=50 67 73 42 326 56 45 40
internal_value=0 0.0034749 0.00113082 -0.000366748 -0.00910448 -0.0130345 -0.006
internal_weight=699 508 441 399 191 135 85
internal_count=699 508 441 399 191 135 85
is_linear=0
shrinkage=0.03


Tree=60
num_leaves=7
num_cat=0
split_feature=14 102 99 118 34 15
split_gain=24.6405 20.074 26.4445 23.4041 3.66086 0.0538677
threshold=0.97648852793709995 434.50000000000006 193.32142857142858 -930.49999999999989 247.50000000000003 10080.500000000002
decision_type=2 8 10 10 10 10
left_child=1 2 3 -1 -4 -3
right_child=-2 5 4 -5 -6 -7
leaf_value=-2.6160730343400771 -9.626640946691241 5.2539337131169566 -0.72390741926368507 0.31578119137145916 -7.2017898249499899 1.8386506123375126
leaf_weight=49 44 40 40 424 45 41
leaf_count=49 44 40 40 424 45 41
internal_value=-0.00047619 0.00106317 -0.000950704 0.00180124 -0.0154737 0.0141758
internal_weight=683 639 558 473 85 81
internal_count=683 639 558 473 85 81
is_linear=0
shrinkage=0.03


Tree=61
num_leaves=5
num_cat=0
split_feature=14 119 4 74
split_gain=26.2206 17.084 14.75 14.0869
threshold=0.98005052076767474 0.064973416739623327 323.50000000000006 16.500000000000004
decision_type=2 8 2 10
left_child=1 2 3 -1
right_child=-2 -3 -4 -5
leaf_value=0.27036971486671141 -9.8697781644721285 4.6641570650636623 2.3612908441446514 -0.30681567194424769
leaf_weight=45 42 46 47 507
leaf_count=45 42 46 47 507
internal_value=-0.00142037 0.000137405 -0.00123153 -0.0027758
internal_weight=687 645 599 552
internal_count=687 645 599 552
is_linear=0
shrinkage=0.03


Tree=62
num_leaves=7
num_cat=0
split_feature=120 14 72 80 91 43
split_gain=26.3667 17.6994 17.289 21.2252 9.15077 7.29851
threshold=0.075159176201618286 0.97648852793709995 82.360903724518252 67.919504092107047 140.20000000000002 6562.5000000000009
decision_type=8 2 10 10 10 10
left_child=1 2 3 -1 -4 -2
right_child=5 -3 4 -5 -6 -7
leaf_value=0.021532226432279779 4.3713297942266003 -9.5286848195379665 4.3843382819978958 -1.9304703087974622 0.034209580438638802 0.065140444525682129
leaf_weight=278 60 45 43 157 54 43
leaf_count=278 60 45 43 157 54 43
internal_value=-0.00121739 -0.00383305 -0.00199262 -0.00465169 0.00869159 0.0119469
internal_weight=680 577 532 435 97 103
internal_count=680 577 532 435 97 103
is_linear=0
shrinkage=0.03


Tree=63
num_leaves=7
num_cat=0
split_feature=14 119 14 3 82 14
split_gain=22.9476 15.6694 12.7197 12.075 7.6409 6.18682
threshold=0.98005052076767474 -0.043390823522666648 0.71952396275653763 22.500000000000004 202.50000000000003 0.86439018870140905
decision_type=2 8 2 2 10 2
left_child=1 4 3 -3 -1 -4
right_child=-2 2 5 -5 -6 -7
leaf_value=-0.150850842372067 -9.3886336580337435 -0.16745844670633886 3.5932774097396889 0.57988241320544409 -2.6192972063906521 0.51578928236563459
leaf_weight=58 42 304 44 112 65 58
leaf_count=58 42 304 44 112 65 58
internal_value=-0.00160173 0 0.00227273 0 -0.00924812 0.01125
internal_weight=683 641 518 416 123 102
internal_count=683 641 518 416 123 102
is_linear=0
shrinkage=0.03


Tree=64
num_leaves=8
num_cat=0
split_feature=116 44 34 56 94 80 50
split_gain=31.9453 19.2087 15.7658 11.4807 9.50054 6.87051 6.11368
threshold=-49.499999999999993 179.00000000000003 77.500000000000014 203.71353858125522 231.50000000000003 70.451715561787367 2392.0000000000005
decision_type=8 10 8 8 8 10 10
left_child=4 2 6 -4 -1 -3 -2
right_child=1 5 3 -5 -6 -7 -8
leaf_value=-0.37745638337305681 0.069814600358577866 0.10206589845583665 0.052428577615043111 3.5712315777515182 -2.4504534237527964 -2.0277697262259222 -0.68337873877350797
leaf_weight=62 46 61 85 148 131 78 48
leaf_count=62 46 61 85 148 131 78 48
internal_value=-0.000762332 0.00340336 0.00738872 0.0114815 -0.0107882 -0.00543624 -0.00230769
internal_weight=659 466 327 233 193 139 94
internal_count=659 466 327 233 193 139 94
is_linear=0
shrinkage=0.03


Tree=65
num_leaves=11
num_cat=0
split_feature=94 99 59 13 102 99 106 109 65 52
split_gain=18.7624 20.6945 20.6575 18.2674 11.8085 18.5201 9.01996 5.56796 5.43831 3.9338
threshold=265.50000000000006 121.53571428571429 -71.499999999999986 -0.26037633224328088 372.00000000000006 146.92857142857144 216.00000000000003 -15.742491657397037 -30.499999999999996 139.29903685433524
decision_type=10 8 8 2 10 10 8 8 10 8
left_child=1 6 3 -3 5 -2 8 -8 -1 -4
right_child=4 2 9 -5 -6 -7 7 -9 -10 -11
leaf_value=0.19964836189104168 -3.2559335718231108 1.4113561387226179 0.41556212317781871 -2.0304923755357382 -3.3881808236843773 1.6012268580780737 -2.7305312047654775 -0.31909110512345618 -0.13146143291671408 4.5047722378514949
leaf_weight=49 45 69 47 71 66 74 48 42 63 93
leaf_count=49 45 69 47 71 66 74 48 42 63 93
internal_value=-0.00084195 0.00219512 0.00744828 -0.0004 -0.00876923 -0.00209302 -0.00481132 -0.0114 0.000491803 0.0152
internal_weight=667 482 280 140 185 119 202 90 112 140
internal_count=667 482 280 140 185 119 202 90 112 140
is_linear=0
shrinkage=0.03


Tree=66
num_leaves=10
num_cat=0
split_feature=116 120 14 42 39 109 41 72 80
split_gain=25.005 12.6885 12.4702 16.0032 10.3141 17.4417 10.0895 3.79279 2.83749
threshold=-51.999999999999993 0.075159176201618286 0.76556758748011045 226.50000000000003 8234.5000000000018 4.4068965517241425 132.50000000000003 60.732558906005444 70.086060953252542
decision_type=8 8 2 10 8 10 10 10 8
left_child=2 4 3 -1 5 -2 -6 -5 -3
right_child=1 8 -4 7 6 -7 -8 -9 -10
leaf_value=1.1439356293027136 0.0958860586495274 5.8226664971075905 -8.4228549732399731 -2.8373235810458457 3.0662002078204194 -0.66990038050381484 -0.90873124598888722 -0.90814242933006972 0.46822318014824277
leaf_weight=46 187 44 55 42 80 93 42 48 44
leaf_count=46 187 44 55 42 80 93 42 48 44
internal_value=4.34153e-05 0.00372 -0.00880597 -0.00287671 0.00116505 -0.00186207 0.00818182 -0.0102 0.0134694
internal_weight=681 490 191 136 402 280 122 90 88
internal_count=681 490 191 136 402 280 122 90 88
is_linear=0
shrinkage=0.03


Tree=67
num_leaves=7
num_cat=0
split_feature=120 72 80 5 75 99
split_gain=19.0583 16.6406 21.6966 15.8204 8.29391 3.19456
threshold=0.1301986143534716 82.360903724518252 67.847086952969264 9.5000000000000018 120.07142857142858 166.32142857142858
decision_type=8 10 10 2 10 10
left_child=1 2 3 -1 -3 -4
right_child=-2 4 5 -5 -6 -7
leaf_value=-1.5635086224252477 3.6514620851238195 2.8778228609970684 -0.99453038436352625 0.12580038078510281 -0.013840620676201601 -2.913572506208943
leaf_weight=94 49 52 108 235 64 79
leaf_count=94 49 52 108 235 64 79
internal_value=-0.00143271 -0.00299065 -0.00536122 -0.000442478 0.00666667 -0.0132487
internal_weight=681 632 516 329 116 187
internal_count=681 632 516 329 116 187
is_linear=0
shrinkage=0.03


Tree=68
num_leaves=9
num_cat=0
split_feature=116 44 87 94 98 13 117 58
split_gain=24.5938 11.9708 11.7419 8.12434 8.12382 11.011 7.03994 4.08691
threshold=-51.999999999999993 25.000000000000004 123.64285714285715 231.50000000000003 192.50000000000003 -0.27694604220087021 49.500000000000007 9042.0000000000018
decision_type=8 10 8 10 10 2 10 10
left_child=3 2 6 -1 -3 -6 -2 -5
right_child=1 4 -4 7 5 -7 -8 -9
leaf_value=-0.10278531987415544 0.21160993953045834 -1.0077642379978142 2.5059880902002631 -0.68361942038724421 1.3578868914733067 -0.24836279024311408 -0.18096064138955001 -7.1012425202805902
leaf_weight=76 62 48 62 55 103 151 53 73
leaf_count=76 62 48 62 55 103 151 53 73
internal_value=-0.00012987 0.00349693 0.00946524 -0.00869159 0 0.00204545 0.00264 -0.0130435
internal_weight=683 479 177 204 302 254 115 128
internal_count=683 479 177 204 302 254 115 128
is_linear=0
shrinkage=0.03


Tree=69
num_leaves=8
num_cat=0
split_feature=119 38 41 87 80 4 108
split_gain=23.0133 13.8737 8.17521 11.4803 7.25127 19.9805 6.12187
threshold=-0.028526993551023668 1.8614770721174236 94.000000000000014 107.14285714285715 66.708321649098281 66.500000000000014 -9.0703296703297696
decision_type=8 8 8 10 10 2 10
left_child=4 2 3 -2 5 -1 -4
right_child=1 -3 6 -5 -6 -7 -8
leaf_value=-3.236063552704104 -0.12796970271132188 2.7067393189292699 0.78078005732180622 0.73793324071301536 -2.5313471458515253 2.6307706147794998 -0.68072229058590139
leaf_weight=58 103 46 45 149 86 42 142
leaf_count=58 103 46 45 149 86 42 142
internal_value=-0.00136564 0.002 6.68151e-05 0.00366412 -0.010102 -0.00327273 -0.00441624
internal_weight=671 485 439 252 186 100 187
internal_count=671 485 439 252 186 100 187
is_linear=0
shrinkage=0.03


Tree=70
num_leaves=9
num_cat=0
split_feature=116 44 87 26 46 13 60 71
split_gain=28.5783 21.0262 9.63718 16.2517 8.0766 6.56594 6.33357 4.88235
threshold=-49.499999999999993 210.50000000000003 105.21428571428574 242.50000000000003 -1.0696258519138355 -0.34235669412071207 43.324813748168758 8.4285714285714306
decision_type=8 10 8 10 10 2 10 10
left_child=4 2 7 -4 -1 -6 -3 -2
right_child=1 6 3 -5 5 -7 -8 -9
leaf_value=0.032262441886467312 0.14363980524338218 -0.038513405940237534 2.3830554866012279 0.10359379942303355 -0.42383036594113604 -2.979605320510633 -2.5213238047877868 -0.3296864091186873
leaf_weight=52 58 40 115 137 43 98 48 88
leaf_count=52 58 40 115 137 43 98 48 88
internal_value=-0.00065312 0.00314516 0.00617647 0.00961832 -0.010197 -0.0137086 -0.00918367 0
internal_weight=679 486 398 252 193 141 88 146
internal_count=679 486 398 252 193 141 88 146
is_linear=0
shrinkage=0.03


Tree=71
num_leaves=10
num_cat=0
split_feature=92 68 108 58 95 109 88 65 38
split_gain=18.2064 13.4778 13.1253 10.4137 13.0968 7.51537 7.43823 5.17043 0.133779
threshold=90.95372599107246 69.668718131502629 41.37912087912057 11329.000000000002 115.78571428571429 -20.061624026696297 101.21667313642969 -30.499999999999996 0.48526966305445512
decision_type=10 10 8 8 10 10 10 10 10
left_child=2 5 3 4 -1 -2 -3 -7 -4
right_child=1 6 8 -5 -6 7 -8 -9 -10
leaf_value=-0.12692543307520054 -0.058558324061397542 -1.5880026810454513 2.0206497467370061 -7.5128099183885872 1.2647813139899273 -2.9563763720983536 4.1278739571239829 -0.2759692550672741 0.49232507041148194
leaf_weight=150 44 42 42 42 150 94 41 40 40
leaf_count=150 44 42 42 42 150 94 41 40 40
internal_value=-0.000129496 -0.00630996 0.00359447 0.000681818 0.00290323 -0.0108511 0.00290323 -0.0141667 0.0136957
internal_weight=685 261 424 342 300 178 83 134 82
internal_count=685 261 424 342 300 178 83 134 82
is_linear=0
shrinkage=0.03


Tree=72
num_leaves=7
num_cat=0
split_feature=14 102 102 102 92 59
split_gain=17.1922 15.6414 22.4198 22.7612 12.3403 6.46997
threshold=0.98005052076767474 434.50000000000006 353.50000000000006 280.00000000000006 89.772929599567419 -114.64285714285712
decision_type=2 8 10 10 10 8
left_child=1 2 3 -1 -4 -3
right_child=-2 5 4 -5 -6 -7
leaf_value=-0.13869367356141199 -7.6542939890654118 0.47615505713048534 -0.1666686758878054 2.2046761578909235 -3.8565564817194389 6.631607291199157
leaf_weight=254 40 42 66 166 74 40
leaf_count=254 40 42 66 166 74 40
internal_value=-0.00104046 0.000184049 -0.00157895 0.00181395 -0.0116 0.0117391
internal_weight=682 642 560 420 140 82
internal_count=682 642 560 420 140 82
is_linear=0
shrinkage=0.03


Tree=73
num_leaves=8
num_cat=0
split_feature=82 106 50 56 74 56 4
split_gain=17.1669 15.475 18.956 13.4856 9.86189 12.5949 8.18182
threshold=261.00000000000006 299.50000000000006 10687.000000000002 194.070932791883 18.500000000000004 158.31076946778299 74.500000000000014
decision_type=10 8 10 8 10 10 2
left_child=1 4 3 -3 -1 -6 -2
right_child=6 2 -4 -5 5 -7 -8
leaf_value=0.090385637403711236 0.1447689261880635 -0.1709541951779936 -6.6692767756168463 2.2928165723221832 0.0081101303164128058 -1.6326876224800526 -3.18428623647468
leaf_weight=57 40 75 40 227 87 98 78
leaf_count=57 40 75 40 227 87 98 78
internal_value=-0.00126404 0.000808081 0.00494318 0.00769231 -0.0047619 -0.00815385 -0.01125
internal_weight=702 584 342 302 242 185 118
internal_count=702 584 342 302 242 185 118
is_linear=0
shrinkage=0.03


Tree=74
num_leaves=7
num_cat=0
split_feature=14 102 102 96 92 100
split_gain=23.0469 18.7732 24.6901 19.6098 12.5177 4.66483
threshold=0.98332250088165762 434.50000000000006 353.50000000000006 79.034857961924246 90.95372599107246 170.99631377341885
decision_type=2 8 10 10 10 10
left_child=1 2 3 -1 -4 -3
right_child=-2 5 4 -5 -6 -7
leaf_value=-0.18431844408245432 -8.0526378949636808 3.2598500146341749 -0.53001065608977449 1.1654799372383771 -3.6587209752858012 2.1955268049222023
leaf_weight=161 40 48 73 247 66 40
leaf_count=161 40 48 73 247 66 40
internal_value=-0.000744526 0.000697674 -0.0013465 0.00229665 -0.0118792 0.0128571
internal_weight=675 635 547 408 139 88
internal_count=675 635 547 408 139 88
is_linear=0
shrinkage=0.03


Tree=75
num_leaves=13
num_cat=0
split_feature=107 80 14 102 95 55 60 90 22 17 4 66
split_gain=19.8536 12.4282 19.8533 10.9552 14.4671 13.5451 7.6841 5.89314 5.88855 3.66623 3.63556 1.14778
threshold=-18.357142857142822 65.129034241706293 0.73136292505298039 280.00000000000006 189.6428571428572 6241.916666666667 76.255878970136862 226.50000000000003 -0.36217642528361121 132.50000000000003 117.50000000000001 51.000000000000007
decision_type=8 8 2 8 10 8 10 10 8 10 2 10
left_child=1 2 -1 5 8 10 -6 -7 -5 11 -2 -3
right_child=3 9 -4 4 6 7 -8 -9 -10 -11 -12 -13
leaf_value=0.85639404511442374 -0.022357662369354613 -1.6407644183084296 -11.797704705973553 0.7919757915519714 -2.4148099250002861 -1.4199928731969047 0.55723322546251985 -0.12663949783534861 2.8701855973817265 -1.2389857332616039 0.46203544897392729 -2.6531985034192673
leaf_weight=65 40 60 40 50 55 46 65 48 97 43 40 46
leaf_count=65 40 60 40 50 55 46 65 48 97 43 40 46
internal_value=-0.00114894 -0.00772727 0 0.00259424 0.00638989 -0.00293478 -0.000923077 -0.0103846 0.0124204 -0.0130189 0.00533333 -0.0160345
internal_weight=695 254 105 441 267 174 120 94 147 149 80 106
internal_count=695 254 105 441 267 174 120 94 147 149 80 106
is_linear=0
shrinkage=0.03


Tree=76
num_leaves=7
num_cat=0
split_feature=14 72 80 99 99 79
split_gain=15.8567 12.3647 18.0459 20.2438 9.41494 8.21812
threshold=0.97648852793709995 85.174814026736826 67.847086952969264 119.8214285714286 166.32142857142858 113.83333333333336
decision_type=2 8 10 8 10 10
left_child=1 2 3 -1 -4 -3
right_child=-2 5 4 -5 -6 -7
leaf_value=-0.1550350717323711 -6.8501595010105225 3.1615944967940868 -0.10898510252794306 1.4163180594828599 -2.5653160885679753 -0.019200474064395064
leaf_weight=146 44 58 114 187 86 45
leaf_count=146 44 58 114 187 86 45
internal_value=-0.00104348 0.000185759 -0.00160221 0.00253644 -0.00857143 0.00929204
internal_weight=680 636 533 333 200 103
internal_count=680 636 533 333 200 103
is_linear=0
shrinkage=0.03


Tree=77
num_leaves=6
num_cat=0
split_feature=14 109 79 74 74
split_gain=12.6259 16.9997 11.517 8.03153 12.6454
threshold=0.97648852793709995 25.21679644048945 103.81666666666668 16.500000000000004 161.50000000000003
decision_type=2 10 10 10 10
left_child=1 3 -3 -1 -5
right_child=-2 2 -4 4 -6
leaf_value=0.20696420975081345 -6.7642511446371207 4.6385831046271617 -0.19072249193938007 -0.54029798275586749 0.044074357555585947
leaf_weight=43 40 82 43 219 262
leaf_count=43 40 82 43 219 262
internal_value=-0.00107296 0 0.00955556 -0.00235955 -0.00360489
internal_weight=689 649 125 524 481
internal_count=689 649 125 524 481
is_linear=0
shrinkage=0.03


Tree=78
num_leaves=8
num_cat=0
split_feature=14 109 13 46 99 22 13
split_gain=15.9887 13.4882 16.5464 8.20562 13.7775 8.66658 4.41572
threshold=0.97648852793709995 22.956952169076754 -0.26037633224328088 -1.2888322850881537 126.89285714285715 0.70783107718498395 -0.65234524191686594
decision_type=2 10 2 8 10 10 2
left_child=1 3 6 4 -1 -5 -3
right_child=-2 2 -4 5 -6 -7 -8
leaf_value=-0.55246453172049681 -6.9109118015391999 1.7284081985396633 -1.5542082696492658 -0.26630673981792868 3.1376984155782228 0.12603622838128412 6.8749245909761258
leaf_weight=44 47 44 54 315 41 104 44
leaf_count=44 47 44 54 315 41 104 44
internal_value=-0.00209104 -0.000640244 0.00710526 -0.00303502 0.00473684 -0.00482517 0.0146939
internal_weight=693 646 142 504 85 419 88
internal_count=693 646 142 504 85 419 88
is_linear=0
shrinkage=0.03


Tree=79
num_leaves=7
num_cat=0
split_feature=14 42 96 61 106 106
split_gain=14.2443 13.0403 15.4117 19.9047 13.0746 8.08197
threshold=0.97263757644091875 306.50000000000006 80.99946256706319 -102.99999999999999 216.00000000000003 353.50000000000006
decision_type=2 10 8 8 10 10
left_child=1 2 4 -4 -1 -3
right_child=-2 5 3 -5 -6 -7
leaf_value=0.061920350749023641 -6.5466778534076449 -0.011957488374592947 0.043040625374361097 3.6986607858702181 -2.2744058866257055 -2.1380634834727372
leaf_weight=115 41 47 244 105 61 51
leaf_count=115 41 47 244 105 61 51
internal_value=-0.00178042 -0.00042654 0.00140187 0.00509749 -0.00548387 -0.01
internal_weight=664 623 525 349 176 98
internal_count=664 623 525 349 176 98
is_linear=0
shrinkage=0.03


Tree=80
num_leaves=10
num_cat=0
split_feature=74 69 79 87 52 55 80 14 95
split_gain=12.7508 14.2385 15.1205 14.1694 9.73805 9.5143 9.05797 13.7495 7.4704
threshold=161.50000000000003 -99.499999999999986 102.50000000000001 121.8214285714286 423.72085640909216 6365.1333333333341 67.847086952969264 0.86869874770991873 164.57142857142858
decision_type=8 10 10 8 8 10 10 2 10
left_child=4 2 3 -2 6 -3 7 -1 -4
right_child=1 5 8 -5 -6 -7 -8 -9 -10
leaf_value=0.024691782476816398 0.086844431354517221 0.12346583863866648 1.9128171262792497 5.7269300215886396 1.9665164264945549 -1.6415915674598776 -3.0132694129454474 -6.1182664642584008 -1.5329400868548781
leaf_weight=157 62 52 50 82 40 45 72 48 71
leaf_count=157 62 52 50 82 40 45 72 48 71
internal_value=-0.00161103 0.00209677 0.00578182 0.0120779 -0.0059633 -0.00700935 -0.00804878 -0.00404651 -0.00160305
internal_weight=679 362 265 144 317 97 277 205 121
internal_count=679 362 265 144 317 97 277 205 121
is_linear=0
shrinkage=0.03


Tree=81
num_leaves=6
num_cat=0
split_feature=14 102 99 109 46
split_gain=18.157 14.4376 16.5015 15.1315 1.45128
threshold=0.97263757644091875 434.50000000000006 201.82142857142858 25.21679644048945 -0.2971396217301247
decision_type=2 8 10 10 8
left_child=1 2 3 -1 -3
right_child=-2 4 -4 -5 -6
leaf_value=-0.067213419014898357 -6.3010297707816187 0.77009615455193425 -7.7297431547218629 2.3395596129579879 5.3574753204767145
leaf_weight=431 49 40 42 69 44
leaf_count=431 49 40 42 69 44
internal_value=-0.000832117 0.000566038 -0.00119565 0.000352941 0.0114894
internal_weight=675 626 542 500 84
internal_count=675 626 542 500 84
is_linear=0
shrinkage=0.03


Tree=82
num_leaves=6
num_cat=0
split_feature=14 116 3 13 104
split_gain=15.577 11.8354 9.14951 15.6219 14.8597
threshold=0.97263757644091875 -115.49999999999999 10.500000000000002 -0.79384350655589164 142.85311907986227
decision_type=2 10 2 2 8
left_child=1 -1 4 -4 -3
right_child=-2 2 3 -5 -6
leaf_value=-2.2801444976501699 -6.3311096306763917 -0.50667606238319141 -0.59173391652213081 0.70272664917375538 0.88018815279518248
leaf_weight=48 46 150 69 305 42
leaf_count=48 46 150 69 305 42
internal_value=-0.000895522 0.000384615 0.00177083 0.00453125 -0.00326733
internal_weight=660 614 566 374 192
internal_count=660 614 566 374 192
is_linear=0
shrinkage=0.03


Tree=83
num_leaves=9
num_cat=0
split_feature=14 34 96 34 74 99 99 96
split_gain=16.0099 12.4024 11.5931 15.1612 11.9595 7.99468 6.11481 5.46947
threshold=0.97648852793709995 258.50000000000006 79.034857961924246 80.500000000000014 19.500000000000004 175.07142857142858 151.82142857142858 137.35030801310953
decision_type=2 10 8 8 10 10 10 10
left_child=1 2 4 -4 -1 6 -3 -7
right_child=-2 5 3 -5 -6 7 -8 -9
leaf_value=0.095362817709859826 -5.9220655887378788 -0.20084700868361521 -0.54827930819466297 1.5512812669401324 -1.2713014086013987 -3.771378860825819 1.4145124111475751 -0.78727323041974251
leaf_weight=64 43 67 55 248 66 45 40 40
leaf_count=64 43 67 55 248 66 45 40 40
internal_value=-0.000530973 0.000708661 0.00358916 0.00680511 -0.00342857 -0.00534653 0 -0.0116842
internal_weight=668 625 433 303 130 192 107 85
internal_count=668 625 433 303 130 192 107 85
is_linear=0
shrinkage=0.03


Tree=84
num_leaves=9
num_cat=0
split_feature=14 13 109 92 61 69 40 18
split_gain=17.1881 14.5985 16.7626 17.431 15.3772 13.0799 8.22569 6.4134
threshold=0.97648852793709995 0.34235194516023087 20.757842046718583 89.169183765095283 -104.99999999999999 -140.99999999999997 -30.499999999999996 255.50000000000003
decision_type=2 2 8 10 10 10 8 10
left_child=1 2 3 -1 7 -6 -4 -3
right_child=-2 4 6 -5 5 -7 -8 -9
leaf_value=0.41648354613664423 -5.744403621075743 -1.57516381837644 1.4348715877407141 -0.83148554527783747 2.3403015669062537 -0.1188811688302486 5.2475228098094968 -0.60619311033955936
leaf_weight=137 43 107 43 84 51 125 60 46
leaf_count=137 43 107 43 84 51 125 60 46
internal_value=-0.00110482 0.000135747 0.00467066 0 -0.00415929 0.0016129 0.0140708 -0.0108589
internal_weight=696 653 324 221 329 176 103 153
internal_count=696 653 324 221 329 176 103 153
is_linear=0
shrinkage=0.03


Tree=85
num_leaves=7
num_cat=0
split_feature=80 112 102 13 90 74
split_gain=14.6526 20.1805 19.5607 12.5849 11.8167 6.98393
threshold=81.581782182244169 10397.275660073965 280.00000000000006 0.35846314187849709 304.50000000000006 17.500000000000004
decision_type=10 10 8 2 10 10
left_child=1 2 5 -4 -2 -1
right_child=4 -3 3 -5 -6 -7
leaf_value=0.15747832525645036 -2.4567728915470486 -12.639230364572597 3.0052378916945748 0.15004462274490724 -0.023544895291994265 -0.27263431335875016
leaf_weight=44 86 40 121 122 67 202
leaf_count=44 86 40 121 122 67 202
internal_value=-0.00225434 5.56586e-05 0.00198397 0.00794466 -0.0101227 -0.00375
internal_weight=682 529 489 243 153 246
internal_count=682 529 489 243 153 246
is_linear=0
shrinkage=0.03


Tree=86
num_leaves=6
num_cat=0
split_feature=14 4 44 102 43
split_gain=15.8788 15.1363 9.50858 11.8702 10.7812
threshold=0.97263757644091875 323.50000000000006 188.50000000000003 349.50000000000006 7864.5000000000009
decision_type=2 2 10 10 10
left_child=1 2 4 -4 -1
right_child=-2 -3 3 -5 -6
leaf_value=-0.087244241691573396 -5.5068640872594923 2.0891289347533193 -0.022838548433234428 -2.6644221084355388 1.1640505028302066
leaf_weight=302 48 48 83 60 138
leaf_count=302 48 48 83 60 138
internal_value=-0.00152395 -4.68019e-05 -0.0015683 -0.00803922 0.000533333
internal_weight=679 631 583 143 440
internal_count=679 631 583 143 440
is_linear=0
shrinkage=0.03


Tree=87
num_leaves=7
num_cat=0
split_feature=14 102 54 98 59 117
split_gain=14.6946 12.9679 16.9932 14.9976 2.46222 1.94086
threshold=0.98005052076767474 434.50000000000006 9042.0000000000018 193.50000000000003 -117.57142857142856 68.500000000000014
decision_type=2 8 10 10 8 10
left_child=1 2 3 -1 -3 -4
right_child=-2 4 5 -5 -6 -7
leaf_value=-0.1937232309374648 -5.3416581646417072 0.58332914654934065 -9.0565110275398695 0.49087890366152404 5.0775496301791039 -0.40295702150567675
leaf_weight=146 40 40 41 324 40 45
leaf_count=146 40 40 41 324 40 45
internal_value=-0.00113703 0 -0.00159011 0.000625 0.0106667 -0.013125
internal_weight=676 636 556 470 80 86
internal_count=676 636 556 470 80 86
is_linear=0
shrinkage=0.03


Tree=88
num_leaves=10
num_cat=0
split_feature=92 62 108 24 3 109 48 72 94
split_gain=18.6279 11.5192 10.0288 11.4459 9.28454 14.6026 9.04106 2.08229 1.25526
threshold=94.336560742319833 86.500000000000014 22.33516483516475 -83.999999999999986 10.500000000000002 -4.7220244716351045 62.085850581457244 67.656312409785301 239.50000000000003
decision_type=10 10 8 10 2 10 10 10 10
left_child=2 7 4 -4 6 -6 -1 -2 -5
right_child=1 -3 3 8 5 -7 -8 -9 -10
leaf_value=0.18516827746505388 -2.8736919922678323 0.14767277899678033 -0.23311864815397002 4.152922224940097 0.57855730334229605 -0.38756909994403754 -2.3317301537071535 -1.4735624464299404 0.36487596103216502
leaf_weight=40 48 78 41 58 151 86 67 72 41
leaf_count=40 48 78 41 58 151 86 67 72 41
internal_value=-0.000780347 -0.00836538 0.00230769 0.0088 -0.000338983 0.00279352 -0.0074359 -0.0138462 0.0140367
internal_weight=682 198 484 140 344 237 107 120 99
internal_count=682 198 484 140 344 237 107 120 99
is_linear=0
shrinkage=0.03


Tree=89
num_leaves=7
num_cat=0
split_feature=14 102 102 96 108 44
split_gain=16.2575 12.4735 14.0032 13.2238 5.13815 1.39556
threshold=0.97648852793709995 434.50000000000006 372.00000000000006 97.947508454631148 -2.6164835164835551 152.50000000000003
decision_type=2 8 10 10 10 8
left_child=1 2 3 -1 -4 -3
right_child=-2 5 4 -5 -6 -7
leaf_value=-0.12087348485248445 -5.18909665080289 6.9839011675065006 -2.0997073745962589 0.91082887603271012 -0.19367431941518304 1.3522943231235867
leaf_weight=252 40 40 46 204 42 40
leaf_count=252 40 40 46 204 42 40
internal_value=-0.000267062 0.000946372 -0.000649819 0.00141631 -0.0110204 0.0113333
internal_weight=664 624 544 456 88 80
internal_count=664 624 544 456 88 80
is_linear=0
shrinkage=0.03


Tree=90
num_leaves=7
num_cat=0
split_feature=14 102 59 98 115 104
split_gain=9.99332 14.7774 10.2999 12.3155 6.81145 1.60038
threshold=0.97461712852231652 434.50000000000006 -69.928571428571416 193.50000000000003 -97.968421637326529 170.70128027313277
decision_type=2 8 10 10 10 8
left_child=1 2 4 -4 -1 -3
right_child=-2 5 3 -5 -6 -7
leaf_value=-0.086633739249064451 -4.303969695893751 0.60704579538424974 -0.16374290345883225 0.50769273989350427 -2.2105130799722432 5.6982462046592337
leaf_weight=42 40 40 145 305 56 45
leaf_count=42 40 40 145 305 56 45
internal_value=-0.000219619 0.000699844 -0.00107527 0.000782609 -0.00944444 0.0116842
internal_weight=673 633 548 450 98 85
internal_count=673 633 548 450 98 85
is_linear=0
shrinkage=0.03


Tree=91
num_leaves=8
num_cat=0
split_feature=14 67 18 34 13 46 14
split_gain=19.5923 10.3985 12.0914 14.6788 10.2335 5.76447 2.36
threshold=0.97648852793709995 14.266666666666667 215.50000000000003 240.50000000000003 0.34235194516023087 0.33532846321081561 0.29958852271690523
decision_type=2 10 10 10 2 10 2
left_child=1 2 4 -4 -1 6 -3
right_child=-2 5 3 -5 -6 -7 -8
leaf_value=0.4313281092963932 -5.3747848487954659 -1.0998783392334872 2.2150340470578471 -0.363305224761377 -0.33681682642711103 0.19857558960142851 -0.21383917069120748
leaf_weight=124 43 50 127 97 138 51 40
leaf_count=124 43 50 127 97 138 51 40
internal_value=-0.00114706 0.000235479 0.00241935 0.0074359 -0.00176471 -0.00655629 -0.0108
internal_weight=670 627 486 224 262 141 90
internal_count=670 627 486 224 262 141 90
is_linear=0
shrinkage=0.03


Tree=92
num_leaves=8
num_cat=0
split_feature=70 70 95 75 102 65 71
split_gain=11.9726 22.634 12.7419 11.6473 8.13296 7.32039 2.7715
threshold=115.50000000000001 86.500000000000014 122.64285714285715 6.2500000000000009 434.50000000000006 -104.99999999999999 110.07142857142858
decision_type=10 10 10 10 10 10 10
left_child=1 3 -3 -1 -5 -2 -7
right_child=5 2 -4 4 -6 6 -8
leaf_value=0.37595309214415584 0.34851836503890721 0.14865203768431584 5.3775715453777142 -0.4019628066879386 0.66500576304621317 -1.875876601961797 -0.38426952137659043
leaf_weight=41 42 42 45 292 89 55 67
leaf_count=41 42 42 45 292 89 55 67
internal_value=-0.00144949 0.000751445 0.0139175 -0.00208333 -0.00391304 -0.00827586 -0.0118182
internal_weight=673 509 87 422 381 164 122
internal_count=673 509 87 422 381 164 122
is_linear=0
shrinkage=0.03


Tree=93
num_leaves=9
num_cat=0
split_feature=14 74 82 75 69 99 14 56
split_gain=15.5553 7.4826 11.7709 11.3189 10.4698 9.98699 6.86047 2.32376
threshold=0.97648852793709995 161.50000000000003 178.00000000000003 117.71428571428574 -99.499999999999986 124.57142857142858 -0.074115882986646633 407.12912440594801
decision_type=2 8 10 10 10 8 2 10
left_child=1 2 5 4 -3 -1 -5 -4
right_child=-2 3 7 6 -6 -7 -8 -9
leaf_value=-0.096627438733571672 -4.2593360792944344 1.9886447935523521 -2.0402917434382424 -1.6987112177773962 -0.20389962315483884 1.9507035234821364 0.35309817009424288 -0.41454693209113397
leaf_weight=100 44 191 75 50 65 75 46 40
leaf_count=100 44 191 75 50 65 75 46 40
internal_value=0 0.00119632 -0.0022 0.00414365 0.00744361 0.00243243 -0.00396226 -0.00936
internal_weight=686 642 290 352 256 175 96 115
internal_count=686 642 290 352 256 175 96 115
is_linear=0
shrinkage=0.03


Tree=94
num_leaves=9
num_cat=0
split_feature=107 115 88 55 18 88 112 63
split_gain=13.2925 8.02961 12.7722 8.06063 7.59443 8.84022 7.57716 11.2511
threshold=-18.357142857142822 23.374203937836452 101.21667313642969 6241.916666666667 175.50000000000003 60.12027289816907 8171.8634856537074 -10.178571428571425
decision_type=8 10 8 8 10 10 10 10
left_child=4 2 3 -2 5 -1 7 -6
right_child=1 -3 -4 -5 6 -7 -8 -9
leaf_value=-0.71338768069008485 0.18914962383148679 -0.80902995136146394 2.3957780995081652 -0.22800668982171066 3.2664411413912231 -5.0308071020050962 -1.4232910574148501 -0.29942315003193826
leaf_weight=78 84 50 65 230 40 48 46 41
leaf_count=78 84 50 65 230 40 48 46 41
internal_value=-0.00112717 0.00198178 0.00362468 0.000740741 -0.0065019 -0.0114706 -0.000656934 0.00428571
internal_weight=682 429 379 314 253 126 127 81
internal_count=682 429 379 314 253 126 127 81
is_linear=0
shrinkage=0.03


Tree=95
num_leaves=8
num_cat=0
split_feature=116 100 95 74 95 42 11
split_gain=17.6101 8.91611 17.8418 12.7245 13.0932 11.77 6.03945
threshold=-115.49999999999999 99.024001360173557 189.00000000000003 16.500000000000004 113.35714285714288 263.50000000000006 -0.6830127018922193
decision_type=8 8 10 10 10 10 2
left_child=-1 3 5 -2 -5 -3 -4
right_child=1 2 6 4 -6 -7 -8
leaf_value=-2.7721778869195828 0.16166817022685875 3.1728307153938027 0.361641137407405 -0.54155910171521182 0.085092317937823195 -0.065056158043698534 -1.0224004166789697
leaf_weight=63 42 133 53 119 93 79 109
leaf_count=63 42 133 53 119 93 79 109
internal_value=-0.00124108 0.000282132 0.00328125 -0.00386364 -0.00702703 0.00891892 -0.00383721
internal_weight=691 628 374 254 212 212 162
internal_count=691 628 374 254 212 212 162
is_linear=0
shrinkage=0.03


Tree=96
num_leaves=5
num_cat=0
split_feature=57 54 99 96
split_gain=18.1982 15.0421 12.4105 9.24833
threshold=9688.0000000000018 9896.0000000000018 199.28571428571431 108.94986397759784
decision_type=10 8 10 10
left_child=1 2 3 -1
right_child=-2 -3 -4 -5
leaf_value=-0.18361341582258231 -6.7248119658895469 2.5285831685071352 -3.7218821277294003 0.42096470496007538
leaf_weight=318 51 68 41 200
leaf_count=318 51 68 41 200
internal_value=-0.00156977 0 -0.00173989 -0.000227273
internal_weight=678 627 559 518
internal_count=678 627 559 518
is_linear=0
shrinkage=0.03


Tree=97
num_leaves=6
num_cat=0
split_feature=14 42 79 86 106
split_gain=12.5617 10.3829 9.59846 16.9731 3.02405
threshold=0.98005052076767474 314.50000000000006 111.85000000000001 221.00000000000003 353.50000000000006
decision_type=2 10 10 8 10
left_child=1 2 3 -1 -3
right_child=-2 4 -4 -5 -6
leaf_value=-0.061369266084072366 -4.3935041478373158 -0.061496337356022578 -1.3609870623177698 1.0413381761546425 -1.4669927549454786
leaf_weight=351 41 40 50 149 44
leaf_count=351 41 40 50 149 44
internal_value=-0.00153285 -0.000279503 0.00117857 0.00258824 -0.00957447
internal_weight=675 634 550 500 84
internal_count=675 634 550 500 84
is_linear=0
shrinkage=0.03


Tree=98
num_leaves=8
num_cat=0
split_feature=14 109 95 80 76 100 84
split_gain=14.2263 11.3658 12.4736 9.84838 13.4351 9.19851 3.1891
threshold=0.97648852793709995 22.956952169076754 204.92857142857147 65.760964442724614 73.136503030840899 98.737211814922844 90.632132721754203
decision_type=2 10 10 10 10 8 10
left_child=1 3 6 5 -5 -1 -3
right_child=-2 2 -4 4 -6 -7 -8
leaf_value=-0.18518169047387895 -4.4025175206877156 6.4695678060908595 -0.20393528311354914 -1.118841722842177 0.18118159221854682 1.551021140674486 1.0133448327269376
leaf_weight=131 44 44 57 143 118 104 42
leaf_count=131 44 44 57 143 118 104 42
internal_value=-0.000735931 0.000416025 0.00764706 -0.00166008 -0.00564576 0.00257143 0.014375
internal_weight=683 639 143 496 261 235 86
internal_count=683 639 143 496 261 235 86
is_linear=0
shrinkage=0.03


Tree=99
num_leaves=6
num_cat=0
split_feature=14 116 41 39 21
split_gain=15.2416 11.5761 6.71258 9.87772 5.81905
threshold=0.97648852793709995 -101.49999999999999 132.50000000000003 8247.5000000000018 145.50000000000003
decision_type=2 10 8 10 10
left_child=1 -1 3 -3 -4
right_child=-2 2 4 -5 -6
leaf_value=-1.1255606415227608 -4.4468891887515554 0.029574540127145495 0.71144882635063422 1.5709496632908753 -0.92189175808483137
leaf_weight=74 40 305 47 109 120
leaf_count=74 40 305 47 109 120
internal_value=-0.000808511 0.000315789 0.00187817 0.00396226 -0.00288136
internal_weight=695 655 581 414 167
internal_count=695 655 581 414 167
is_linear=0
shrinkage=0.03


Tree=100
num_leaves=6
num_cat=0
split_feature=23 100 34 96 62
split_gain=17.9403 16.975 10.7148 15.6506 11.4284
threshold=10656.500000000002 148.67744707405691 247.50000000000003 79.034857961924246 63.500000000000007
decision_type=10 8 10 10 10
left_child=1 2 3 -1 -4
right_child=-2 -3 4 -5 -6
leaf_value=-0.31657327544470082 -5.055559845548661 2.6339091198126106 -1.4729724872249135 0.5207234514769612 -0.00020015098474580382
leaf_weight=129 59 78 104 196 106
leaf_count=129 59 78 104 196 106
internal_value=-0.00158358 0 -0.00192661 0.00134328 -0.00709091
internal_weight=672 613 535 325 210
internal_count=672 613 535 325 210
is_linear=0
shrinkage=0.03


Tree=101
num_leaves=7
num_cat=0
split_feature=14 42 86 79 64 62
split_gain=12.6015 10.1072 11.5366 13.1611 10.2004 3.50442
threshold=0.96633974041180493 317.50000000000006 221.00000000000003 111.85000000000001 33.835585535510212 63.500000000000007
decision_type=2 10 8 10 10 10
left_child=1 2 4 -4 -1 -3
right_child=-2 5 3 -5 -6 -7
leaf_value=0.13905333188279786 -3.0740609601838149 -2.0651542655257313 0.92734756971264376 -0.89150424094972691 -0.37461088877533816 -0.10150479598018028
leaf_weight=119 46 41 155 50 222 40
leaf_count=119 46 41 155 50 222 40
internal_value=-0.000219619 0.000894819 0.00248201 0.00795349 -0.000769231 -0.00824176
internal_weight=673 627 546 205 341 81
internal_count=673 627 546 205 341 81
is_linear=0
shrinkage=0.03


Tree=102
num_leaves=8
num_cat=0
split_feature=60 95 74 38 34 72 113
split_gain=16.6653 10.029 9.7417 8.95087 10.4253 13.7217 1.85377
threshold=35.547585935715361 120.21428571428574 19.500000000000004 1.381288024601224 261.50000000000006 81.286788030421874 20.579155185150348
decision_type=10 10 10 10 8 10 10
left_child=1 2 -1 4 5 -2 -6
right_child=3 -3 -4 -5 6 -7 -8
leaf_value=0.17572583423406427 -0.44272535636614746 3.391361304843143 -0.61429529805414629 0.52958077305892681 -1.4957859015077144 1.4075391366833381 -0.71083337900141053
leaf_weight=69 249 62 59 61 97 49 45
leaf_count=69 249 62 59 61 97 49 45
internal_value=-0.00124108 0.006 0.000434783 -0.0041683 -0.00573333 -0.00214286 -0.0122368
internal_weight=691 190 128 501 440 298 142
internal_count=691 190 128 501 440 298 142
is_linear=0
shrinkage=0.03


Tree=103
num_leaves=9
num_cat=0
split_feature=34 50 95 34 68 109 55 100
split_gain=13.6591 17.4431 17.6545 13.2007 8.58973 8.11655 7.99304 12.5523
threshold=245.50000000000003 10687.000000000002 117.57142857142858 70.500000000000014 74.719797529693167 -31.299110122358176 8167.2500000000009 103.93952969009666
decision_type=10 10 8 8 10 8 10 10
left_child=1 2 5 -4 6 -1 7 -2
right_child=4 -3 3 -5 -6 -7 -8 -9
leaf_value=-1.270882105110978 -0.95103098409228082 -4.0079802382580754 -0.84809483341465575 2.2870181051486091 1.3710769988067806 0.042346167918902604 -3.7288817655663107 0.7162970546066022
leaf_weight=50 86 40 41 189 54 111 54 52
leaf_count=50 86 40 41 189 54 111 54 52
internal_value=-0.00100437 0.00210884 0.00426434 0.0095 -0.0065625 -0.00298246 -0.00950495 -0.00445946
internal_weight=677 431 391 230 246 161 192 138
internal_count=677 431 391 230 246 161 192 138
is_linear=0
shrinkage=0.03


Tree=104
num_leaves=7
num_cat=0
split_feature=116 44 68 38 24 13
split_gain=12.6706 10.7115 6.4913 4.89168 5.33691 4.56621
threshold=-59.499999999999993 210.50000000000003 68.841983963907381 -1.206564070491922 3.5000000000000004 0.40614137006726808
decision_type=8 10 8 8 10 2
left_child=2 3 5 -2 -5 -1
right_child=1 -3 -4 4 -6 -7
leaf_value=-0.27264844312214187 -0.20748876736091842 -1.4399923802800865 0.022755262983034326 0.46908318398178306 -0.021486534081862272 -3.4466827524547048
leaf_weight=54 62 70 69 270 81 51
leaf_count=54 62 70 69 270 81 51
internal_value=-4.49775e-05 0.00237323 -0.00684783 0.00432624 0.00573407 -0.0112174
internal_weight=657 483 174 413 351 105
internal_count=657 483 174 413 351 105
is_linear=0
shrinkage=0.03


Tree=105
num_leaves=6
num_cat=0
split_feature=14 102 99 109 119
split_gain=11.0877 11.5661 21.4035 13.1894 2.69726
threshold=0.97648852793709995 434.50000000000006 201.82142857142858 25.21679644048945 0.020753498519523021
decision_type=2 8 10 10 8
left_child=1 2 3 -1 -3
right_child=-2 4 -4 -5 -6
leaf_value=-0.036833441419855041 -3.844255696688204 5.5938166075206981 -5.7557947590240923 1.7704565452850547 0.76218942418937186
leaf_weight=457 42 40 50 68 42
leaf_count=457 42 40 50 68 42
internal_value=-0.000465444 0.000494753 -0.000974359 0.000841121 0.0104348
internal_weight=699 657 575 525 82
internal_count=699 657 575 525 82
is_linear=0
shrinkage=0.03


Tree=106
num_leaves=9
num_cat=0
split_feature=51 13 61 115 115 55 92 32
split_gain=15.1887 15.5908 19.2805 16.3397 13.2862 9.51853 6.73656 4.20447
threshold=10628.392857142861 0.34235194516023087 -104.99999999999999 -11.710713133810314 21.891854936136081 6347.4000000000005 85.968679622032795 -110.99999999999999
decision_type=10 2 10 10 8 10 8 8
left_child=1 3 7 6 -4 -5 -1 -3
right_child=-2 2 4 5 -6 -7 -8 -9
leaf_value=0.54588239890421164 -4.6390821387089058 -0.45870154251134676 0.24360121018417999 0.15771762549031815 -0.9143432728929789 -0.94480750911833122 4.0137328377596324 -1.2629403374016244
leaf_weight=89 56 45 125 82 41 79 69 107
leaf_count=89 56 45 125 82 41 79 69 107
internal_value=-0.000810811 0.000510046 -0.00402439 0.00519757 0.00272727 -0.00122807 0.0117857 -0.0114815
internal_weight=693 637 318 319 166 161 158 152
internal_count=693 637 318 319 166 161 158 152
is_linear=0
shrinkage=0.03


Tree=107
num_leaves=7
num_cat=0
split_feature=22 55 80 38 13 70
split_gain=10.6921 8.75165 10.3359 6.37533 3.95316 2.43704
threshold=0.70783107718498395 10902.183333333336 84.578019068323002 -1.206564070491922 -0.63921128368950708 106.00000000000001
decision_type=8 8 10 10 2 8
left_child=1 2 3 -1 -2 -6
right_child=4 -3 -4 -5 5 -7
leaf_value=-0.3476939203139281 -0.26209393294088518 -8.2024914590997842 -2.0267978660281392 0.10956536902912113 1.9874829086763579 0.2171211029020621
leaf_weight=104 42 42 76 306 71 48
leaf_count=104 42 42 76 306 71 48
internal_value=-0.000987124 -0.00312268 -0.00169355 0.000142857 0.0054386 0.00813953
internal_weight=689 528 486 410 161 119
internal_count=689 528 486 410 161 119
is_linear=0
shrinkage=0.03


Tree=108
num_leaves=6
num_cat=0
split_feature=14 4 46 99 42
split_gain=9.73799 10.6045 7.79423 12.7033 7.12739
threshold=0.96849880583763492 323.50000000000006 -1.5041240776831886 120.67857142857144 259.50000000000006
decision_type=2 2 10 8 10
left_child=1 2 3 -1 -4
right_child=-2 -3 4 -5 -6
leaf_value=-0.47754994699348613 -2.5825693034218893 1.5784925630095867 -0.012969401364462669 2.8545741685788157 -0.77289131101853437
leaf_weight=42 44 45 309 51 172
leaf_count=42 44 45 309 51 172
internal_value=-0.00111441 0 -0.00123288 0.0061165 -0.00287169
internal_weight=663 619 574 93 481
internal_count=663 619 574 93 481
is_linear=0
shrinkage=0.03


Tree=109
num_leaves=5
num_cat=0
split_feature=57 31 99 18
split_gain=12.9744 9.27568 11.4848 10.9027
threshold=9688.0000000000018 9843.0000000000018 200.25000000000003 202.50000000000003
decision_type=10 8 10 10
left_child=1 2 3 -1
right_child=-2 -3 -4 -5
leaf_value=-0.2713246488615319 -5.9310380574397925 2.9096655425584546 -2.8054459191629832 0.31612269236308987
leaf_weight=182 54 46 46 331
leaf_count=182 54 46 46 331
internal_value=-0.00121076 4.87805e-05 -0.00100176 0.000286807
internal_weight=659 605 559 513
internal_count=659 605 559 513
is_linear=0
shrinkage=0.03


Tree=110
num_leaves=8
num_cat=0
split_feature=55 34 96 98 70 98 58
split_gain=10.4113 9.70942 14.2134 12.7324 12.0079 8.0377 8.5997
threshold=10792.633333333335 245.50000000000003 79.258484963127003 163.50000000000003 86.500000000000014 344.50000000000006 7978.5000000000009
decision_type=10 10 10 10 10 10 10
left_child=1 2 3 -1 -4 6 -3
right_child=-2 5 4 -5 -6 -7 -8
leaf_value=0.09558978469880372 -7.1860550905849392 -0.53221098960820201 0.22207264047050501 -1.2338926676606801 3.682172755205452 -1.6227930865766786 0.75198546083009776
leaf_weight=83 43 72 191 61 69 64 87
leaf_count=83 43 72 191 61 69 64 87
internal_value=-0.000176471 0.000800628 0.00362319 -0.00350649 0.00777778 -0.00399142 0
internal_weight=670 627 404 144 260 223 159
internal_count=670 627 404 144 260 223 159
is_linear=0
shrinkage=0.03


Tree=111
num_leaves=8
num_cat=0
split_feature=14 42 72 99 74 99 52
split_gain=12.3479 8.39494 8.65331 8.07902 13.2515 9.73021 6.27783
threshold=0.98005052076767474 242.50000000000003 59.864456129162612 117.89285714285715 17.500000000000004 176.92857142857147 171.18500443451873
decision_type=2 10 10 8 10 10 10
left_child=1 3 -3 4 -1 -5 -4
right_child=-2 2 6 5 -6 -7 -8
leaf_value=0.22152144941936938 -3.6350582726232386 -1.2959997761748649 -0.22080007685872885 2.0856067038923638 -0.39010446013311434 0.20681781777504796 2.1239756245586521
leaf_weight=45 40 75 109 112 102 130 56
leaf_count=45 40 75 109 112 102 130 56
internal_value=0 0.00107981 -0.00312 0.00383459 -0.00133758 0.00714286 0.000514286
internal_weight=669 629 240 389 147 242 165
internal_count=669 629 240 389 147 242 165
is_linear=0
shrinkage=0.03


Tree=112
num_leaves=9
num_cat=0
split_feature=103 95 95 57 14 26 16 17
split_gain=9.0309 9.61586 13.3745 12.3025 12.8802 6.73024 6.66421 1.11571
threshold=222.78333333333336 116.92857142857144 82.500000000000014 6198.0000000000009 -0.45273527932988084 23.500000000000004 16.500000000000004 92.500000000000014
decision_type=10 8 10 8 2 10 10 10
left_child=1 2 5 7 -5 -1 -4 -3
right_child=-2 3 6 4 -6 -7 -8 -9
leaf_value=-0.030137810746912182 -1.7267846674763256 1.1441548094683023 -0.94999816978449758 -0.53146971113845165 0.53319442394539374 0.26803159401786686 -0.085209392971053427 2.8555102638794816
leaf_weight=44 65 41 73 110 221 47 41 40
leaf_count=44 65 41 73 110 221 47 41 40
internal_value=-8.67052e-05 0.00100478 -0.00404651 0.00369668 0.000791789 0.00386139 -0.0106452 0.0135165
internal_weight=682 617 205 412 331 91 114 81
internal_count=682 617 205 412 331 91 114 81
is_linear=0
shrinkage=0.03


Tree=113
num_leaves=7
num_cat=0
split_feature=38 12 16 30 72 4
split_gain=10.5582 7.82697 7.18282 7.48493 6.35287 2.17827
threshold=1.381288024601224 -0.9330127018922193 -3.4999999999999996 -0.88565779047902182 60.471102763433244 163.50000000000003
decision_type=8 2 10 10 10 2
left_child=1 -1 3 -3 -4 -2
right_child=5 2 4 -5 -6 -7
leaf_value=1.2432515255281427 0.40570878515598463 0.10254003795545401 -0.10159614353465 -1.1698737606238141 0.26214203816391091 2.4907081187025555
leaf_weight=44 40 66 124 160 183 49
leaf_count=44 40 66 124 160 183 49
internal_value=-0.000177515 -0.00178876 -0.00292818 -0.00686441 0 0.00878788
internal_weight=666 577 533 226 307 89
internal_count=666 577 533 226 307 89
is_linear=0
shrinkage=0.03


Tree=114
num_leaves=7
num_cat=0
split_feature=14 42 43 118 74 106
split_gain=9.20887 9.57674 14.2158 9.76499 8.75984 8.5
threshold=0.98005052076767474 317.50000000000006 8022.5000000000009 433.50000000000006 16.500000000000004 353.50000000000006
decision_type=2 10 10 10 10 10
left_child=1 2 4 -4 -1 -3
right_child=-2 5 3 -5 -6 -7
leaf_value=0.26756398870633907 -3.007665070379888 0.0036497930035391587 2.3368764523484731 -0.061989686638638797 -0.15851778486903392 -1.5139810830411249
leaf_weight=41 43 42 105 48 352 44
leaf_count=41 43 42 105 48 352 44
internal_value=-0.0010073 0 0.00151079 0.0090184 -0.00141439 -0.00875
internal_weight=675 632 546 153 393 86
internal_count=675 632 546 153 393 86
is_linear=0
shrinkage=0.03


Tree=115
num_leaves=10
num_cat=0
split_feature=14 3 42 3 38 49 18 108 52
split_gain=14.8141 8.44528 8.42742 9.76936 7.10054 6.81309 11.6794 5.64053 4.29452
threshold=0.86439018870140905 18.500000000000004 243.50000000000003 6.5000000000000009 0.20984647375518198 7752.0000000000009 228.50000000000003 6.5197802197802153 172.41247958350391
decision_type=2 2 10 2 10 10 10 10 10
left_child=2 -2 3 7 -5 6 -4 -1 -7
right_child=1 -3 5 4 -6 8 -8 -9 -10
leaf_value=-1.0181259431716529 -0.019087046955114033 -2.3846444379109881 -0.41796323958584936 0.60703827955199452 0.0042760885308103982 -3.7738594199362492 2.5224935385752421 0.25808401165561584 -0.32472398302834588
leaf_weight=40 59 56 53 164 83 47 75 41 42
leaf_count=40 59 56 53 164 83 47 75 41 42
internal_value=-0.000447761 -0.00984 0.00156757 0.00461538 0.00758755 -0.00277533 0.00130435 -0.00362637 -0.00878788
internal_weight=660 115 545 328 247 217 128 81 89
internal_count=660 115 545 328 247 217 128 81 89
is_linear=0
shrinkage=0.03


Tree=116
num_leaves=7
num_cat=0
split_feature=14 42 96 69 39 60
split_gain=9.65433 7.159 11.006 20.1301 10.4661 5.99403
threshold=0.96849880583763492 317.50000000000006 97.947508454631148 -182.49999999999997 6455.0000000000009 52.038053990245039
decision_type=2 10 8 10 8 10
left_child=1 2 4 -4 -1 -3
right_child=-2 5 3 -5 -6 -7
leaf_value=0.012785532505946122 -2.8083158287028303 0.071410621661798929 0.038701848887499925 3.4222226125242607 -0.6457838463693204 -1.6417396534623394
leaf_weight=169 49 41 254 70 86 41
leaf_count=169 49 41 254 70 86 41
internal_value=-0.00108333 0 0.00117148 0.0048503 -0.00328302 -0.00782609
internal_weight=710 661 579 324 255 82
internal_count=710 661 579 324 255 82
is_linear=0
shrinkage=0.03


Tree=117
num_leaves=6
num_cat=0
split_feature=22 46 78 52 31
split_gain=11.1133 10.6229 8.18776 14.925 11.7859
threshold=-1.6001016935753396 -1.4597012591738565 228.50000000000003 340.96884318012496 7771.5000000000009
decision_type=8 8 8 10 8
left_child=-1 -2 3 -3 -4
right_child=1 2 4 -5 -6
leaf_value=-2.5392680064691895 0.86957932776478108 -0.24595492229147811 -0.50345758638881422 0.66509150288349583 0.99839722711853596
leaf_weight=62 69 359 45 41 107
leaf_count=62 69 359 45 41 107
internal_value=-0.00134199 0 -0.00149466 -0.00380488 0.00407407
internal_weight=683 621 552 400 152
internal_count=683 621 552 400 152
is_linear=0
shrinkage=0.03


Tree=118
num_leaves=6
num_cat=0
split_feature=14 102 99 67 107
split_gain=10.2268 8.24846 14.438 7.35281 3.70016
threshold=0.97648852793709995 434.50000000000006 201.82142857142858 14.383333333333335 25.428571428571463
decision_type=2 8 10 8 8
left_child=1 2 3 -1 -3
right_child=-2 4 -4 -5 -6
leaf_value=0.17225954337087501 -2.754267662601332 7.2215467422293216 -5.7031540990176728 -0.19566156547715574 0.54108841060674928
leaf_weight=359 41 40 47 153 43
leaf_count=359 41 40 47 153 43
internal_value=-0.000562771 0.000368098 -0.000896309 0.000574713 0.00870968
internal_weight=683 642 559 512 83
internal_count=683 642 559 512 83
is_linear=0
shrinkage=0.03


Tree=119
num_leaves=6
num_cat=0
split_feature=72 68 50 96 18
split_gain=7.92278 15.0637 12.2368 11.1356 8.63219
threshold=85.819336920872885 74.719797529693167 10252.000000000002 148.41248331583054 213.50000000000003
decision_type=8 8 10 10 10
left_child=2 -2 3 4 -1
right_child=1 -3 -4 -5 -6
leaf_value=-0.22082445722565694 -0.44733004285206135 3.666051858427581 -2.2009339476395602 3.4308742099706326 0.1310452843437607
leaf_weight=241 60 42 74 42 250
leaf_count=241 60 42 74 42 250
internal_value=-0.000792768 0.00642857 -0.00218801 -0.00038674 -0.00185629
internal_weight=709 102 607 533 491
internal_count=709 102 607 533 491
is_linear=0
shrinkage=0.03


Tree=120
num_leaves=7
num_cat=0
split_feature=46 38 50 70 100 30
split_gain=11.8226 8.3075 9.56621 11.8623 7.45807 4.86571
threshold=-1.5041240776831886 -1.1790306531212267 6284.5000000000009 3.5000000000000004 99.662376462871791 -1.2430450605245389
decision_type=10 8 10 10 8 10
left_child=4 5 -3 -4 -1 -2
right_child=1 2 3 -5 -6 -7
leaf_value=-0.15244743075477971 -0.10309215595757962 0.29934489725661528 0.30651998466958774 -0.56938887262591587 2.3415660345043143 -1.1368096335421598
leaf_weight=41 40 78 116 294 52 46
leaf_count=41 40 78 116 294 52 46
internal_value=-0.00137371 -0.00308219 -0.0013253 -0.00328571 0.00786408 -0.01125
internal_weight=667 574 488 410 93 86
internal_count=667 574 488 410 93 86
is_linear=0
shrinkage=0.03


Tree=121
num_leaves=12
num_cat=0
split_feature=60 72 69 67 60 54 75 109 65 3 82
split_gain=9.80982 10.3543 11.8603 8.85512 8.18856 11.2871 7.29931 5.4616 4.7575 3.28 1.28974
threshold=35.137620552882929 60.471102763433244 -334.49999999999994 -5.2999999999999989 72.152874117428425 9042.0000000000018 50.642857142857146 -41.133815350389327 -25.499999999999996 13.500000000000002 186.50000000000003
decision_type=10 10 10 10 10 10 10 10 10 2 10
left_child=3 2 6 7 5 -3 -2 -1 -5 -6 -4
right_child=1 4 10 8 9 -7 -8 -9 -10 -11 -12
leaf_value=0.094835331357821379 -1.0945346103479929 0.022497990934076881 -3.7726915280515936 -0.54226963208225776 1.7513766400923796 -3.9567276331596881 1.7778842392257441 2.3880454348289653 0.1491599281218832 0.24464529899541793 -0.69439209621968756
leaf_weight=40 48 170 55 44 40 42 40 41 57 40 55
leaf_count=40 48 170 55 44 40 42 40 41 57 40 55
internal_value=-0.000967742 -0.00324 -0.00836538 0.0046875 0.000198675 -0.0027027 0 0.0115385 -0.000810811 0.008 -0.0145
internal_weight=672 490 198 182 292 212 88 81 101 80 110
internal_count=672 490 198 182 292 212 88 81 101 80 110
is_linear=0
shrinkage=0.03


Tree=122
num_leaves=5
num_cat=0
split_feature=27 35 99 3
split_gain=10.5172 13.5217 12.044 8.12116
threshold=10568.000000000002 9669.0000000000018 200.92857142857147 6.5000000000000009
decision_type=10 8 10 2
left_child=1 2 3 -1
right_child=-2 -3 -4 -5
leaf_value=-0.26966692940465947 -5.2913869045373021 3.7254804397277108 -2.6827978091086608 0.18641418594992187
leaf_weight=110 52 47 42 427
leaf_count=110 52 47 42 427
internal_value=8.72093e-05 0.00132075 0 0.00126143
internal_weight=678 626 579 537
internal_count=678 626 579 537
is_linear=0
shrinkage=0.03


Tree=123
num_leaves=9
num_cat=0
split_feature=22 72 64 22 52 13 60 64
split_gain=11.8879 8.24083 10.7583 9.65726 9.48407 9.21197 4.19832 7.33154
threshold=0.70783107718498395 82.360903724518252 44.412261376055326 0.015862809278244242 348.26314844957574 0.71503381463111937 45.810732194930587 79.282268296248319
decision_type=8 10 10 10 10 2 10 10
left_child=1 2 3 -1 -4 -3 -2 -8
right_child=6 5 4 -5 -6 -7 7 -9
leaf_value=0.19346022524724532 0.9042905402705339 0.99064328070379049 -1.0853050188912334 -0.18629626028497981 0.15295988262527457 -0.79001772938004233 -0.57753018529480293 1.704234699587956
leaf_weight=113 71 41 213 43 46 43 54 40
leaf_count=113 71 41 213 43 46 43 54 40
internal_value=-0.000979228 -0.00335953 -0.00515294 0.000722892 -0.00881041 0.00446809 0.00565714 0.000576923
internal_weight=664 499 415 156 259 84 165 94
internal_count=664 499 415 156 259 84 165 94
is_linear=0
shrinkage=0.03


Tree=124
num_leaves=10
num_cat=0
split_feature=72 74 68 39 52 95 92 108 57
split_gain=10.5429 15.1653 11.7153 8.44022 17.8841 13.5908 7.59226 6.66058 5.8823
threshold=55.185778698875133 17.500000000000004 57.51938207135732 8128.5000000000009 258.7584129407374 197.71428571428575 90.95372599107246 21.512087912087761 9516.5000000000018
decision_type=8 10 8 8 8 10 10 10 8
left_child=1 -1 -3 5 7 6 -2 -5 -4
right_child=3 2 8 4 -6 -7 -8 -9 -10
leaf_value=0.2200799646628758 0.33356619538265325 -1.3600934211516105 0.34007290704672755 4.7025320632127618 -0.34721871700457996 -5.1568737068047872 -0.20529531932890877 0.40213062685016876 -5.9365643382234605
leaf_weight=48 136 68 69 69 41 40 120 43 48
leaf_count=48 136 68 69 69 41 40 120 43 48
internal_value=-0.000953757 -0.00604938 -0.01 0.00163399 0.00717791 -0.00117647 0.00135338 0.0132787 -0.00307087
internal_weight=682 233 185 449 153 296 256 112 117
internal_count=682 233 185 449 153 296 256 112 117
is_linear=0
shrinkage=0.03


Tree=125
num_leaves=6
num_cat=0
split_feature=57 31 112 14 67
split_gain=7.16301 10.0528 9.52608 14.8838 11.8162
threshold=9774.5000000000018 9763.5000000000018 8184.8152843370854 0.48877522411129354 14.866666666666669
decision_type=10 10 10 2 10
left_child=1 2 4 -4 -1
right_child=-2 -3 3 -5 -6
leaf_value=0.1858735704087725 -5.0088502398928361 1.4517842058860966 -2.4110183557589462 0.48546565522161755 -0.48550156487447671
leaf_weight=327 41 53 74 53 121
leaf_count=327 41 53 74 53 121
internal_value=-0.000309278 0.000470219 -0.000666667 -0.00766423 0.00131004
internal_weight=669 628 575 127 448
internal_count=669 628 575 127 448
is_linear=0
shrinkage=0.03


Tree=126
num_leaves=9
num_cat=0
split_feature=109 16 70 40 48 30 39 25
split_gain=10.9551 9.76569 6.53636 5.16436 4.74839 5.91383 5.87152 4.40993
threshold=25.21679644048945 -7.4999999999999991 45.000000000000007 -142.49999999999997 94.012371689475557 -1.0030611234950246 7860.5000000000009 11.500000000000002
decision_type=8 10 8 10 10 10 10 10
left_child=1 3 -2 -1 5 -3 -6 -5
right_child=2 4 -4 7 6 -7 -8 -9
leaf_value=0.51225223129845165 -0.029767351287736117 0.44005975432647859 1.4371701894108777 -0.23589166784220308 -1.1497367098632048 4.031878544395795e-05 0.058635351190214915 -1.3820934715839801
leaf_weight=42 77 45 78 51 53 175 59 99
leaf_count=42 77 45 78 51 53 175 59 99
internal_value=-0.00065312 -0.00280899 0.006 -0.0080198 0.000175439 0.00286957 -0.00442623 -0.0105
internal_weight=679 524 155 192 332 220 112 150
internal_count=679 524 155 192 332 220 112 150
is_linear=0
shrinkage=0.03


Tree=127
num_leaves=7
num_cat=0
split_feature=14 42 95 109 30 62
split_gain=9.80986 8.60345 10.0486 12.6088 11.1863 5.625
threshold=0.98005052076767474 317.50000000000006 117.57142857142858 -33.501668520578477 0.11955253117115207 63.500000000000007
decision_type=2 10 8 8 10 10
left_child=1 2 3 -1 -4 -3
right_child=-2 5 4 -5 -6 -7
leaf_value=-1.6781131913828349 -3.2099178564461455 -1.8289906413571464 0.82534753570211095 0.020077502605247374 -0.012454094678279621 0.030690852971579599
leaf_weight=48 41 44 207 143 160 42
leaf_count=48 41 44 207 143 160 42
internal_value=0.000215827 0.0012844 0.00274648 -0.00253731 0.00564987 -0.006875
internal_weight=685 644 558 191 367 86
internal_count=685 644 558 191 367 86
is_linear=0
shrinkage=0.03


Tree=128
num_leaves=9
num_cat=0
split_feature=72 80 80 74 79 52 48 14
split_gain=6.6233 10.304 9.43564 8.05591 7.68171 6.5565 4.55019 5.30749
threshold=85.174814026736826 67.847086952969264 59.877854190637073 16.500000000000004 112.80000000000003 125.16138900772323 171.18839883539391 -0.40613878790836594
decision_type=8 10 10 10 10 10 10 2
left_child=1 2 3 -1 -2 -4 7 -3
right_child=4 6 5 -5 -6 -7 -8 -9
leaf_value=0.22466881345748937 2.1386115927382687 -0.50237374376425492 0.0040288111115236091 -0.20701955725352264 -0.14478139065891935 2.6597286977530592 0.10290739450229835 -1.5325740446116096
leaf_weight=43 59 76 75 175 55 73 48 85
leaf_count=43 59 76 75 175 55 73 48 85
internal_value=-0.000386266 -0.00179487 0.00111702 -0.00263158 0.00580645 0.00683544 -0.0069863 -0.00929825
internal_weight=689 575 366 218 114 148 209 161
internal_count=689 575 366 218 114 148 209 161
is_linear=0
shrinkage=0.03


Tree=129
num_leaves=9
num_cat=0
split_feature=74 91 100 115 50 13 61 120
split_gain=9.91853 14.3425 10.4893 13.4432 10.019 9.38071 4.11865 2.14575
threshold=161.50000000000003 117.05000000000001 134.16149235495786 -8.1478668856412249 10252.000000000002 0.34235194516023087 -22.999999999999996 0.037899441655763984
decision_type=8 10 10 10 10 2 10 8
left_child=1 4 3 7 5 -1 -5 -2
right_child=2 -3 -4 6 -6 -7 -8 -9
leaf_value=2.1297793753209788 2.9402709313488624 -1.5679859326508432 -0.52662946426463098 -0.25111043966723151 -2.6930764423112792 -0.047230207949400582 0.41634651402403872 1.1439782744102434
leaf_weight=80 47 67 72 93 42 137 80 55
leaf_count=80 47 67 72 93 42 137 80 55
internal_value=0.00057101 -0.00303571 0.00411765 0.00684211 0.000111524 0.00303965 0.00114754 0.015
internal_weight=673 326 347 275 259 217 173 102
internal_count=673 326 347 275 259 217 173 102
is_linear=0
shrinkage=0.03


Tree=130
num_leaves=7
num_cat=0
split_feature=14 35 14 74 49 58
split_gain=11.2173 6.43506 12.2997 11.8646 11.3509 6.92072
threshold=0.97263757644091875 5820.0000000000009 0.71952396275653763 16.500000000000004 8101.5000000000009 10662.000000000002
decision_type=2 8 2 10 10 8
left_child=1 3 4 -1 -3 -4
right_child=-2 2 5 -5 -6 -7
leaf_value=0.14737834070605357 -2.617006056093496 0.15428316511239373 2.2323830228087789 -0.81258508936388918 -0.76965629985527806 0.17428117109299945
leaf_weight=40 47 306 53 55 141 50
leaf_count=40 47 306 53 55 141 50
internal_value=-0.00034188 0.000687023 0.00203571 -0.006 -6.56455e-05 0.010885
internal_weight=692 645 550 95 447 103
internal_count=692 645 550 95 447 103
is_linear=0
shrinkage=0.03


Tree=131
num_leaves=9
num_cat=0
split_feature=46 51 109 15 16 95 4 59
split_gain=8.75712 10.1557 8.35614 10.9533 8.22444 6.29144 5.65062 4.39172
threshold=-1.0696258519138355 6200.6785714285725 22.956952169076754 6158.5000000000009 39.500000000000007 204.92857142857147 112.50000000000001 -62.999999999999993
decision_type=10 8 8 10 10 10 2 10
left_child=1 -1 3 6 -5 -4 -2 -3
right_child=2 7 5 4 -6 -7 -8 -9
leaf_value=-0.088847730963262705 -0.053413585431194226 0.081640806399989566 1.5589562220604114 -0.91294088724825462 0.12290903180504362 -0.1021552760459349 0.47263576388582834 1.3839102581445135
leaf_weight=56 43 45 70 234 46 59 40 72
leaf_count=56 43 45 70 234 46 59 40 72
internal_value=-0.000755556 0.0047541 -0.00286853 -0.00522788 -0.00806897 0.00323741 0.00354839 0.00968504
internal_weight=665 173 492 363 280 129 83 117
internal_count=665 173 492 363 280 129 83 117
is_linear=0
shrinkage=0.03


Tree=132
num_leaves=10
num_cat=0
split_feature=59 67 13 27 68 122 57 64 87
split_gain=8.05295 14.8039 10.3251 8.81671 7.35704 9.94781 7.27225 7.81544 7.20038
threshold=-37.499999999999993 -9.8499999999999979 -0.24372957273992746 5956.5000000000009 60.608536309150701 8022.5000000000009 6024.0000000000009 54.363149140248879 123.85714285714288
decision_type=8 10 2 8 8 2 10 10 10
left_child=2 3 8 -2 -4 -6 -3 -8 -1
right_child=1 6 4 -5 5 -7 7 -9 -10
leaf_value=-0.11844819642890073 -0.064670982961045523 0.18411528270002889 -4.4794620778551142 2.8104708126942795 0.16166564340350467 -1.3652314752540022 -0.59519661988275119 0.44322673262105139 5.4206827349462907
leaf_weight=72 40 79 40 81 70 77 146 44 41
leaf_count=72 40 79 40 81 70 77 146 44 41
internal_value=-0.000771429 0.00195 -0.00445161 0.0103053 -0.0086802 -0.0043949 -0.00182796 -0.0051 0.00219512
internal_weight=690 390 300 121 187 147 269 190 113
internal_count=690 390 300 121 187 147 269 190 113
is_linear=0
shrinkage=0.03


Tree=133
num_leaves=9
num_cat=0
split_feature=95 51 14 95 90 14 3 58
split_gain=8.6165 10.9795 11.4889 8.97302 8.5473 6.63675 4.9546 3.76682
threshold=112.21428571428574 10628.392857142861 0.71952396275653763 82.500000000000014 246.00000000000003 0.39629089145655322 16.500000000000004 10710.500000000002
decision_type=8 10 2 10 10 2 2 8
left_child=3 2 4 6 -2 -5 -1 -4
right_child=1 -3 7 5 -6 -7 -8 -9
leaf_value=0.13290405716534032 0.48709314408369997 -3.6651710382998295 1.6031870220207574 -0.051347199322253088 -0.49736221227879013 -1.8507963863221495 -0.055235565384667333 0.2625191850470473
leaf_weight=47 197 60 65 42 129 49 40 41
leaf_count=47 197 60 65 42 129 49 40 41
internal_value=-0.000529412 0.00143426 0.00325792 -0.00606383 0.000178571 -0.0121782 0.000309278 0.0113793
internal_weight=670 492 432 178 326 91 87 106
internal_count=670 492 432 178 326 91 87 106
is_linear=0
shrinkage=0.03


Tree=134
num_leaves=8
num_cat=0
split_feature=64 95 63 109 92 80 14
split_gain=8.13851 12.1958 8.00785 8.72355 6.77996 11.9536 6.57744
threshold=46.080014685514776 101.92857142857143 -11.178571428571425 -13.97886540600666 68.143648234924498 58.183271890889351 -0.42179730054635828
decision_type=10 8 10 10 10 10 2
left_child=2 -2 -1 -4 -3 -6 -5
right_child=1 4 3 6 5 -7 -8
leaf_value=1.0428434193480485 -2.594459057448625 1.8008411205091148 -0.74005599003232814 0.52052089188917949 -2.2156496061047819 0.02594361085108389 -0.0017832813182813466
leaf_weight=68 42 47 41 40 43 294 106
leaf_count=68 42 47 41 40 43 294 106
internal_value=0 -0.00247706 0.00418868 0.000456853 -0.000456853 -0.00216138 0.00423077
internal_weight=681 426 255 187 384 337 146
internal_count=681 426 255 187 384 337 146
is_linear=0
shrinkage=0.03


Tree=135
num_leaves=7
num_cat=0
split_feature=87 52 68 102 16 90
split_gain=7.93659 9.90942 10.2866 8.47357 7.82171 4.74158
threshold=7.2142857142857153 122.95937109844886 50.5454350676251 270.00000000000006 24.500000000000004 278.00000000000006
decision_type=10 10 8 10 10 10
left_child=-1 4 -3 -4 5 -2
right_child=1 2 3 -5 -6 -7
leaf_value=0.23204655637126123 -0.70317684033263972 0.23766284651904981 -2.319317695525581 0.045512395162688166 0.10700556661252228 -0.023511418308253838
leaf_weight=46 139 77 47 278 58 41
leaf_count=46 139 77 47 278 58 41
internal_value=-0.00103448 -0.00203077 0.000728155 -0.00152239 -0.00677419 -0.00978947
internal_weight=686 640 402 325 238 180
internal_count=686 640 402 325 238 180
is_linear=0
shrinkage=0.03


Tree=136
num_leaves=9
num_cat=0
split_feature=74 66 30 100 115 58 75 4
split_gain=10.4419 15.0305 11.5961 9.58965 12.1091 5.29516 4.23447 4.11459
threshold=161.50000000000003 38.500000000000007 -1.0696258519138355 134.16149235495786 -8.1478668856412249 10710.500000000002 91.821428571428584 119.50000000000001
decision_type=8 10 10 10 10 10 10 2
left_child=1 2 -1 4 7 -4 -6 -2
right_child=3 -3 5 -5 6 -7 -8 -9
leaf_value=0.26822014298456076 2.0291199784957907 -1.8732660768432912 -0.01794765901444231 -0.88378023725947075 0.32684768692509408 -1.4575097946526325 -0.10908970463410664 1.1628093462762632
leaf_weight=78 55 64 120 76 47 46 146 42
leaf_count=78 55 64 120 76 47 46 146 42
internal_value=-0.000263158 -0.00433962 -0.000472441 0.00303191 0.0056 -0.00511364 0.000738916 0.0137383
internal_weight=674 308 244 366 290 166 193 97
internal_count=674 308 244 366 290 166 193 97
is_linear=0
shrinkage=0.03


Tree=137
num_leaves=9
num_cat=0
split_feature=72 34 14 99 106 70 30 38
split_gain=9.88751 10.4493 7.02698 7.37351 17.646 8.75508 6.72886 2.78396
threshold=55.185778698875133 155.00000000000003 0.74298546529340237 174.10714285714289 307.50000000000006 3.5000000000000004 -0.7143037743550017 -0.044066164292333447
decision_type=8 10 2 10 10 10 10 8
left_child=1 6 3 4 -2 -5 -1 -8
right_child=2 -3 -4 5 -6 -7 7 -9
leaf_value=0.2023268236581485 -0.19315279575061625 -1.2767357375335964 0.81661195708144751 0.37236647139768347 1.9419493605113864 -1.7053229761599698 -0.35999644040408152 0.025104900931883129
leaf_weight=68 107 77 70 58 120 87 42 42
leaf_count=68 107 77 70 58 120 87 42 42
internal_value=-0.000132159 -0.00514644 0.00238938 0.000471204 0.00392405 -0.00445161 0 -0.00574468
internal_weight=671 229 442 372 227 145 152 84
internal_count=671 229 442 372 227 145 152 84
is_linear=0
shrinkage=0.03


Tree=138
num_leaves=11
num_cat=0
split_feature=107 90 55 52 44 103 115 109 76 55
split_gain=12.6594 10.3626 12.3432 9.19219 8.84454 13.7778 4.62155 4.48039 3.83746 0.54359
threshold=-19.142857142857046 223.00000000000003 6241.916666666667 217.77274641366697 181.50000000000003 122.35000000000001 23.374203937836452 -29.012235817575107 60.930326989730879 7732.9666666666681
decision_type=8 8 10 8 8 10 10 10 10 10
left_child=4 2 -2 6 5 -1 -3 -7 -4 -6
right_child=1 3 8 -5 9 7 -8 -9 -10 -11
leaf_value=-1.2658819504731798 0.15711792249813938 1.1687675381836817 -0.12981886681712004 -0.14128850502168233 -0.69846670187634996 1.9234352794559486 0.011259528384622967 -0.035135937462049044 -1.4626096811774729 -2.0903040694539681
leaf_weight=45 74 141 40 66 42 41 41 45 68 68
leaf_count=45 74 141 40 66 42 41 41 45 68 68
internal_value=-0.000660793 0.00231818 -0.0028125 0.00627907 -0.00609562 -0.000212766 0.0096875 0.00625 -0.00915254 -0.012
internal_weight=671 430 182 248 241 131 182 86 108 110
internal_count=671 430 182 248 241 131 182 86 108 110
is_linear=0
shrinkage=0.03


Tree=139
num_leaves=8
num_cat=0
split_feature=112 95 80 34 114 95 98
split_gain=9.96492 11.0363 13.3936 9.78509 7.09966 8.52233 5.49341
threshold=10778.062500537339 117.57142857142858 81.581782182244169 74.000000000000014 17.629871113761077 82.500000000000014 344.50000000000006
decision_type=10 8 10 8 8 10 8
left_child=1 4 3 -3 5 -1 -4
right_child=-2 2 6 -5 -6 -7 -8
leaf_value=-0.0013100409158495374 -7.9643470493244077 -0.89412395819953905 0.042176082005107175 1.0023296295543431 0.11669089373692756 -0.93483531785163787 -1.559027219613601
leaf_weight=74 42 42 73 268 60 85 59
leaf_count=74 42 42 73 268 60 85 59
internal_value=0 0.000938897 0.00371681 0.007125 -0.00432314 -0.00763314 -0.00380282
internal_weight=703 661 442 310 219 159 132
internal_count=703 661 442 310 219 159 132
is_linear=0
shrinkage=0.03


Tree=140
num_leaves=8
num_cat=0
split_feature=3 103 20 66 16 54 49
split_gain=9.51567 9.21481 7.849 7.64194 7.66384 7.47736 6.21515
threshold=8.5000000000000018 101.91666666666669 191.50000000000003 94.500000000000014 -7.4999999999999991 8498.0000000000018 7763.5000000000009
decision_type=2 10 8 10 10 10 10
left_child=1 -1 3 4 -2 -3 -4
right_child=2 5 6 -5 -6 -7 -8
leaf_value=0.16435652406029078 -0.21353353476021439 -0.97280207017561737 1.9538837322772464 -0.79283175242136794 0.22240017975906609 -0.16844263745594232 0.036917721265125318
leaf_weight=41 145 77 77 47 182 60 55
leaf_count=41 145 77 77 47 182 60 55
internal_value=0.000259366 -0.00542553 0.00244186 0 0.00186944 -0.00918367 0.0084507
internal_weight=684 178 506 374 327 137 132
internal_count=684 178 506 374 327 137 132
is_linear=0
shrinkage=0.03


Tree=141
num_leaves=10
num_cat=0
split_feature=109 106 43 66 15 86 56 22 24
split_gain=10.2354 12.9295 6.56052 5.91347 12.4283 10.5455 7.29217 5.87242 5.03946
threshold=23.105895439377093 352.50000000000006 8490.0000000000018 1.0000000180025095e-35 9535.5000000000018 221.00000000000003 162.67475010620055 0.73809687610987285 -42.499999999999993
decision_type=8 10 10 10 10 10 10 10 10
left_child=3 -2 -3 4 8 6 -5 -7 -1
right_child=1 2 -4 5 -6 7 -8 -9 -10
leaf_value=0.043682666743541598 1.8019298081771529 -1.9806616364056935 0.36119712983435776 -0.04638633838636199 -2.4000664879754972 -0.17583964482222733 -0.89376533396619395 1.2719176057941322 1.0724053203079285
leaf_weight=62 79 48 56 104 40 120 94 41 48
leaf_count=62 79 48 56 104 40 120 94 41 48
internal_value=8.54701e-05 0.00606218 -0.000526316 -0.00202312 0.002625 -0.00414634 -0.00865385 0.00122807 0.008
internal_weight=692 183 104 509 150 359 198 161 110
internal_count=692 183 104 509 150 359 198 161 110
is_linear=0
shrinkage=0.03


Tree=142
num_leaves=11
num_cat=0
split_feature=43 64 46 63 100 13 68 51 82 74
split_gain=6.78409 14.5228 9.93324 9.25832 8.80981 8.51914 6.79612 6.58225 7.88922 6.56402
threshold=7815.0000000000009 44.169136961823931 -0.59090563955981323 -12.678571428571427 77.957394137504977 0.34235194516023087 63.301082898499978 10558.964285714288 256.50000000000006 181.00000000000003
decision_type=8 10 8 10 10 2 8 10 8 10
left_child=1 3 -2 -1 -5 9 -7 8 -4 -3
right_child=2 5 7 4 -6 6 -8 -9 -10 -11
leaf_value=0.56135909568477427 1.164585283787704 0.88402513720667908 0.94165688222736976 -0.058673034813723386 0.53510962426846587 -7.3274285633941485 -0.56755196614679704 -4.0483549595961179 -0.27127561430393199 -0.59302262883130641
leaf_weight=40 67 55 90 97 67 43 55 55 69 56
leaf_count=40 67 55 90 97 67 43 55 55 69 56
internal_value=0 -0.00234043 0.00360825 0.00308411 0 -0.00780822 -0.0138889 0 0.00337278 -0.00123967
internal_weight=694 413 281 204 164 209 98 214 159 111
internal_count=694 413 281 204 164 209 98 214 159 111
is_linear=0
shrinkage=0.03


Tree=143
num_leaves=9
num_cat=0
split_feature=22 43 116 14 99 18 44 106
split_gain=7.29189 7.85498 7.49774 10.8734 8.53168 4.7541 4.22316 2.56072
threshold=0.75803596332930667 8185.0000000000009 -1.4999999999999998 0.8511460603353429 164.67857142857147 274.50000000000006 9.5000000000000018 365.50000000000006
decision_type=8 8 10 2 10 10 10 10
left_child=2 5 3 4 -1 -2 -4 -8
right_child=1 -3 6 -5 -6 -7 7 -9
leaf_value=0.22409684858072296 0.39479634111709899 1.4896139193743183 0.07527287433176813 -2.0252573031177414 -0.14656430389287564 -0.21571355721456967 -0.62531781189166635 -0.55168751137812533
leaf_weight=159 51 56 40 65 118 51 82 58
leaf_count=159 51 56 40 65 118 51 82 58
internal_value=-0.000695652 0.00464286 -0.0024812 0 0.0028223 0 -0.00726316 -0.0096
internal_weight=680 158 522 342 277 102 180 140
internal_count=680 158 522 342 277 102 180 140
is_linear=0
shrinkage=0.03


Tree=144
num_leaves=8
num_cat=0
split_feature=102 74 74 98 69 119 18
split_gain=9.3427 12.3264 12.4746 8.32308 6.35967 4.61765 3.12008
threshold=434.50000000000006 161.50000000000003 18.500000000000004 344.50000000000006 -89.999999999999986 0.015955887887657009 197.00000000000003
decision_type=8 8 10 10 10 10 10
left_child=1 2 -1 4 -3 -2 -4
right_child=5 3 6 -5 -6 -7 -8
leaf_value=0.04156921821594807 3.4487938022458624 1.3289603331479798 -1.1720031947672862 -1.2411852738997047 -0.021253924695953684 0.19952331688174096 -0.23629498880308544
leaf_weight=57 45 155 111 75 93 49 78
leaf_count=57 45 155 111 75 93 49 78
internal_value=0.000312036 -0.00108808 -0.00609375 0.00261261 0.00534884 0.00865385 -0.00979899
internal_weight=663 569 246 323 248 94 189
internal_count=663 569 246 323 248 94 189
is_linear=0
shrinkage=0.03


Tree=145
num_leaves=9
num_cat=0
split_feature=18 66 55 62 19 112 13 19
split_gain=8.79876 14.025 10.9992 8.38639 10.3552 10.506 8.34753 6.57879
threshold=199.50000000000003 8.5000000000000018 11033.533333333335 104.00000000000001 7795.5000000000009 8781.1476657025905 0.30983042691905771 6336.0000000000009
decision_type=8 10 8 10 10 8 2 8
left_child=1 2 6 4 7 -6 -1 -2
right_child=3 -3 -4 -5 5 -7 -8 -9
leaf_value=2.7941050105911054 0.21094177304741882 -0.51170470993278083 -4.6300654140019191 -0.25817315502953592 -1.3932198655434851 0.37706512888337129 -0.018147750400844414 2.7474158409425993
leaf_weight=60 78 76 43 65 72 76 83 110
leaf_count=60 78 76 43 65 72 76 83 110
internal_value=0.00164933 -0.00242647 0.00183673 0.00445255 0.00641618 0 0.00607843 0.0109091
internal_weight=663 262 186 401 336 148 143 188
internal_count=663 262 186 401 336 148 143 188
is_linear=0
shrinkage=0.03


Tree=146
num_leaves=11
num_cat=0
split_feature=109 3 46 13 13 13 1 4 70 42
split_gain=12.833 14.005 10.6551 7.83651 7.69459 7.9111 7.65379 3.54721 2.26792 0.862222
threshold=23.636484983314862 9.5000000000000018 -1.087826643834666 0.67802080537253973 -0.2270106897347694 -0.63921128368950708 8.5000000000000018 64.500000000000014 27.000000000000004 169.50000000000003
decision_type=8 2 10 2 2 2 2 2 10 10
left_child=1 6 9 -4 5 -2 8 -6 -1 -3
right_child=4 2 3 -5 7 -7 -8 -9 -10 -11
leaf_value=-0.36191574354394423 0.077277923158852097 0.16635185493834526 -0.2149327859486766 0.30705735830168612 0.51642359293698537 4.2024689643942743 0.048833560493560878 -0.78062071762483254 -1.7325992612006507 2.0908019320737119
leaf_weight=40 40 40 193 95 41 48 43 44 69 40
leaf_count=40 40 40 193 95 41 48 43 44 69 40
internal_value=0.000810811 -0.0014717 0.0015873 -0.00100671 0.00770492 0.0134694 -0.00888889 0.000315789 -0.0128571 0.0106667
internal_weight=693 520 368 288 173 88 152 85 109 80
internal_count=693 520 368 288 173 88 152 85 109 80
is_linear=0
shrinkage=0.03


Tree=147
num_leaves=11
num_cat=0
split_feature=13 122 49 13 13 76 59 3 115 34
split_gain=7.75209 10.2679 12.2308 9.67374 9.66132 11.5466 8.04569 8.00908 4.92715 3.29731
threshold=-0.28519255817492867 7955.0000000000009 7629.0000000000009 0.63920241694561786 -0.65234524191686594 73.136503030840899 -36.142857142857132 12.500000000000002 7.5132061038857572 203.50000000000003
decision_type=2 2 8 2 2 10 10 2 10 10
left_child=4 2 3 -2 5 8 9 -6 -1 -3
right_child=1 6 -4 -5 7 -7 -8 -9 -10 -11
leaf_value=0.041675000149798504 -0.82470856779948853 -0.8171605996124589 1.5054776909186807 0.053839315674237581 0.029627440810755558 0.84735282116121446 0.21929774883313882 3.655994131838487 -0.29724726968002385 -2.9293226597563202
leaf_weight=59 135 41 59 104 41 43 55 44 55 59
leaf_count=59 135 41 59 104 41 43 55 44 55 59
internal_value=0.000468085 -0.00174946 0.00136364 -0.00156627 0.0047619 0 -0.00781818 0.0123158 -0.00483871 -0.0125455
internal_weight=695 453 298 239 242 157 155 85 114 100
internal_count=695 453 298 239 242 157 155 85 114 100
is_linear=0
shrinkage=0.03


Tree=148
num_leaves=8
num_cat=0
split_feature=64 106 98 99 3 112 80
split_gain=11.5528 10.9847 9.87238 8.19872 8.12185 5.78851 6.60613
threshold=33.835585535510212 299.50000000000006 291.00000000000006 98.107142857142875 24.500000000000004 6398.6077048933912 64.468381492592854
decision_type=10 10 10 8 2 10 10
left_child=3 5 -3 -1 -4 6 -2
right_child=1 2 4 -5 -6 -7 -8
leaf_value=0.0026060564715267276 -4.4821413413815971 1.9643164484022568 -0.22590433440422672 1.4603133601911207 0.63364888648039819 -1.0326992456998358 0.26224463364088335
leaf_weight=75 43 58 260 73 67 64 43
leaf_count=75 43 58 260 73 67 64 43
internal_value=0.00038961 -0.00159633 0.000987342 0.00759494 -0.000979228 -0.00825 -0.001875
internal_weight=683 535 385 148 327 150 86
internal_count=683 535 385 148 327 150 86
is_linear=0
shrinkage=0.03


Tree=149
num_leaves=8
num_cat=0
split_feature=120 3 88 68 95 95 43
split_gain=8.37598 7.1868 10.8894 8.00363 6.27737 14.1689 8.53423
threshold=0.12743353395583337 8.5000000000000018 92.317401119016168 41.333933858441114 164.57142857142858 113.35714285714288 7864.5000000000009
decision_type=8 2 10 10 10 10 10
left_child=1 2 3 -1 5 -3 -6
right_child=-2 4 -4 -5 6 -7 -8
leaf_value=-0.0011213841600020656 1.5026741645858157 -0.045264551099505251 0.21143736205782984 -1.8541975423518415 -2.1920705075061067 1.3977268530351636 0.015816224950930005
leaf_weight=40 49 117 59 66 42 151 142
leaf_count=40 49 117 59 66 42 151 142
internal_value=0.000887574 -4.78469e-05 -0.00531429 -0.0108621 0.00181818 0.0047482 -0.00216495
internal_weight=666 617 165 106 452 268 184
internal_count=666 617 165 106 452 268 184
is_linear=0
shrinkage=0.03


Tree=150
num_leaves=8
num_cat=0
split_feature=14 57 31 74 22 46 48
split_gain=8.62893 9.25291 13.5061 11.1683 7.37084 8.95213 5.05429
threshold=-0.97874870457683594 6024.0000000000009 6047.5000000000009 18.500000000000004 0.60259899580270571 -0.36217642528361121 92.991983616308815
decision_type=2 10 10 10 10 10 10
left_child=-1 2 3 -2 5 -3 -6
right_child=1 4 -4 -5 6 -7 -8
leaf_value=-0.83050052173035072 0.20258247148826661 0.043438218819161135 2.3208074293668322 -1.1566951704898893 -0.070586501459407883 -0.50186065516001543 1.3696273757358648
leaf_weight=40 67 148 57 40 57 183 74
leaf_count=40 67 148 57 40 57 183 74
internal_value=0 0.000943396 0.00689655 0 -0.00114407 -0.00360704 0.00446809
internal_weight=666 626 164 107 462 331 131
internal_count=666 626 164 107 462 331 131
is_linear=0
shrinkage=0.03


Tree=151
num_leaves=10
num_cat=0
split_feature=18 66 57 98 26 19 72 4 40
split_gain=8.42454 17.0468 8.03142 11.7237 7.42972 10.8014 8.10024 7.07293 6.02257
threshold=215.50000000000003 45.500000000000007 7598.5000000000009 409.50000000000006 230.50000000000003 7795.5000000000009 87.066707362074695 219.50000000000003 -31.499999999999996
decision_type=8 10 10 10 10 10 10 2 8
left_child=1 2 8 -4 5 -2 7 -6 -1
right_child=4 -3 3 -5 6 -7 -8 -9 -10
leaf_value=-0.18340726757226461 2.8703280060396472 -1.2762431684378241 -2.8300896773482362 0.28927811766747197 0.11077459735130078 -0.61125113676107501 0.56509997551073043 -0.7279363273124263 0.21692830771484409
leaf_weight=40 79 71 47 45 108 43 72 64 112
leaf_count=40 79 71 47 45 108 43 72 64 112
internal_value=0.000217077 -0.00323077 0.000472441 -0.00588235 0.00335106 0.00909091 0 -0.0032967 0.00481481
internal_weight=681 315 244 92 366 122 244 172 152
internal_count=681 315 244 92 366 122 244 172 152
is_linear=0
shrinkage=0.03


Tree=152
num_leaves=6
num_cat=0
split_feature=52 107 14 14 25
split_gain=7.0164 8.60253 7.88987 9.75708 6
threshold=423.72085640909216 -52.10714285714257 -0.97874870457683594 -0.7614016681079937 99.500000000000014
decision_type=10 8 2 2 10
left_child=1 4 -3 -4 -1
right_child=-2 2 3 -5 -6
leaf_value=-3.7724225815125267 0.87025285937716845 -0.63255079558765526 0.53300193471256074 -0.0036331206335623988 0.14934912104015041
leaf_weight=50 40 40 75 458 40
leaf_count=50 40 40 75 458 40
internal_value=0 -0.000846954 0.000463122 0.00160221 -0.009
internal_weight=703 663 573 533 90
internal_count=703 663 573 533 90
is_linear=0
shrinkage=0.03


Tree=153
num_leaves=11
num_cat=0
split_feature=92 95 95 67 3 71 3 96 20 83
split_gain=8.49173 11.7968 21.6061 13.9627 8.86525 7.79017 7.61745 7.15837 4.84216 2.78396
threshold=94.336560742319833 113.35714285714288 82.500000000000014 -36.18333333333333 10.500000000000002 89.285714285714292 21.500000000000004 80.99946256706319 188.50000000000003 7.7857142857142865
decision_type=10 8 10 8 2 10 2 10 10 10
left_child=1 2 9 4 -3 -2 8 -5 -7 -1
right_child=5 3 -4 7 -6 6 -8 -9 -10 -11
leaf_value=0.0043729721148898903 -1.2504025670656829 -0.61431045192806344 -0.89494760807314611 0.18627924070441562 0.2282120720053018 0.10916697968434619 1.3576191728614901 4.095749525360759 -1.192134257615147 0.19590957818210161
leaf_weight=42 56 67 77 44 137 47 49 62 56 42
leaf_count=42 56 67 77 44 137 47 49 62 56 42
internal_value=0 0.00218295 -0.00403509 0.005625 0.000560748 -0.00495413 -0.000740741 0.0139655 -0.00557522 0.00574468
internal_weight=679 471 161 310 204 208 152 106 103 84
internal_count=679 471 161 310 204 208 152 106 103 84
is_linear=0
shrinkage=0.03


Tree=154
num_leaves=9
num_cat=0
split_feature=22 80 3 72 120 4 56 114
split_gain=8.12118 11.0292 10.4166 9.27979 6.33233 6.26235 12.3129 6.59608
threshold=-1.8598977224916045 67.847086952969264 21.500000000000004 78.043399080989346 -0.024770220478660895 65.500000000000014 756.97869957272928 0.74599539484614186
decision_type=8 10 2 10 10 2 8 10
left_child=-1 5 4 -4 -3 6 -2 -7
right_child=1 2 3 -5 -6 7 -8 -9
leaf_value=-1.7700388169808974 -1.0618252102854959 0.1686611259536599 -0.44594446453051373 3.2576506141459225 -0.78635615587307106 0.37254116215881222 0.6668641316084446 0.0086765883204483873
leaf_weight=54 40 57 43 41 144 170 41 75
leaf_count=54 40 57 43 41 144 170 41 75
internal_value=0.000666667 0.00178744 -0.00233898 0.00574468 -0.00611374 0.00553571 -0.000989011 0.00788235
internal_weight=665 611 285 84 201 326 81 245
internal_count=665 611 285 84 201 326 81 245
is_linear=0
shrinkage=0.03


Tree=155
num_leaves=6
num_cat=0
split_feature=52 39 70 99 118
split_gain=9.80945 10.8812 8.63145 11.2531 11.0355
threshold=423.72085640909216 10710.500000000002 12.000000000000002 190.67857142857147 433.50000000000006
decision_type=8 10 10 10 10
left_child=1 2 4 -4 -1
right_child=-2 -3 3 -5 -6
leaf_value=0.38200333240737194 1.8235595071911643 -3.5789673244974507 0.0084162906708351668 -4.4653984058709879 -0.10569869866225418
leaf_weight=121 50 42 383 47 49
leaf_count=121 50 42 383 47 49
internal_value=0.00034188 -0.000644172 0.000393443 -0.00177273 0.006
internal_weight=692 642 600 430 170
internal_count=692 642 600 430 170
is_linear=0
shrinkage=0.03


Tree=156
num_leaves=11
num_cat=0
split_feature=103 99 58 122 31 108 46 64 72 20
split_gain=8.33722 9.33326 8.58963 9.11491 8.97774 8.27963 6.56172 5.2689 3.37453 0.329767
threshold=175.95000000000002 229.03571428571431 8071.5000000000009 6198.5000000000009 6075.0000000000009 -14.779120879121242 -0.36217642528361121 68.570321050526289 59.185192768945953 175.50000000000003
decision_type=8 10 8 2 10 8 10 10 10 10
left_child=2 6 3 4 -1 -5 8 -4 -2 -8
right_child=1 -3 7 5 -6 -7 9 -9 -10 -11
leaf_value=-0.001517687762277049 -0.61427143582941102 0.46006435165634396 6.0669504241647987 -0.99174351197655763 1.7362010405694253 0.016592559868391633 -2.6594058257572821 0.1041623251519735 0.39391621361496287 -1.3318507780463282
leaf_weight=81 60 61 40 47 56 140 46 45 53 41
leaf_count=81 60 61 40 47 56 140 46 45 53 41
internal_value=0.000352941 -0.00365314 0.00307876 0.000538922 0.00632653 -0.00350254 -0.00685714 0.0110526 -0.00121951 -0.0126804
internal_weight=670 261 409 324 137 187 200 85 113 87
internal_count=670 261 409 324 137 187 200 85 113 87
is_linear=0
shrinkage=0.03


Tree=157
num_leaves=10
num_cat=0
split_feature=43 75 108 64 108 63 56 68 68
split_gain=10.3999 12.9949 13.1216 10.9379 11.93 7.28809 6.60472 5.43683 4.51644
threshold=7810.5000000000009 55.642857142857146 32.151648351648333 44.169136961823931 25.101098901098766 -12.285714285714283 158.90269584753045 103.71725074736152 62.508013328623207
decision_type=8 8 8 10 10 10 10 10 10
left_child=3 -2 7 5 8 -1 -7 -3 -5
right_child=1 2 -4 4 -6 6 -8 -9 -10
leaf_value=1.1144808338730796 -1.4176479683583332 2.3548778898397522 -0.072406215146797875 -1.9049293563108338 0.16250677041621595 0.019990672012061807 -0.65505354692870765 0.19593598933254924 -0.4508532546938232
leaf_weight=41 56 113 63 88 66 113 45 43 46
leaf_count=41 56 113 63 88 66 113 45 43 46
internal_value=0.000701754 0.00515789 0.00851528 -0.00227384 -0.00714286 0.00244019 -0.000357143 0.013012 -0.0120833
internal_weight=674 275 219 399 200 199 158 156 134
internal_count=674 275 219 399 200 199 158 156 134
is_linear=0
shrinkage=0.03


Tree=158
num_leaves=9
num_cat=0
split_feature=70 70 64 54 70 4 23 61
split_gain=6.5959 14.1775 9.81304 8.35849 7.65214 12.042 10.2079 7.47473
threshold=115.50000000000001 86.500000000000014 54.363149140248879 6536.0000000000009 12.000000000000002 195.50000000000003 10710.500000000002 -22.999999999999996
decision_type=10 10 10 10 10 2 10 10
left_child=1 4 7 -3 6 -6 -1 -2
right_child=2 3 -4 -5 5 -7 -8 -9
leaf_value=0.30743972651434831 -1.5579160296125507 0.024310128694874145 0.27192035425160854 3.7662630112481068 -0.67696754204610554 0.66506913138255086 -1.17297539099866 -0.035083255586709786
leaf_weight=182 59 42 52 54 127 50 53 54
leaf_count=182 59 42 52 54 127 50 53 54
internal_value=0.000307467 0.00208494 -0.00462857 0.0118868 -0.00028436 -0.00497326 0.00306122 -0.0095122
internal_weight=673 508 165 96 412 177 235 113
internal_count=673 508 165 96 412 177 235 113
is_linear=0
shrinkage=0.03


Tree=159
num_leaves=5
num_cat=0
split_feature=22 119 79 86
split_gain=7.37002 6.96332 5.77621 10.5134
threshold=-1.6337575873829 -0.057589862756168612 118.83333333333336 221.00000000000003
decision_type=8 10 10 10
left_child=-1 -2 3 -3
right_child=1 2 -4 -5
leaf_value=-1.5318147311882169 0.51988560178027454 -0.047265800580677531 -0.95239940318346206 0.32830264523212832
leaf_weight=50 59 305 68 185
leaf_count=50 59 305 68 185
internal_value=0 0.00100478 0 0.00108
internal_weight=667 617 558 490
internal_count=667 617 558 490
is_linear=0
shrinkage=0.03


Tree=160
num_leaves=8
num_cat=0
split_feature=55 43 43 14 3 52 120
split_gain=6.59473 11.9438 11.7867 16.4692 8.91475 8.38755 7.14514
threshold=10828.900000000003 7815.0000000000009 6227.5000000000009 -0.42179730054635828 10.500000000000002 98.258290429295329 0.041813521276459771
decision_type=10 10 10 2 2 10 10
left_child=1 2 3 -1 -3 -4 -6
right_child=-2 4 5 -5 6 -7 -8
leaf_value=2.2239767442830485 -7.2658666949284898 -0.051813649472634608 0.10780571321148168 -0.024400250858150015 1.9591777152887593 -1.0313805563808456 0.0067514023067977644
leaf_weight=46 41 71 42 166 104 158 40
leaf_count=46 41 71 42 166 104 158 40
internal_value=0.000265487 0.00117739 -0.00170616 0.00297297 0.0068 -0.00685714 0.0109091
internal_weight=668 627 412 212 215 200 144
internal_count=668 627 412 212 215 200 144
is_linear=0
shrinkage=0.03


Tree=161
num_leaves=10
num_cat=0
split_feature=109 16 92 71 96 75 120 99 80
split_gain=7.86679 8.53236 7.46515 7.66362 6.58539 5.21951 5.71789 4.49989 4.26563
threshold=24.987319243604102 -15.499999999999998 89.506962799283883 95.357142857142875 77.561297495197792 95.250000000000014 -0.12996336271486855 200.25000000000003 83.625817002805363
decision_type=8 10 10 10 10 10 10 10 8
left_child=1 5 4 -4 -3 6 -1 8 -2
right_child=7 2 3 -5 -6 -7 -8 -9 -10
leaf_value=-0.043719779635173379 3.1036204941509626 -0.0027822567999590572 -0.7210529358718395 0.091189991439390772 0.59709432594793421 0.13836660254847738 -0.76710635343652267 -0.059895302086346476 0.029525106670706222
leaf_weight=45 63 111 63 81 88 40 92 51 42
leaf_count=45 63 111 63 81 88 40 92 51 42
internal_value=0 -0.00169811 0.000934844 -0.0038961 0.00473684 -0.0068984 -0.00959184 0.00578313 0.00913043
internal_weight=676 520 343 144 199 177 137 156 105
internal_count=676 520 343 144 199 177 137 156 105
is_linear=0
shrinkage=0.03


Tree=162
num_leaves=10
num_cat=0
split_feature=95 112 112 67 91 56 66 65 44
split_gain=7.79653 9.12298 11.1732 10.7279 13.1808 8.77419 7.92472 9.64109 7.44232
threshold=113.35714285714288 8118.3410848475123 8675.1906585535089 -10.916666666666666 102.01666666666669 127.79917312455022 8.5000000000000018 -25.499999999999996 187.50000000000003
decision_type=10 8 8 10 10 10 8 8 10
left_child=6 3 -3 4 -2 -5 -1 -8 -4
right_child=1 2 8 5 -6 -7 7 -9 -10
leaf_value=0.088413276085756998 -0.0066100835601137931 -1.5043572577812785 0.15512011093602693 1.0158044560482113 4.8846709388049012 -0.59336925719457312 -1.7880115982820577 -0.020365850562736831 -1.6501863543129234
leaf_weight=56 50 45 142 41 75 83 58 70 46
leaf_count=56 50 45 142 41 75 83 58 70 46
internal_value=0.00035503 0.00243902 -0.00160494 0.00637066 0.0122222 0 -0.00463918 -0.00869565 0.00151515
internal_weight=666 482 233 249 125 124 184 128 188
internal_count=666 482 233 249 125 124 184 128 188
is_linear=0
shrinkage=0.03


Tree=163
num_leaves=11
num_cat=0
split_feature=74 34 18 118 18 116 16 14 34 61
split_gain=8.23066 15.0472 8.47409 12.4229 8.27924 7.0087 7.72979 5.12447 3.13576 2.1825
threshold=161.50000000000003 187.50000000000003 213.50000000000003 51.000000000000007 271.50000000000006 -1.0000000180025095e-35 -15.499999999999998 0.21652257995689161 260.50000000000006 -210.99999999999997
decision_type=8 10 8 10 10 10 10 2 10 10
left_child=1 5 -2 8 -5 6 -1 -7 -4 -3
right_child=2 9 3 4 -6 7 -8 -9 -10 -11
leaf_value=-0.20690507706538638 -0.25258656555953907 -0.46507057190988177 3.1150380830331112 1.2802231355050542 -0.18092011907676747 -0.14085876221233129 0.31049765515015765 0.040369049491371524 0.12510265501781312 -1.0431044615019947
leaf_weight=59 57 41 51 63 146 41 73 41 53 66
leaf_count=59 57 41 51 63 146 41 73 41 53 66
internal_value=0.000556348 -0.00280967 0.00363158 0.00566563 0.000958904 0.00160714 0.00591549 -0.00456522 0.0136842 -0.0115385
internal_weight=691 321 370 313 209 214 132 82 104 107
internal_count=691 321 370 313 209 214 132 82 104 107
is_linear=0
shrinkage=0.03


Tree=164
num_leaves=11
num_cat=0
split_feature=90 13 50 66 13 109 59 109 122 26
split_gain=8.42285 10.1034 8.66841 13.3608 13.5874 8.37787 6.9419 4.44663 2.77643 1.10117
threshold=223.00000000000003 -0.2270106897347694 10252.000000000002 38.500000000000007 0.30983042691905771 -14.982424916573974 -36.142857142857132 3.9696329254727698 6217.5000000000009 254.50000000000003
decision_type=8 2 10 10 2 8 8 10 2 10
left_child=2 7 3 4 -1 -3 -7 -2 -5 -9
right_child=1 5 -4 8 -6 6 -8 9 -10 -11
leaf_value=3.4088234468007479 0.033257648366660036 0.72928758362677848 -5.5430077099015174 -0.38166904544177566 -0.010503478915907607 -1.7000295312968621 0.023802396680299438 0.4853880271693633 -0.83686275166022939 2.6797453192377949
leaf_weight=56 46 57 41 40 145 51 119 42 46 47
leaf_count=56 46 57 41 40 145 51 119 42 46 47
internal_value=0.0012 0.00435484 -0.00213018 0 0.00412322 0.000126582 -0.003 0.0105517 -0.009375 0.0142424
internal_weight=690 362 328 287 201 227 170 135 86 89
internal_count=690 362 328 287 201 227 170 135 86 89
is_linear=0
shrinkage=0.03


Tree=165
num_leaves=12
num_cat=0
split_feature=16 108 48 52 56 56 95 48 56 43 48
split_gain=6.93387 7.82465 7.30809 6.11995 8.03763 8.80884 5.46662 4.85692 4.38222 3.81902 3.52153
threshold=-6.4999999999999991 3.5824175824174227 172.14405000948466 216.59425697810818 231.98567169990426 158.90269584753045 165.42857142857147 80.946637483877524 560.58041215451078 7545.0000000000009 135.13132950929841
decision_type=10 8 10 10 8 10 10 10 10 8 10
left_child=1 2 6 4 5 -2 -1 -3 -5 -6 -9
right_child=3 7 -4 8 9 -7 -8 10 -10 -11 -12
leaf_value=-0.34918689554292981 0.11543563099148264 -0.69078402158040741 0.10542708960963565 -1.4081814401195487 0.066818222068868824 -0.91871174144616041 -4.367246508416688 0.71087500851898877 0.050241812385153323 2.5508539865892961 -0.049067942753451381
leaf_weight=63 139 40 50 40 56 66 41 45 40 50 40
leaf_count=63 139 40 50 40 56 66 41 45 40 50 40
internal_value=-0.000441176 -0.00404844 -0.00841463 0.00201995 0.00401869 0.000139535 -0.0126316 0.00111111 -0.00466667 0.0103448 0.00536842
internal_weight=670 279 154 391 311 205 104 125 80 106 85
internal_count=670 279 154 391 311 205 104 125 80 106 85
is_linear=0
shrinkage=0.03


Tree=166
num_leaves=6
num_cat=0
split_feature=27 70 100 95 34
split_gain=8.31895 11.6939 8.55688 6.60494 5.10714
threshold=10364.500000000002 1.0000000180025095e-35 132.63463012657073 117.57142857142858 119.00000000000001
decision_type=10 8 10 10 10
left_child=1 4 3 -3 -1
right_child=-2 2 -4 -5 -6
leaf_value=0.18954434614858315 -1.4173199213117436 -0.043363415225486431 -1.483270931102715 0.19562158020165379 2.7530269596577162
leaf_weight=40 65 214 67 260 62
leaf_count=40 65 214 67 260 62
internal_value=0.000167131 0.00133231 -0.000381125 0.000991736 0.0101786
internal_weight=708 643 541 474 102
internal_count=708 643 541 474 102
is_linear=0
shrinkage=0.03


Tree=167
num_leaves=5
num_cat=0
split_feature=14 4 38 78
split_gain=6.08405 7.97306 8.4019 6.3934
threshold=0.96633974041180493 323.50000000000006 1.8204679111407553 205.50000000000003
decision_type=2 2 8 10
left_child=1 2 3 -1
right_child=-2 -3 -4 -5
leaf_value=-0.062796496566393481 -1.0880609003313784 0.99572686093686236 0.94551186971038359 0.24179237965396161
leaf_weight=359 49 52 40 170
leaf_count=359 49 52 40 170
internal_value=0.000441176 0.00137876 0.00015544 -0.000834879
internal_weight=670 621 569 529
internal_count=670 621 569 529
is_linear=0
shrinkage=0.03


Tree=168
num_leaves=8
num_cat=0
split_feature=60 96 67 80 67 18 23
split_gain=9.00617 9.53003 6.45835 6.05921 9.42731 4.06529 2.76227
threshold=36.905592526399879 74.918450314996662 14.266666666666667 48.261744623298718 -121.31666666666665 207.50000000000003 2331.0000000000005
decision_type=8 8 8 8 8 10 10
left_child=2 -2 5 -3 -5 6 -1
right_child=1 3 -4 4 -6 -7 -8
leaf_value=0.11065289130386137 -0.98801531476216575 1.9353161040725817 -0.061694763737505834 -3.7556379822144637 0.014952986587157468 1.6607204432670788 -0.051968386176235871
leaf_weight=42 42 40 54 41 371 55 40
leaf_count=42 42 40 54 41 371 55 40
internal_value=0.000388489 -0.00166667 0.0058209 -0.00012987 -0.0014218 0.00918367 0.00326087
internal_weight=685 494 191 452 412 137 82
internal_count=685 494 191 452 412 137 82
is_linear=0
shrinkage=0.03


Tree=169
num_leaves=10
num_cat=0
split_feature=3 46 95 38 4 22 4 24 96
split_gain=11.1064 8.8418 8.83281 8.08808 7.78195 7.5829 8.97469 5.02998 4.99383
threshold=10.500000000000002 -0.46713703283099978 114.28571428571429 -0.41935630780775551 159.50000000000003 1.3637396588606412 115.50000000000001 -37.499999999999993 112.5830560030672
decision_type=2 8 10 10 2 10 2 10 10
left_child=3 2 -2 8 -5 6 -3 -4 -1
right_child=1 5 7 4 -6 -7 -8 -9 -10
leaf_value=-1.3351898570342087 -0.033317126196301526 0.20532451881362571 0.081698838564193466 -0.30928358087505697 0.30014885143651449 1.709521782297986 -0.4410274370752546 1.9491905262367355 -0.16232143715897734
leaf_weight=41 59 93 45 73 55 44 143 73 48
leaf_count=41 59 93 45 73 55 44 143 73 48
internal_value=-0.000438596 0.00211991 0.00721925 -0.00594714 -0.000434783 -0.00103448 -0.00341463 0.0117188 -0.0124242
internal_weight=674 457 177 217 128 280 236 118 89
internal_count=674 457 177 217 128 280 236 118 89
is_linear=0
shrinkage=0.03


Tree=170
num_leaves=7
num_cat=0
split_feature=22 60 34 80 63 63
split_gain=8.45185 6.02211 9.98161 7.83969 7.70523 7.83616
threshold=1.5147426049103909 38.808033476034865 74.000000000000014 66.708321649098281 -12.678571428571427 -2.8571428571428568
decision_type=8 10 8 10 10 10
left_child=1 4 -3 -4 -1 -6
right_child=-2 2 3 -5 5 -7
leaf_value=0.79942331849754977 1.0774201116284652 -0.90984317522599412 0.16461565124121569 -0.15671542758971951 -0.096868960112663841 0.10077091496022092
leaf_weight=46 67 48 138 241 41 108
leaf_count=46 67 48 138 241 41 108
internal_value=0.000300429 -0.000759494 -0.00281465 -0.000848329 0.00336585 0
internal_weight=689 622 427 379 195 149
internal_count=689 622 427 379 195 149
is_linear=0
shrinkage=0.03


Tree=171
num_leaves=10
num_cat=0
split_feature=42 74 67 110 78 4 119 65 86
split_gain=7.84911 11.0995 12.6897 12.9085 9.77414 8.63063 6.71733 8.50645 4.5036
threshold=203.50000000000003 161.50000000000003 7.8833333333333337 8076.5149701823957 157.00000000000003 42.500000000000007 0.029568032629045952 -30.499999999999996 276.00000000000006
decision_type=10 10 10 10 10 2 10 10 10
left_child=5 4 3 -3 -2 -1 7 -7 -4
right_child=1 2 8 -5 -6 6 -8 -9 -10
leaf_value=-0.44421760586371617 -0.0081400791742044024 3.5949743121380497 -0.49459105634408101 -0.071896027122268294 -1.4261417107044732 0.61170040449625473 -0.072630048276120782 -0.017907301937795984 0.040785538529379599
leaf_weight=66 73 58 71 70 70 115 44 48 58
leaf_count=66 73 58 71 70 70 115 44 48 58
internal_value=-4.39239e-05 -0.00278049 0.000786517 0.0073913 -0.00921569 0.00371025 0.00677419 0.00953757 -0.00539568
internal_weight=673 400 257 128 143 273 207 163 129
internal_count=673 400 257 128 143 273 207 163 129
is_linear=0
shrinkage=0.03


Tree=172
num_leaves=8
num_cat=0
split_feature=51 43 41 68 114 70 120
split_gain=9.06323 11.1301 10.5734 10.0863 9.02209 7.00655 6.05294
threshold=10558.964285714288 7815.0000000000009 139.00000000000003 50.5454350676251 0.74599539484614186 90.000000000000014 0.045651479089604437
decision_type=8 8 10 10 10 10 10
left_child=1 3 6 4 -1 -5 -3
right_child=-2 2 -4 5 -6 -7 -8
leaf_value=0.26223683476800075 -1.5423353390703085 1.2616567477436753 -0.63478412371472359 -1.6803033715751468 -0.033620907902834223 -0.0028498986188112952 0.0025562316712534994
leaf_weight=89 71 118 49 99 154 66 42
leaf_count=89 71 118 49 99 154 66 42
internal_value=-0.000515759 0.00062201 0.00616438 -0.00215311 0.0015415 -0.00771429 0.00988235
internal_weight=688 617 209 408 243 165 160
internal_count=688 617 209 408 243 165 160
is_linear=0
shrinkage=0.03


Tree=173
num_leaves=9
num_cat=0
split_feature=39 46 71 108 103 108 50 118
split_gain=8.88717 11.8415 11.2108 8.22616 8.01469 7.63837 6.37714 6.17094
threshold=8128.5000000000009 -1.0696258519138355 87.071428571428584 18.087912087912063 172.85000000000002 30.020879120878952 10687.000000000002 90.500000000000014
decision_type=8 10 10 10 10 10 10 10
left_child=4 -2 6 -4 5 7 -3 -1
right_child=1 2 3 -5 -6 -7 -8 -9
leaf_value=-0.0053285671574428758 1.3570795528461934 -0.010141219900546474 4.3078928344413026 -0.037674032841785846 -4.27729496466924 0.65057558985707242 -4.6863701467036618 -0.59441962590810371
leaf_weight=247 57 62 41 52 43 70 40 71
leaf_count=247 57 62 41 52 43 70 40 71
internal_value=-0.00038961 0.00389313 0 0.00728155 -0.00306122 -0.00135678 -0.00642857 -0.00347561
internal_weight=683 252 195 93 431 388 102 318
internal_count=683 252 195 93 431 388 102 318
is_linear=0
shrinkage=0.03


Tree=174
num_leaves=11
num_cat=0
split_feature=13 112 58 109 74 52 14 122 70 4
split_gain=8.539 10.3279 12.4162 9.64904 9.31881 8.27672 7.44649 7.26715 5.58513 4.81961
threshold=-0.2102246306142678 8194.0380567221564 7978.5000000000009 9.1171301446051078 18.500000000000004 210.47067542245074 0.50370931781787065 6210.5000000000009 120.50000000000001 296.50000000000006
decision_type=2 10 8 10 10 10 2 2 8 2
left_child=3 2 4 7 -2 -5 -3 -1 -4 -9
right_child=1 6 8 5 -6 -7 -8 9 -10 -11
leaf_value=1.1642391288135001 0.030702786715020823 -4.1626280308498309 0.86973257573787321 2.4876529105929062 -0.92477297624360855 0.066113517566160171 -0.11546637180994367 -0.58777762795755506 -0.099439158044035025 0.036675009039806451
leaf_weight=41 56 56 95 59 96 59 61 54 63 41
leaf_count=41 56 56 95 59 96 59 61 54 63 41
internal_value=-0.000303907 -0.00295195 0 0.00386364 -0.00592593 0.00984375 -0.0101575 -0.00123288 0.00571429 -0.006
internal_weight=681 427 310 254 152 118 117 136 158 95
internal_count=681 427 310 254 152 118 117 136 158 95
is_linear=0
shrinkage=0.03


Tree=175
num_leaves=8
num_cat=0
split_feature=35 74 57 39 112 112 67
split_gain=7.67988 17.0636 14.1986 8.47465 13.4087 10.9678 1.05591
threshold=5883.0000000000009 19.500000000000004 6027.5000000000009 8282.0000000000018 8184.8152843370854 10627.822911813226 14.083333333333334
decision_type=8 10 10 10 10 10 8
left_child=1 -1 6 4 -4 -5 -2
right_child=2 -3 3 5 -6 -7 -8
leaf_value=0.02978170311357033 3.0209295869878394 -1.1566567682836422 -0.0109846292236152 0.19808615328454549 -2.6315206819813679 -0.9950362586359347 0.53186664648280824
leaf_weight=60 41 47 227 163 42 51 40
leaf_count=60 41 47 227 163 42 51 40
internal_value=0.000484581 -0.00641026 0.00198606 0 -0.00354839 0.00428571 0.0128571
internal_weight=671 107 564 483 269 214 81
internal_count=671 107 564 483 269 214 81
is_linear=0
shrinkage=0.03


Tree=176
num_leaves=10
num_cat=0
split_feature=90 66 90 15 34 95 52 24 26
split_gain=6.8636 14.1416 11.7366 10.7335 7.17143 5.9883 4.4896 4.99244 3.30707
threshold=223.00000000000003 38.500000000000007 246.00000000000003 8195.5000000000018 100.00000000000001 115.78571428571429 217.77274641366697 -10.499999999999998 213.50000000000003
decision_type=8 10 8 10 10 10 10 8 10
left_child=1 3 5 4 -1 -2 7 -4 -7
right_child=2 -3 6 -5 -6 8 -8 -9 -10
leaf_value=0.0023545148041246833 0.0059631482071840474 -0.77969608183024741 0.55455028629112513 -1.3113533198594778 2.9120555733331996 0.075139021071136333 -0.55326876051765383 -0.093246914878807277 3.2619682234329042
leaf_weight=104 48 80 41 72 46 41 54 109 63
leaf_count=104 48 80 41 72 46 41 54 109 63
internal_value=0 -0.00326923 0.00278689 0.000517241 0.00525 0.00888889 -0.00168224 0.00075 0.0126316
internal_weight=658 302 356 222 150 152 204 150 104
internal_count=658 302 356 222 150 152 204 150 104
is_linear=0
shrinkage=0.03


Tree=177
num_leaves=9
num_cat=0
split_feature=95 57 95 37 91 100 65 96
split_gain=7.50502 8.76858 6.71923 11.7738 8.06984 6.61799 11.871 1.60548
threshold=116.92857142857144 6049.0000000000009 82.500000000000014 10.000000000000002 124.08333333333336 103.80280061177459 -88.999999999999986 75.384053438021922
decision_type=8 8 10 8 10 8 8 10
left_child=2 -2 3 -1 7 -3 -7 -4
right_child=1 5 4 -5 -6 6 -8 -9
leaf_value=-0.040710252790799581 2.126225801144102 -0.58106780862471774 -2.854426089114535 0.17518246442534632 0.039492717177807855 0.0015189074806328052 2.9001400491133569 -0.58085239273787848
leaf_weight=48 61 42 41 41 40 334 43 43
leaf_count=48 61 42 41 41 40 334 43 43
internal_value=0.00029872 0.00244898 -0.0041704 0.00151515 -0.00850746 0.000629371 0.00209302 -0.0134043
internal_weight=693 480 213 89 124 419 377 84
internal_count=693 480 213 89 124 419 377 84
is_linear=0
shrinkage=0.03


Tree=178
num_leaves=9
num_cat=0
split_feature=58 51 53 64 61 44 86 99
split_gain=8.19697 13.7647 11.7201 14.505 11.6622 7.37681 11.4238 9.04567
threshold=7978.5000000000009 10628.392857142861 6406.5000000000009 49.132072056562244 -34.999999999999993 200.50000000000003 179.50000000000003 164.10714285714289
decision_type=8 10 10 10 10 8 10 10
left_child=2 5 3 4 -1 6 -2 -7
right_child=1 -3 -4 -5 -6 7 -8 -9
leaf_value=1.5644657668791697 3.2022107156691928 -3.0294250530126234 -1.3512099198651768 -1.0289152265434642 -0.017137005519585812 0.93881231229008155 0.1733226120982945 -1.5013131733033953
leaf_weight=55 45 60 50 50 128 64 183 48
leaf_count=55 45 60 50 50 128 64 183 48
internal_value=0.000562771 0.00336585 -0.00317406 0 0.00388601 0.00582857 0.00882353 0
internal_weight=683 400 283 233 183 340 228 112
internal_count=683 400 283 233 183 340 228 112
is_linear=0
shrinkage=0.03


Tree=179
num_leaves=9
num_cat=0
split_feature=109 13 18 118 108 122 48 50
split_gain=7.86666 10.0923 8.43044 25.2915 8.72959 8.4691 4.49482 0.55395
threshold=23.636484983314862 -0.2270106897347694 253.50000000000003 119.00000000000001 -91.549450549450611 6140.5000000000009 109.36915491313712 10252.000000000002
decision_type=8 2 10 10 10 2 8 10
left_child=2 7 4 -4 -1 -6 -3 -2
right_child=1 6 3 -5 5 -7 -8 -9
leaf_value=0.41399681214131523 4.0156260918624147 -1.312759881102042 1.0012665667794334 -0.28544758911904389 0.0054587686701873389 -0.5525991239256548 0.32972194218051848 0.27442361454096953
leaf_weight=42 40 41 84 76 112 189 40 41
leaf_count=42 40 41 84 76 112 189 40 41
internal_value=0.000311111 0.00593023 -0.00146199 0.00388235 -0.00416431 -0.00607717 -0.000989011 0.0128571
internal_weight=665 162 503 160 343 301 81 81
internal_count=665 162 503 160 343 301 81 81
is_linear=0
shrinkage=0.03


Tree=180
num_leaves=11
num_cat=0
split_feature=18 107 30 90 94 76 95 76 79 95
split_gain=8.73534 9.21539 8.02763 8.01469 11.7883 11.5861 10.3974 5.28285 4.33647 3.69379
threshold=183.50000000000003 4.1607142857143131 -1.5445964656756515 223.00000000000003 324.00000000000006 67.072624560841021 198.00000000000003 81.383101264010634 53.333333333333343 163.14285714285717
decision_type=10 8 10 10 10 10 10 10 8 10
left_child=1 2 -1 5 6 9 -5 -6 -4 -2
right_child=3 -3 8 4 7 -7 -8 -9 -10 -11
leaf_value=0.055861374987550005 0.22688488652940877 0.098680073204253052 -0.0094015702282140966 1.1718596493534954 -0.73658453775383714 -1.1577573366889158 0.010791580298228354 0.18464302057542809 -2.5451081766915533 -0.35728839408339408
leaf_weight=52 76 65 49 119 44 43 60 66 73 40
leaf_count=52 76 65 49 119 44 43 60 66 73 40
internal_value=0.000215208 -0.00421687 -0.00782609 0.00275109 0.00571906 -0.00230769 0.0103175 -0.0015 -0.0118182 0.00238095
internal_weight=687 239 174 448 289 159 179 110 122 116
internal_count=687 239 174 448 289 159 179 110 122 116
is_linear=0
shrinkage=0.03


Tree=181
num_leaves=7
num_cat=0
split_feature=22 24 49 122 4 120
split_gain=8.8032 5.9827 8.56937 10.5405 10.3029 5.15966
threshold=1.5147426049103909 6.5000000000000009 8150.0000000000009 6972.5000000000009 295.50000000000006 0.010071373798277163
decision_type=8 8 10 2 2 8
left_child=1 2 3 -1 -4 -3
right_child=-2 5 4 -5 -6 -7
leaf_value=-0.025060454583129256 0.91533555222701302 -0.0052481733402397167 -1.1420986440000001 0.65370667521724957 0.11139420272366521 -0.77698016952682569
leaf_weight=205 67 51 118 127 45 58
leaf_count=205 67 51 118 127 45 58
internal_value=-0.000484581 -0.00175896 -0.000178218 0.00245614 -0.00572254 -0.00781513
internal_weight=671 604 495 332 163 109
internal_count=671 604 495 332 163 109
is_linear=0
shrinkage=0.03


Tree=182
num_leaves=7
num_cat=0
split_feature=98 99 106 19 54 11
split_gain=8.42064 11.0482 10.302 8.96408 7.87784 3.13603
threshold=434.50000000000006 201.39285714285717 299.50000000000006 5964.0000000000009 9168.5000000000018 -0.6830127018922193
decision_type=8 10 8 8 8 2
left_child=1 2 3 -1 -4 -3
right_child=-2 5 4 -5 -6 -7
leaf_value=0.049051022256555075 1.7865596711114942 -0.70781320857659913 0.49921389429250396 -0.31972624800941801 -0.60607400101168307 -5.4655375566120012
leaf_weight=130 58 41 236 134 51 40
leaf_count=130 58 41 236 134 51 40
internal_value=0.000514286 -0.00046729 0.00101604 -0.00306569 0.00494949 -0.0102198
internal_weight=690 632 551 264 287 81
internal_count=690 632 551 264 287 81
is_linear=0
shrinkage=0.03


Tree=183
num_leaves=9
num_cat=0
split_feature=95 53 65 56 18 79 37 106
split_gain=10.1846 10.3589 8.1647 6.91424 10.5509 6.92315 6.74916 2.87457
threshold=119.28571428571429 6437.5000000000009 -25.499999999999996 237.55683162368555 236.00000000000003 111.55000000000003 5.5000000000000009 216.00000000000003
decision_type=8 8 8 8 10 10 10 10
left_child=2 -2 7 4 -3 -5 -4 -1
right_child=1 3 6 5 -6 -7 -8 -9
leaf_value=-0.028411061158937229 2.084619280813119 -3.5706743211305398 -0.043766197971417245 0.40739865485510846 0.057474312835567504 -0.75815897835162693 0.26801793230980697 -0.92219717009225233
leaf_weight=56 66 54 40 207 75 67 42 69
leaf_count=56 66 54 40 207 75 67 42 69
internal_value=0 0.00244259 -0.00539171 0.000363196 -0.00496403 0.00316901 0.00130435 -0.01
internal_weight=676 469 207 403 129 274 82 125
internal_count=676 469 207 403 129 274 82 125
is_linear=0
shrinkage=0.03


Tree=184
num_leaves=10
num_cat=0
split_feature=104 68 103 14 72 55 18 56 72
split_gain=9.65298 8.96265 8.07699 10.9503 16.0163 6.33766 5.66261 4.73875 2.7994
threshold=89.090757274004673 34.596677934478791 143.75000000000003 -0.45273527932988084 60.471102763433244 7812.1000000000013 230.50000000000003 91.309186528303272 63.743658035431217
decision_type=8 8 10 2 10 10 10 10 8
left_child=1 7 8 5 -5 -4 -3 -1 -2
right_child=2 6 3 4 -6 -7 -8 -9 -10
leaf_value=-0.04298334344707417 1.386032907855169 -0.89453125498948449 0.015513369379198137 -0.4131719981626662 0.91640279174142658 -1.0940804373054982 -0.010548584129600726 0.55140721044929708 0.094485975511077264
leaf_weight=56 52 65 65 95 132 59 40 40 41
leaf_count=56 52 65 65 95 132 59 40 40 41
internal_value=0.000229008 -0.0049763 0.00277533 0.000415512 0.00443038 -0.00626866 -0.0106957 0.00113208 0.0101942
internal_weight=645 201 444 351 227 124 105 96 93
internal_count=645 201 444 351 227 124 105 96 93
is_linear=0
shrinkage=0.03


Tree=185
num_leaves=12
num_cat=0
split_feature=102 112 102 83 47 64 70 19 96 74 99
split_gain=7.71432 9.73136 8.45379 12.6681 9.29845 8.4098 9.08186 7.14132 9.43095 6.57397 3.28558
threshold=280.00000000000006 8194.0380567221564 399.50000000000006 156.28571428571431 10202.857142857143 68.570321050526289 147.00000000000003 5974.5000000000009 77.561297495197792 19.500000000000004 113.89285714285715
decision_type=8 10 10 10 10 10 10 10 10 10 10
left_child=7 5 3 -3 -4 6 -2 8 9 -1 -9
right_child=1 2 4 -5 -6 -7 -8 10 -10 -11 -12
leaf_value=0.006493766522879767 2.6236914278210732 -3.7007477773923192 1.9145268706903287 0.11468214651802129 -0.28872647150494968 -0.091205964412017795 -0.25519106104575678 -0.046234054742706934 1.7289659434484854 -1.2568591608816075 -0.61719214648670051
leaf_weight=61 92 60 43 40 71 58 41 54 43 49 66
leaf_count=61 92 60 43 40 71 58 41 54 43 49 66
internal_value=-0.00156977 0.000939759 -0.00321429 -0.00927273 0.00193548 0.0058209 0.00986014 -0.00540636 -0.000552147 -0.0055 -0.0106154
internal_weight=678 405 214 100 114 191 133 273 153 110 120
internal_count=678 405 214 100 114 191 133 273 153 110 120
is_linear=0
shrinkage=0.03


Tree=186
num_leaves=8
num_cat=0
split_feature=70 75 75 55 75 96 58
split_gain=7.72627 12.714 11.83 10.7877 8.45259 4.01728 3.37026
threshold=115.50000000000001 95.892857142857153 116.78571428571431 10714.383333333335 87.250000000000014 110.14647016693301 6808.0000000000009
decision_type=10 8 8 10 10 10 10
left_child=1 3 -3 4 -1 6 -2
right_child=5 2 -4 -5 -6 -7 -8
leaf_value=0.058286641851781978 -0.028550349846512543 3.3996127053360317 -1.2704857586535316 -7.7658540621692183 -0.16140211495092061 0.0860569030232574 -1.890769290258123
leaf_weight=293 48 70 40 41 63 58 55
leaf_count=293 48 70 40 41 63 58 55
internal_value=0 0.00191489 0.0105 -0.000515971 0.00114754 -0.0054386 -0.00876106
internal_weight=668 507 110 397 356 161 103
internal_count=668 507 110 397 356 161 103
is_linear=0
shrinkage=0.03


Tree=187
num_leaves=7
num_cat=0
split_feature=22 52 52 13 60 94
split_gain=7.15752 9.21735 8.30366 8.19563 7.44176 4.35649
threshold=1.3467522563247794 423.72085640909216 165.17137610161384 0.89404822654372251 65.91041536168288 236.50000000000003
decision_type=8 8 10 2 10 10
left_child=1 2 4 -4 -1 -2
right_child=5 -3 3 -5 -6 -7
leaf_value=-0.030308107678333442 0.065544833214719059 0.65176355219226467 -0.72496445587576996 0.3967160060530307 1.010769907194867 0.90230061697856512
leaf_weight=264 41 48 160 40 67 42
leaf_count=264 41 48 160 40 67 42
internal_value=0.000267857 -0.000865874 -0.00216266 -0.00685714 0.000615836 0.00806452
internal_weight=662 579 531 200 331 83
internal_count=662 579 531 200 331 83
is_linear=0
shrinkage=0.03


Tree=188
num_leaves=11
num_cat=0
split_feature=46 3 46 51 30 117 33 60 116 67
split_gain=8.21784 7.13436 9.01397 8.02734 7.05557 5.19974 4.7498 3.02409 2.41458 3.13748
threshold=0.33532846321081561 10.500000000000002 -0.45818282402669824 6176.5000000000009 0.44976325481742579 -133.99999999999997 82.500000000000014 62.978239187341032 11.500000000000002 -10.916666666666666
decision_type=10 2 8 10 10 10 8 10 10 10
left_child=1 4 3 -3 7 -2 -4 -1 -7 -10
right_child=5 2 6 -5 -6 8 -8 -9 9 -11
leaf_value=-0.7851150621929639 -0.17900994201754794 -0.047663957886459794 -0.42426300711808868 0.43328445562251716 0.0063103060635074822 0.67932240599442362 0.067730576957494223 -0.11270841572168819 1.5000870109149735 -0.41865545959927819
leaf_weight=74 78 44 75 129 47 40 65 41 61 40
leaf_count=74 78 44 75 129 47 40 65 41 61 40
internal_value=8.52273e-05 -0.00204124 0.000464396 0.00508197 -0.00697674 0.00484716 -0.0048 -0.0108 0.0081457 0.00405405
internal_weight=694 475 313 173 162 219 140 115 141 101
internal_count=694 475 313 173 162 219 140 115 141 101
is_linear=0
shrinkage=0.03


Tree=189
num_leaves=11
num_cat=0
split_feature=60 56 13 119 119 52 48 68 98 72
split_gain=8.90637 9.46636 12.7153 7.64478 6.87701 6.43075 5.04376 2.63515 2.6555 0.557922
threshold=36.905592526399879 237.55683162368555 0.34235194516023087 0.029568032629045952 0.015196585681758081 263.85197800508132 73.797699746553675 43.823706093836286 192.50000000000003 77.028071577934497
decision_type=10 8 2 10 10 8 10 8 10 10
left_child=4 6 3 -3 7 -4 -2 8 -1 -8
right_child=1 2 5 -5 -6 -7 9 -9 -10 -11
leaf_value=-0.051908802996414066 -0.052206418129241566 1.0827973965178619 0.001214781594955216 -0.12870566838464334 0.39311386828658795 -1.48724400564172 -1.539396162384423 0.16935740579235556 0.032484892126718706 -0.36061468503661837
leaf_weight=57 59 121 65 60 45 71 60 41 45 40
leaf_count=57 59 121 65 60 45 71 60 41 45 40
internal_value=-0.000712166 -0.00296296 0 0.00518325 0.00454545 -0.00657534 -0.00869822 0.000588235 -0.00160714 -0.0125455
internal_weight=664 476 317 181 188 136 159 143 102 100
internal_count=664 476 317 181 188 136 159 143 102 100
is_linear=0
shrinkage=0.03


Tree=190
num_leaves=10
num_cat=0
split_feature=15 51 122 42 67 69 13 39 13
split_gain=6.27716 9.93289 9.39874 7.70633 7.37407 6.92069 5.97833 5.85855 4.93342
threshold=6830.0000000000009 6490.3214285714294 7833.5000000000009 243.50000000000003 -26.383333333333329 -36.499999999999993 0.55656748448714433 8842.5000000000018 -0.074117382312902977
decision_type=8 8 2 8 10 10 2 10 2
left_child=1 4 6 8 -1 -6 -2 -5 -4
right_child=2 -3 3 7 5 -7 -8 -9 -10
leaf_value=-0.7662654230796877 0.010823084526325032 -1.2446222579759163 0.79959524914075575 -2.3064037056045459 0.24004153069343781 -0.025459188760202523 2.8702190797218812 0.19243725662195288 -0.025080304190981745
leaf_weight=55 56 58 77 65 99 69 57 40 106
leaf_count=55 56 58 77 65 99 69 57 40 106
internal_value=8.67052e-05 -0.00319588 0.00255474 -0.000201342 0 0.00303371 0.0095122 -0.00652174 0.00326425
internal_weight=682 281 401 288 223 168 113 105 183
internal_count=682 281 401 288 223 168 113 105 183
is_linear=0
shrinkage=0.03


Tree=191
num_leaves=10
num_cat=0
split_feature=3 13 39 64 46 42 48 71 40
split_gain=4.80341 11.219 13.8926 9.36325 9.0565 6.21838 2.94667 2.06046 1.62745
threshold=11.500000000000002 -0.94705910369513524 8282.0000000000018 48.586788132594315 0.43624295898573312 203.50000000000003 110.76413569082011 83.500000000000014 -4.4999999999999991
decision_type=2 2 10 8 8 10 10 10 10
left_child=4 -2 3 -3 5 8 -7 -4 -1
right_child=1 2 7 -5 -6 6 -8 -9 -10
leaf_value=0.10549415544222399 -0.21350531807311554 0.14992623090201312 0.37554579240337166 -0.45437744786173223 0.14145347015319423 -0.84637538065607509 -0.48542977488132377 3.6342170781237861 -0.041350318328763999
leaf_weight=44 44 137 60 133 73 50 40 47 41
leaf_count=44 44 137 60 133 73 50 40 47 41
internal_value=0.000574374 0.00257541 0.0044186 0.000428571 -0.00255814 -0.00632432 -0.0114 0.0130769 0
internal_weight=669 421 377 270 248 175 90 107 85
internal_count=669 421 377 270 248 175 90 107 85
is_linear=0
shrinkage=0.03


Tree=192
num_leaves=9
num_cat=0
split_feature=3 28 69 38 62 98 12 45
split_gain=7.71006 9.30888 13.1095 6.73771 6.0824 5.93304 4.81542 4.72162
threshold=8.5000000000000018 170.00000000000003 -36.499999999999993 -0.54934277366212581 47.500000000000007 344.50000000000006 1.0000000180025095e-35 216.50000000000003
decision_type=2 8 10 10 10 10 2 10
left_child=3 2 4 -1 -2 7 -5 -3
right_child=1 5 -4 6 -6 -7 -8 -9
leaf_value=-0.74650916083079855 0.72174262358257801 -0.18559610880736557 -0.053570519097754996 0.41265385755188366 0.0060601722471261606 -0.47220092731899665 -0.11563606207167886 1.7496130921025421
leaf_weight=70 207 71 45 48 75 57 58 41
leaf_count=70 207 71 45 48 75 57 58 41
internal_value=0.00123167 0.00320158 0.00614243 -0.00387097 0.00863014 -0.00217877 0.000517241 0.00147541
internal_weight=672 496 327 176 282 169 106 112
internal_count=672 496 327 176 282 169 106 112
is_linear=0
shrinkage=0.03


Tree=193
num_leaves=9
num_cat=0
split_feature=3 2 92 99 4 69 39 120
split_gain=8.19036 9.3125 8.73647 7.34544 12.4453 6.46802 5.12168 3.99517
threshold=8.5000000000000018 2.5000000000000004 89.907547402445985 175.50000000000003 169.50000000000003 -44.499999999999993 6455.0000000000009 0.0086199443563071982
decision_type=2 2 8 10 2 10 10 10
left_child=1 7 5 4 -4 6 -2 -1
right_child=2 -3 3 -5 -6 -7 -8 -9
leaf_value=-1.4373355805543542 1.073138767488877 0.073036225637878122 1.7352144163830545 -0.34813527491220697 -0.3156681220001849 -0.024401328170820448 0.40945975490020042 -0.069096090496226378
leaf_weight=49 56 72 80 74 66 52 167 50
leaf_count=49 56 72 80 74 66 52 167 50
internal_value=0.000887574 -0.00447514 0.00291089 -0.00130435 0.00230769 0.00642105 0.00862661 -0.0101835
internal_weight=666 171 495 220 146 275 223 99
internal_count=666 171 495 220 146 275 223 99
is_linear=0
shrinkage=0.03


Tree=194
num_leaves=8
num_cat=0
split_feature=74 66 86 86 70 98 29
split_gain=6.17099 12.2988 6.91707 10.7581 7.4652 5.09974 9.95259
threshold=161.50000000000003 38.500000000000007 210.50000000000003 221.00000000000003 140.00000000000003 415.50000000000006 205.50000000000003
decision_type=8 10 8 8 10 10 10
left_child=1 5 -2 -4 -5 6 -1
right_child=2 -3 3 4 -6 -7 -8
leaf_value=0.030686577694365003 1.7079213416677306 -1.1531485150165552 -0.59641328434426699 0.2689025370653253 -0.072843824454832312 1.7263603353206927 -1.0697482961464075
leaf_weight=150 51 68 62 182 87 46 55
leaf_count=150 51 68 62 182 87 46 55
internal_value=0.000295359 -0.00264438 0.00290816 0.000967742 0.00376344 0.000344828 -0.00153488
internal_weight=701 319 382 331 269 251 205
internal_count=701 319 382 331 269 251 205
is_linear=0
shrinkage=0.03


Tree=195
num_leaves=12
num_cat=0
split_feature=13 78 106 67 39 110 75 39 46 27 14
split_gain=6.60802 7.6189 9.1184 10.4496 7.55746 12.5777 9.76468 8.04271 6.64578 6.60991 6.43626
threshold=-0.13398594226331254 228.50000000000003 435.50000000000006 15.466666666666669 7839.5000000000009 8118.9351724749331 39.535714285714299 8842.5000000000018 -1.087826643834666 7450.0000000000009 0.47369649395226454
decision_type=2 10 10 10 8 10 10 8 10 10 2
left_child=1 2 3 -1 6 7 8 -6 -2 -8 -7
right_child=4 -3 -4 -5 5 10 9 -9 -10 -11 -12
leaf_value=0.68451185528903469 -0.037434458245957813 1.3503174393614725 -0.126346621142648 -0.24026081373976155 1.8068276658422546 -1.7523671825791156 -1.2749325210559641 -0.017547290831342932 0.12508104825765629 -0.24539700756059732 0.14834913741721562
leaf_weight=116 40 46 60 43 65 55 65 43 49 42 59
leaf_count=116 40 46 60 43 65 55 65 43 49 42 59
internal_value=0.00125541 0.00490909 0.00196507 0.00585799 -0.000981308 0.00258621 -0.00524272 0.00966102 0.00151515 -0.0110256 -0.00387097
internal_weight=683 265 219 159 418 222 196 108 89 107 114
internal_count=683 265 219 159 418 222 196 108 89 107 114
is_linear=0
shrinkage=0.03


Tree=196
num_leaves=8
num_cat=0
split_feature=14 62 26 34 71 83 107
split_gain=7.65787 6.63061 9.9835 9.36614 8.47116 6.10663 2
threshold=0.86439018870140905 104.00000000000001 105.00000000000001 52.500000000000007 70.500000000000014 61.285714285714292 5.8035714285715878
decision_type=2 10 10 10 10 10 10
left_child=1 2 3 -1 -4 -2 -7
right_child=5 -3 4 -5 -6 6 -8
leaf_value=0.0077608120354992136 0.24417993976231742 -0.44680138328782704 1.7602447185938748 -1.8819348411849408 0.062810970300254801 -5.852568220327738 -0.032520203933562183
leaf_weight=77 41 61 52 40 328 40 40
leaf_count=77 41 61 52 40 328 40 40
internal_value=-0.00100145 0.000422535 0.00171598 -0.00543307 0.00415385 -0.00755725 -0.012
internal_weight=679 558 497 117 380 121 80
internal_count=679 558 497 117 380 121 80
is_linear=0
shrinkage=0.03


Tree=197
num_leaves=8
num_cat=0
split_feature=70 70 44 46 95 66 56
split_gain=6.79648 11.1094 9.52484 9.31804 6.552 4.90718 4.61845
threshold=115.50000000000001 86.500000000000014 187.50000000000003 0.77030119001383357 115.07142857142858 132.00000000000003 174.01712958806999
decision_type=10 8 10 10 10 10 10
left_child=1 2 3 -1 -3 6 -2
right_child=5 4 -4 -5 -6 -7 -8
leaf_value=-0.0080049643932527201 -0.016335884868153981 0.042260714631911465 -0.96355810656863972 1.6736067500872869 2.4380486181252361 0.066726758876312284 -1.6863921256031071
leaf_weight=247 41 45 79 64 70 66 59
leaf_count=247 41 45 79 64 70 66 59
internal_value=0.000220264 0.00203883 -0.0003 0.00196262 0.00984 -0.00477273 -0.00872727
internal_weight=671 505 390 311 115 166 100
internal_count=671 505 390 311 115 166 100
is_linear=0
shrinkage=0.03


Tree=198
num_leaves=12
num_cat=0
split_feature=122 49 19 13 31 70 27 74 112 78 100
split_gain=7.74239 13.0822 11.0618 9.99756 9.19607 8.43485 8.33912 6.08284 6.04201 10.7705 5.07692
threshold=6839.5000000000009 8101.5000000000009 5893.5000000000009 0.35846314187849709 6361.5000000000009 120.50000000000001 5998.5000000000009 17.500000000000004 8739.420863742851 237.50000000000003 132.22717326840649
decision_type=2 10 10 2 8 8 10 10 10 10 10
left_child=2 5 3 -1 6 10 -4 -5 -3 -10 -2
right_child=1 8 4 7 -6 -7 -8 -9 9 -11 -12
leaf_value=2.3148146281448287 3.8859313749541649 -1.4989046502208199 -0.39037192472370574 0.020415792634381445 -0.86410526426798151 0.035340066930537831 0.40739750046694262 -0.59088005254191356 -0.21820115799238465 1.4182237627937144 0.082012580527146772
leaf_weight=40 65 47 41 44 79 79 42 40 109 47 42
leaf_count=40 65 47 41 44 79 79 42 40 109 47 42
internal_value=-0.000306569 0.00233083 -0.00405405 0.00223881 -0.00906977 0.00795918 -0.000967742 -0.00319149 -0.00267606 0 0.0130769
internal_weight=675 389 286 124 162 186 83 84 203 156 107
internal_count=675 389 286 124 162 186 83 84 203 156 107
is_linear=0
shrinkage=0.03


Tree=199
num_leaves=7
num_cat=0
split_feature=52 74 13 26 5 106
split_gain=7.09049 9.08591 10.9952 9.66862 9.10647 7.50007
threshold=423.72085640909216 161.50000000000003 0.90892735371523092 37.500000000000007 37.500000000000007 353.50000000000006
decision_type=8 10 2 10 2 10
left_child=1 3 5 -1 -5 -3
right_child=-2 2 -4 4 -6 -7
leaf_value=0.010006676556279643 1.0466532904423094 0.066999085641261336 1.739519134285924 -0.99155108871780095 0.0048605696910030355 -0.50781385116415234
leaf_weight=73 47 201 62 128 67 97
leaf_count=73 47 201 62 128 67 97
internal_value=-4.37956e-05 -0.00103448 0.00194595 -0.00517986 -0.00863415 -0.00038961
internal_weight=675 628 360 268 195 298
internal_count=675 628 360 268 195 298
is_linear=0
shrinkage=0.03


Tree=200
num_leaves=6
num_cat=0
split_feature=98 103 95 26 95
split_gain=6.75632 12.0744 9.71541 16.6725 12.4598
threshold=434.50000000000006 206.53333333333336 119.28571428571429 239.50000000000003 82.500000000000014
decision_type=8 10 10 10 10
left_child=1 2 4 -4 -1
right_child=-2 -3 3 -5 -6
leaf_value=0.059838073490395903 1.9341802371674399 -1.0854332319917659 0.6221546366078361 -0.091062282626952956 -0.48110750210640302
leaf_weight=76 54 67 166 182 125
leaf_count=76 54 67 166 182 125
internal_value=-0.000705882 -0.00172524 -5.36673e-05 0.00284916 -0.00526066
internal_weight=670 616 549 348 201
internal_count=670 616 549 348 201
is_linear=0
shrinkage=0.03


Tree=201
num_leaves=8
num_cat=0
split_feature=60 109 80 109 71 42 21
split_gain=7.75908 7.93566 7.30102 7.06598 10.8233 7.05857 5.61683
threshold=108.83023585833362 23.636484983314862 84.2771810251093 -7.6186874304783068 98.071428571428584 203.50000000000003 187.50000000000003
decision_type=10 8 10 10 10 10 8
left_child=1 3 6 4 -1 -5 -3
right_child=-2 2 -4 5 -6 -7 -8
leaf_value=-0.016683867276222061 -0.32669698731999802 0.090107445753365017 -0.2028846437282327 0.015589774749832657 1.5165968458579442 -0.48755099119448303 1.8471644722265952
leaf_weight=180 72 45 41 90 55 136 58
leaf_count=180 72 45 41 90 55 136 58
internal_value=-0.000829694 0.000243902 0.00623377 -0.00159236 0.00183673 -0.00533898 0.010354
internal_weight=677 605 144 461 235 226 103
internal_count=677 605 144 461 235 226 103
is_linear=0
shrinkage=0.03


Tree=202
num_leaves=8
num_cat=0
split_feature=95 109 118 61 103 36 116
split_gain=8.94468 14.3898 9.98793 7.97297 5.12424 2.62529 2.00889
threshold=211.28571428571431 22.956952169076754 126.00000000000001 -20.999999999999996 232.65000000000003 150.50000000000003 22.500000000000004
decision_type=8 10 10 10 8 10 10
left_child=1 2 3 -1 -2 -4 -3
right_child=4 6 5 -5 -6 -7 -8
leaf_value=-0.024197123918960058 -0.54526250131721776 2.4291260773947219 -0.45204774730737668 0.067166957225709728 -0.0018266662596363402 -0.11103438746783865 1.0395529234267489
leaf_weight=266 55 46 51 88 41 51 51
leaf_count=266 55 46 51 88 41 51 51
internal_value=-0.00104704 0.000373002 -0.00180258 0.000494505 -0.0090566 -0.00964286 0.0103738
internal_weight=649 553 456 354 96 102 97
internal_count=649 553 456 354 96 102 97
is_linear=0
shrinkage=0.03


Tree=203
num_leaves=8
num_cat=0
split_feature=14 42 39 118 95 34 18
split_gain=11.2609 8.77115 8.65469 18.8133 11.6326 5.09924 2.20642
threshold=0.86439018870140905 317.50000000000006 8128.5000000000009 440.00000000000006 189.6428571428572 175.50000000000003 265.50000000000006
decision_type=2 10 10 10 10 10 10
left_child=1 2 4 -4 -1 -2 -3
right_child=5 6 3 -5 -6 -7 -8
leaf_value=0.023572963276284751 -0.027907065508456695 -0.9748129924814426 3.3157964127298678 -0.47527818367548857 -1.5375142188592543 -0.86841013887320395 -0.019618098084758912
leaf_weight=299 61 40 110 40 53 57 41
leaf_count=299 61 40 110 40 53 57 41
internal_value=-0.000801688 0.000860034 0.00246094 0.00825 0 -0.00890625 -0.00758242
internal_weight=701 583 502 150 352 118 81
internal_count=701 583 502 150 352 118 81
is_linear=0
shrinkage=0.03


Tree=204
num_leaves=6
num_cat=0
split_feature=55 45 78 20 34
split_gain=6.33344 4.94074 7.95982 6.48427 4.19683
threshold=11033.533333333335 290.50000000000006 249.00000000000003 217.50000000000003 234.50000000000003
decision_type=8 10 10 10 10
left_child=1 2 3 -1 -3
right_child=-2 4 -4 -5 -6
leaf_value=-0.012038306734838215 -3.3771591942367905 0.98099433089758847 -0.90954825057771727 0.98242799602930198 -0.022405250972818463
leaf_weight=413 43 53 68 49 42
leaf_count=413 43 53 68 49 42
internal_value=-0.00079646 0 -0.00111111 0.000254237 0.006
internal_weight=668 625 530 462 95
internal_count=668 625 530 462 95
is_linear=0
shrinkage=0.03


Tree=205
num_leaves=9
num_cat=0
split_feature=44 37 99 43 116 54 115 16
split_gain=5.61206 11.2246 6.45561 4.8522 4.15951 6.17857 3.7095 4.06753
threshold=35.000000000000007 5.5000000000000009 97.357142857142875 6148.5000000000009 -43.499999999999993 9042.0000000000018 19.392110149836423 -15.499999999999998
decision_type=10 10 8 10 10 10 10 10
left_child=1 2 -1 -4 5 -2 7 -6
right_child=4 -3 3 -5 6 -7 -8 -9
leaf_value=-0.12188041472826688 0.29858494307683997 0.36036700183366699 0.4360081755495267 -0.019662810444231411 -0.44555363070557064 -2.1428835971091496 -1.357259052924972 0.024802152751445306
leaf_weight=42 62 70 40 133 130 40 42 117
leaf_count=42 62 70 40 133 130 40 42 117
internal_value=-0.000699708 0.00233898 -0.000933333 0.00147541 -0.00306733 0.00160714 -0.00491639 -0.00291829
internal_weight=676 285 215 173 391 102 289 247
internal_count=676 285 215 173 391 102 289 247
is_linear=0
shrinkage=0.03


Tree=206
num_leaves=9
num_cat=0
split_feature=40 67 67 4 21 52 5 4
split_gain=8.47386 9.11411 10.4064 8.63354 7.93366 5.93771 5.85267 1.10595
threshold=-142.49999999999997 -36.18333333333333 -9.8499999999999979 245.50000000000003 98.000000000000014 166.32952348766685 40.500000000000007 105.50000000000001
decision_type=10 8 10 2 10 10 2 2
left_child=5 3 7 4 -2 -1 -4 -3
right_child=1 2 6 -5 -6 -7 -8 -9
leaf_value=1.3079898023968854 -0.051450397794107518 0.061593404065055778 -0.07971633947228414 0.090958304911733873 -1.4697163363903047 -0.020171674595998751 0.037357474855155032 2.4867568034814043
leaf_weight=52 69 40 198 61 85 54 69 42
leaf_count=52 69 40 198 61 85 54 69 42
internal_value=-0.00105882 -0.00261324 0.000250696 -0.00733333 -0.0109756 0.0062069 -0.00249097 0.00913043
internal_weight=670 564 349 215 154 106 267 82
internal_count=670 564 349 215 154 106 267 82
is_linear=0
shrinkage=0.03


Tree=207
num_leaves=6
num_cat=0
split_feature=99 95 74 74 78
split_gain=6.602 11.5703 7.26657 16.6089 5.48037
threshold=252.92857142857147 211.28571428571431 161.50000000000003 175.00000000000003 157.00000000000003
decision_type=8 10 10 10 10
left_child=1 2 4 -4 -1
right_child=-2 -3 3 -5 -6
leaf_value=-0.0039228429381006078 1.5175104611211481 -1.2767383605332994 1.4355999313131396 -0.020762893013185391 -0.51675198818306933
leaf_weight=196 40 66 72 227 72
leaf_count=196 40 66 72 227 72
internal_value=-0.000746706 -0.00163297 -5.19931e-05 0.00300971 -0.00366906
internal_weight=673 633 567 299 268
internal_count=673 633 567 299 268
is_linear=0
shrinkage=0.03


Tree=208
num_leaves=11
num_cat=0
split_feature=52 56 87 92 43 75 103 52 120 82
split_gain=6.12696 10.0763 8.20515 9.85522 7.811 7.06292 6.99691 5.91556 4.33908 6.36889
threshold=122.95937109844886 157.13191060369329 121.10714285714288 68.143648234924498 7664.0000000000009 123.78571428571429 134.13333333333335 262.75838047786027 0.012632778345847419 207.00000000000003
decision_type=8 10 8 8 10 8 10 10 10 10
left_child=1 8 3 -2 -3 7 -5 -4 9 -1
right_child=2 4 5 6 -6 -7 -8 -9 -10 -11
leaf_value=-0.010098059917108201 0.19770413084998578 -0.69265631205780587 2.0459120988438158 0.079971604075630823 0.014675719302461089 -0.10297666272280992 -0.86329006032697941 0.0076399220491620663 -0.062612501795345277 1.4411924387915245
leaf_weight=48 63 76 90 47 40 59 109 44 58 43
leaf_count=48 63 76 90 47 40 59 109 44 58 43
internal_value=-0.00117904 -0.00469091 0.000995261 -0.00275109 -0.0109524 0.00546798 -0.00686747 0.00916667 0.000188679 0.00445545
internal_weight=677 265 412 219 116 193 156 134 149 91
internal_count=677 265 412 219 116 193 156 134 149 91
is_linear=0
shrinkage=0.03


Tree=209
num_leaves=7
num_cat=0
split_feature=102 99 109 44 59 18
split_gain=7.39991 11.4239 8.54638 6.19539 6.091 1.18222
threshold=434.50000000000006 201.82142857142858 23.636484983314862 245.50000000000003 -121.9285714285714 271.50000000000006
decision_type=8 10 10 10 10 10
left_child=1 2 3 -1 -2 -4
right_child=4 -3 5 -5 -6 -7
leaf_value=-0.046377167546761196 -0.0036448768984807599 -4.5983750203894731 2.7098335633089308 0.55060718677274334 2.1840095796172361 0.025234545580562651
leaf_weight=393 52 50 40 50 41 40
leaf_count=393 52 50 40 50 41 40
internal_value=-0.00115385 -0.00252144 -0.000956848 -0.00271523 0.0061165 0.00733333
internal_weight=666 573 523 443 93 80
internal_count=666 573 523 443 93 80
is_linear=0
shrinkage=0.03


Tree=210
num_leaves=8
num_cat=0
split_feature=46 39 110 122 55 61 60
split_gain=5.85794 9.04883 8.85215 8.70886 7.80834 6.39538 3.96138
threshold=-1.12583415547694 8084.0000000000009 6166.6636190283052 6847.5000000000009 7732.9666666666681 -22.999999999999996 38.808033476034865
decision_type=8 10 8 2 8 10 10
left_child=1 6 -2 5 -5 -4 -1
right_child=2 -3 3 4 -6 -7 -8
leaf_value=0.12368930178818217 0.33635788775143172 2.0909884621044625 -0.42498133282173445 1.5681637040926526 -0.086342523677855915 -0.0037456835256830345 -0.63253781410758902
leaf_weight=40 75 40 89 46 291 41 51
leaf_count=40 75 40 89 46 291 41 51
internal_value=-0.00127379 0.00404255 -0.00271739 -0.00433962 -0.00146974 -0.0107143 -0.000891089
internal_weight=673 131 542 467 337 130 91
internal_count=673 131 542 467 337 130 91
is_linear=0
shrinkage=0.03


Tree=211
num_leaves=8
num_cat=0
split_feature=109 16 109 17 31 95 67
split_gain=7.56842 8.13611 9.69296 8.43571 7.64905 6.72869 6.6014
threshold=23.636484983314862 56.500000000000007 -20.680311457174628 7.5000000000000009 6361.5000000000009 211.28571428571431 30.450000000000003
decision_type=8 10 10 10 10 10 8
left_child=1 2 3 -1 -4 6 -2
right_child=5 -3 4 -5 -6 -7 -8
leaf_value=0.17156315785836682 2.3442996509443761 0.84195753822564856 -0.0058372715837089117 -0.48176903722362696 -0.7621776433885894 -0.097395444022986624 -0.031849597268986979
leaf_weight=71 67 44 111 116 177 57 40
leaf_count=71 67 44 111 116 177 57 40
internal_value=-0.00116883 -0.00300567 -0.00426804 0.000761421 -0.00765101 0.00413793 0.00846154
internal_weight=683 519 475 187 288 164 107
internal_count=683 519 475 187 288 164 107
is_linear=0
shrinkage=0.03


Tree=212
num_leaves=8
num_cat=0
split_feature=98 54 58 104 46 66 117
split_gain=8.98254 6.04438 9.43187 13.4241 6.16709 5.55554 1.50222
threshold=434.50000000000006 9042.0000000000018 8071.5000000000009 131.1418361795059 0.51076794994928687 38.500000000000007 127.50000000000001
decision_type=8 10 8 8 10 10 10
left_child=1 2 5 -4 6 -1 -3
right_child=-2 4 3 -5 -6 -7 -8
leaf_value=0.0066865020482922682 1.0959442542284392 -6.2757333458232845 4.0074562012444082 -0.042616755169255872 0.0029170721357434102 -0.11862902472558488 -0.13320682414504376
leaf_weight=103 61 40 62 110 41 225 40
leaf_count=103 61 40 62 110 41 225 40
internal_value=-0.00190751 -0.00309033 -0.00141176 0.00395604 -0.0089313 -0.00443787 -0.0133333
internal_weight=682 621 500 172 121 328 80
internal_count=682 621 500 172 121 328 80
is_linear=0
shrinkage=0.03


Tree=213
num_leaves=7
num_cat=0
split_feature=98 14 14 13 117 34
split_gain=7.50735 6.52769 6.57866 7.17993 3.04253 3.0123
threshold=434.50000000000006 0.86439018870140905 0.56191161272202661 0.89404822654372251 103.00000000000001 162.50000000000003
decision_type=10 2 2 2 10 10
left_child=1 2 3 -1 -4 -3
right_child=-2 5 4 -5 -6 -7
leaf_value=-0.16137834414402802 2.4222961610805815 -0.49328698743536226 0.27383906524897311 0.016972504320674629 -0.062845728602529793 -1.1963162740057895
leaf_weight=308 42 44 59 132 47 51
leaf_count=308 42 44 59 132 47 51
internal_value=-0.00264069 -0.00354839 -0.00205036 -0.00373333 0.00413793 -0.0105714
internal_weight=683 641 546 440 106 95
internal_count=683 641 546 440 106 95
is_linear=0
shrinkage=0.03


Tree=214
num_leaves=7
num_cat=0
split_feature=98 74 91 13 87 87
split_gain=6.73001 8.94238 10.1846 9.3229 7.33615 6.68582
threshold=434.50000000000006 161.50000000000003 117.05000000000001 0.91596454896554913 83.928571428571445 135.46428571428575
decision_type=8 10 10 2 10 10
left_child=1 2 4 5 -1 -3
right_child=-2 3 -4 -5 -6 -7
leaf_value=-0.074734027315493556 1.8249264806945125 0.17834134869924112 -0.89093044635391261 1.1425458610354837 0.085083427336542949 -0.23378818502118293
leaf_weight=159 60 134 71 60 46 140
leaf_count=159 60 134 71 60 46 140
internal_value=-0.00176471 -0.00280645 -0.00671329 0.000348837 -0.00265116 -0.00190141
internal_weight=670 610 276 334 205 274
internal_count=670 610 276 334 205 274
is_linear=0
shrinkage=0.03


Tree=215
num_leaves=9
num_cat=0
split_feature=3 109 46 39 26 59 56 23
split_gain=5.84987 9.28129 8.49969 5.80972 10.0061 7.20326 5.48593 4.92894
threshold=8.5000000000000018 23.105895439377093 -1.0997194401323294 8282.0000000000018 231.50000000000003 -112.99999999999999 161.24340931135035 6261.5000000000009
decision_type=2 8 8 10 10 10 10 10
left_child=1 6 7 4 -4 -5 -1 -2
right_child=2 -3 3 5 -6 -7 -8 -9
leaf_value=-0.0020270496474630306 -0.00030261336176991451 0.64300697695920606 0.057567019115813967 -0.18475141650779803 -0.23901836665716991 0.43643161550521153 -0.91302123256133905 1.763367059093546
leaf_weight=42 40 41 148 44 142 79 98 55
leaf_count=42 40 41 148 44 142 79 98 55
internal_value=-0.000987124 -0.00549738 0.000579151 -0.00120567 -0.0036 0.00383459 -0.0092 0.00828571
internal_weight=689 181 508 413 290 123 140 95
internal_count=689 181 508 413 290 123 140 95
is_linear=0
shrinkage=0.03


Tree=216
num_leaves=8
num_cat=0
split_feature=78 43 108 84 110 64 66
split_gain=7.21561 10.9809 11.2412 10.1457 9.77075 9.08285 8.38509
threshold=204.50000000000003 7877.5000000000009 17.873626373626237 95.22366993397263 10251.136067674071 48.160022351555156 1.0000000180025095e-35
decision_type=8 8 8 10 10 10 10
left_child=3 5 -3 4 6 -2 -1
right_child=1 2 -4 -5 -6 -7 -8
leaf_value=0.21957418757717959 0.09350574926206974 2.7924616901166366 -0.10684772296662344 -1.0542759886144197 -3.3117114707329232 -0.89732993853428622 -0.030639914585419772
leaf_weight=146 62 57 59 48 42 64 207
leaf_count=146 62 57 59 48 42 64 207
internal_value=-0.00133813 0.00261905 0.00904762 -0.00364238 -0.0017037 -0.00308824 0
internal_weight=685 242 116 443 395 126 353
internal_count=685 242 116 443 395 126 353
is_linear=0
shrinkage=0.03


Tree=217
num_leaves=6
num_cat=0
split_feature=22 22 112 112 118
split_gain=7.21441 6.36078 5.13347 10.6612 7.75584
threshold=-1.9290536478318407 -1.206564070491922 8748.4859612464879 8112.4223705821159 550.00000000000011
decision_type=8 10 8 10 8
left_child=-1 -2 3 -3 -4
right_child=1 2 4 -5 -6
leaf_value=-1.1834884875201266 0.19759355173219717 -0.0034345862622213374 0.66645582960149408 -0.66510413931058388 -0.36054727681046983
leaf_weight=41 73 358 102 45 53
leaf_count=41 73 358 102 45 53
internal_value=-0.00026393 0.000514821 -0.000528169 -0.00239709 0.00381818
internal_weight=672 631 558 403 155
internal_count=672 631 558 403 155
is_linear=0
shrinkage=0.03


Tree=218
num_leaves=8
num_cat=0
split_feature=26 72 108 39 108 112 117
split_gain=7.79306 11.7145 12.676 6.7658 12.0678 7.48468 2.85615
threshold=25.500000000000004 54.076465672348 -83.312087912087932 8282.0000000000018 26.363736263736094 8002.6502792324936 -7.4999999999999991
decision_type=10 10 10 10 10 10 10
left_child=-1 2 -2 5 -5 -3 -4
right_child=1 3 6 4 -6 -7 -8
leaf_value=0.096161253670529162 0.11699922281535351 0.0084808503337201555 -3.3144306362019678 1.4965333500491544 -0.23308702277498838 -1.1730219276788334 -0.039353250144467236
leaf_weight=57 51 252 70 80 41 56 44
leaf_count=57 51 252 70 80 41 56 44
internal_value=-0.00104387 -0.00218543 -0.00874286 0.000341686 0.00618321 -0.00188679 -0.0140323
internal_weight=651 594 165 429 121 308 114
internal_count=651 594 165 429 121 308 114
is_linear=0
shrinkage=0.03


Tree=219
num_leaves=8
num_cat=0
split_feature=43 31 46 38 68 52 116
split_gain=8.75804 11.8342 11.5016 8.11614 7.95469 15.5636 6.81487
threshold=7836.5000000000009 8005.0000000000009 -0.70877764289781198 -1.2197029227095533 108.35054125356693 257.20453227737011 5.5000000000000009
decision_type=8 8 8 10 10 10 10
left_child=1 3 -2 -1 5 -4 -5
right_child=2 -3 4 6 -6 -7 -8
leaf_value=-0.36188250635348035 0.55508770268828644 -4.0216804471131153 1.0033036436819489 0.0989165493549993 -2.180344386964066 -0.34273824782290602 -0.04982048601831586
leaf_weight=63 64 44 118 180 47 51 127
leaf_count=63 64 44 118 180 47 51 127
internal_value=0.000255682 -0.00240566 0.00434483 -0.000315789 0.000530973 0.00385475 0.00160883
internal_weight=694 414 280 370 216 169 307
internal_count=694 414 280 370 216 169 307
is_linear=0
shrinkage=0.03


Tree=220
num_leaves=8
num_cat=0
split_feature=116 96 21 36 69 99 37
split_gain=6.93961 4.88415 8.1543 5.82368 6.90209 5.71842 4.47144
threshold=-126.99999999999999 79.034857961924246 137.50000000000003 193.50000000000003 -208.99999999999997 176.92857142857147 5.5000000000000009
decision_type=10 8 10 10 10 10 8
left_child=-1 2 6 4 -3 -5 -2
right_child=1 3 -4 5 -6 -7 -8
leaf_value=-1.9459408753029788 -0.047920632308558524 -0.0010522624367630517 -1.0707105932226213 0.04530728143838253 0.55253829247034991 -1.2432362238834642 0.054727442205450935
leaf_weight=55 45 172 44 80 168 43 76
leaf_count=55 45 172 44 80 168 43 76
internal_value=-0.00030303 0.000564263 -0.0036 0.00221987 0.00428571 -0.00293233 0.000229008
internal_weight=683 628 165 463 340 123 121
internal_count=683 628 165 463 340 123 121
is_linear=0
shrinkage=0.03


Tree=221
num_leaves=6
num_cat=0
split_feature=108 14 46 95 52
split_gain=5.17469 6.26976 8.75335 7.43375 10.3832
threshold=-94.541758241758387 0.86439018870140905 0.49829731508415082 208.14285714285717 142.66139560087154
decision_type=8 2 8 10 10
left_child=-1 3 -3 4 -2
right_child=1 2 -4 -5 -6
leaf_value=0.41782071981714974 -0.01354690639491082 -0.80498254127325475 0.217944354665008 -1.2072018033295751 0.51667911698512536
leaf_weight=41 288 51 42 70 188
leaf_count=41 288 51 42 70 188
internal_value=-0.00026087 -0.00106317 -0.00786408 0.000107914 0.00160494
internal_weight=680 639 93 546 476
internal_count=680 639 93 546 476
is_linear=0
shrinkage=0.03


Tree=222
num_leaves=7
num_cat=0
split_feature=39 27 59 98 57 3
split_gain=10.8868 9.09704 9.09041 7.16528 7.1688 6.77417
threshold=8247.5000000000018 8036.5000000000009 -111.57142857142856 336.00000000000006 6024.0000000000009 14.500000000000002
decision_type=10 10 10 8 8 2
left_child=1 3 -2 4 -1 -4
right_child=2 -3 5 -5 -6 -7
leaf_value=0.015756750273080086 -0.38475376004559508 -2.8999441604608904 0.014985227721916771 1.1141728719386343 -0.21754865548704203 1.6009742756718652
leaf_weight=158 79 41 63 40 221 72
leaf_count=158 79 41 63 40 221 72
internal_value=-0.00105263 -0.00370213 0.00428571 -0.00202797 -0.00347044 0.00889655
internal_weight=674 460 214 419 379 135
internal_count=674 460 214 419 379 135
is_linear=0
shrinkage=0.03


Tree=223
num_leaves=9
num_cat=0
split_feature=70 50 67 67 57 113 34 119
split_gain=6.4365 13.0489 8.96972 10.1157 11.8773 7.70588 7.10227 2.14545
threshold=4.5000000000000009 10687.000000000002 -36.18333333333333 -16.666666666666661 6024.0000000000009 -48.136839202646463 74.000000000000014 0.0023959908884815255
decision_type=10 10 10 10 10 10 8 10
left_child=1 6 5 -4 -5 -2 -1 -8
right_child=2 -3 3 4 -6 -7 7 -9
leaf_value=0.00033543058299073891 -3.1555404420030828 -0.45625785888113224 2.462901480382234 0.13940657517320915 -0.16547649823836708 0.014535670890259098 2.3103127278575033 1.0497306181826416
leaf_weight=50 62 70 45 81 217 47 55 45
leaf_count=50 62 70 45 81 217 47 55 45
internal_value=0.00026393 0.00443478 -0.00168831 0.000594901 -0.00136364 -0.00882353 0.009375 0.0136364
internal_weight=672 220 452 343 298 109 150 100
internal_count=672 220 452 343 298 109 150 100
is_linear=0
shrinkage=0.03


Tree=224
num_leaves=9
num_cat=0
split_feature=109 13 109 18 108 14 18 20
split_gain=8.71164 7.69889 6.45497 6.32791 10.639 6.26897 5.22699 5.91314
threshold=22.956952169076754 0.89017062131308955 -18.108565072302543 180.50000000000003 -64.536263736263933 0.71952396275653763 259.50000000000006 15.500000000000002
decision_type=8 2 10 10 10 2 10 8
left_child=1 3 -3 4 -1 -5 7 -2
right_child=6 2 -4 5 -6 -7 -8 -9
leaf_value=-0.0022019569048134712 0.057016526767199198 1.5269362807173736 -0.0058997078055736552 -0.069457580173009528 -0.97258328376852732 0.45353304854513954 -0.051310943511459289 1.3852880670276555
leaf_weight=64 48 43 77 167 80 46 69 55
leaf_count=64 48 43 77 167 80 46 69 55
internal_value=-0.000227618 -0.00240246 0.00369231 -0.0046594 -0.00935065 -0.000941704 0.00527473 0.00929204
internal_weight=649 477 120 357 144 213 172 103
internal_count=649 477 120 357 144 213 172 103
is_linear=0
shrinkage=0.03


Tree=225
num_leaves=10
num_cat=0
split_feature=14 26 3 60 60 72 80 33 18
split_gain=9.57596 8.13318 5.3588 9.11528 14.7549 7.79893 5.7434 5.29323 2.84885
threshold=0.86439018870140905 100.00000000000001 13.500000000000002 65.174307771963683 44.03136495239103 82.263265415923726 67.740255285777593 85.000000000000014 184.50000000000003
decision_type=2 10 2 10 10 10 10 10 10
left_child=2 -2 3 4 -1 6 -4 -5 -3
right_child=1 8 5 7 -6 -7 -8 -9 -10
leaf_value=0.0087886373775100425 0.31291482281323113 -3.5748890507140194 0.17762230795335043 -0.04911178447954697 -1.6152296326753353 1.4597570758919451 -0.32443462282836749 2.6967456648309196 -0.024015882452677956
leaf_weight=93 41 41 155 40 72 52 100 43 40
leaf_count=93 41 41 155 40 72 52 100 43 40
internal_value=-0.000393013 -0.00772727 0.00122124 -0.00186047 -0.006 0.00388013 0.00124528 0.00548387 -0.0128571
internal_weight=677 122 555 248 165 307 255 83 81
internal_count=677 122 555 248 165 307 255 83 81
is_linear=0
shrinkage=0.03


Tree=226
num_leaves=8
num_cat=0
split_feature=42 60 5 69 108 30 12
split_gain=7.45035 9.55518 7.09533 12.5148 7.34324 8.50318 5.58239
threshold=317.50000000000006 50.733597125231093 6.5000000000000009 -334.49999999999994 -28.126373626373852 -0.55437881948914847 -0.24999999999999997
decision_type=10 10 2 10 10 10 2
left_child=2 -2 3 -1 6 -6 -4
right_child=1 -3 4 -5 5 -7 -8
leaf_value=0.21451488500565041 0.071881576458335469 -0.86198667203476009 0.010135592496034178 -8.062035165555363 -0.20930284270869051 0.057514573998083379 4.186054127483124
leaf_weight=44 40 44 45 41 107 308 40
leaf_count=44 40 44 45 41 107 308 40
internal_value=-0.000397644 -0.00829787 0.000756303 -0.00663158 0.00223529 0.000352941 0.00978947
internal_weight=669 84 585 85 500 415 85
internal_count=669 84 585 85 500 415 85
is_linear=0
shrinkage=0.03


Tree=227
num_leaves=8
num_cat=0
split_feature=95 42 65 103 14 66 88
split_gain=7.49996 11.4095 7.6275 6.87207 6.77259 4.61839 4.09793
threshold=116.92857142857144 317.50000000000006 -25.499999999999996 134.13333333333335 -0.45273527932988084 4.5000000000000009 6.0258107966171846
decision_type=8 10 8 8 2 10 10
left_child=2 3 5 -2 -5 -1 -4
right_child=1 -3 6 4 -6 -7 -8
leaf_value=-0.024239422627401835 1.6644570582995102 -0.38473843183699785 -0.024598733949542043 -0.19725217743772161 0.34145738145594079 -0.53987987482334121 0.29460528330217028
leaf_weight=41 70 79 40 95 207 78 42
leaf_count=41 70 79 40 95 207 78 42
internal_value=0.000181269 0.00240781 -0.00440758 0.00471204 0.00230769 -0.00906977 0.00195652
internal_weight=652 451 201 372 302 119 82
internal_count=652 451 201 372 302 119 82
is_linear=0
shrinkage=0.03


Tree=228
num_leaves=8
num_cat=0
split_feature=79 87 3 70 68 50 96
split_gain=6.93933 10.4504 7.6926 7.01895 5.98821 5.54076 8.50382
threshold=118.83333333333336 123.50000000000001 19.500000000000004 120.50000000000001 43.468020224064681 10252.000000000002 137.35030801310953
decision_type=8 10 2 10 10 10 10
left_child=1 5 -2 4 -3 6 -1
right_child=2 3 -4 -5 -6 -7 -8
leaf_value=-0.046205554874081539 -1.5284003308259499 -0.03599257939215466 0.053233563082547022 -0.096937155975598127 1.5228509491371447 -2.3139230248113964 0.29850303582940574
leaf_weight=237 52 42 40 70 106 55 66
leaf_count=237 52 42 40 70 106 55 66
internal_value=-0.00159292 -0.000204778 -0.00882353 0.00473684 0.00835443 -0.00342391 -0.0014377
internal_weight=668 576 92 218 148 358 303
internal_count=668 576 92 218 148 358 303
is_linear=0
shrinkage=0.03


Tree=229
num_leaves=5
num_cat=0
split_feature=98 68 104 58
split_gain=6.53499 10.8316 7.70573 6.29489
threshold=434.50000000000006 105.11178466408033 137.71923896124812 9042.0000000000018
decision_type=10 10 10 10
left_child=1 2 3 -1
right_child=-2 -3 -4 -5
leaf_value=0.013607421206978535 1.1694149605346553 -0.98066238835153385 0.19554733756469603 -0.80303860124734283
leaf_weight=434 54 62 71 59
leaf_count=434 54 62 71 59
internal_value=0.000173913 -0.000660377 0.000627178 -0.000656064
internal_weight=680 626 564 493
internal_count=680 626 564 493
is_linear=0
shrinkage=0.03


Tree=230
num_leaves=10
num_cat=0
split_feature=98 74 57 26 86 95 35 79 119
split_gain=6.33058 10.9 9.82268 8.61458 8.57717 7.16062 6.5551 4.37879 2.02637
threshold=402.50000000000006 161.50000000000003 6049.0000000000009 242.50000000000003 236.50000000000003 253.71428571428575 5991.0000000000009 84.983333333333348 -0.0053303180272405984
decision_type=8 10 10 10 10 10 10 10 10
left_child=1 2 6 7 -5 -2 -1 -3 -4
right_child=5 3 8 4 -6 -7 -8 -9 -10
leaf_value=-0.049002269431969427 0.75395436564994589 0.15846498428702205 -1.1198408255115009 -0.4267802808804666 0.053207310224582895 -0.045607011516063944 0.66131078097990492 1.4110859168453187 -0.042412199337321252
leaf_weight=88 58 54 86 79 141 43 41 56 40
leaf_count=88 58 54 86 79 141 43 41 56 40
internal_value=-0.0012931 -0.00257143 -0.00713208 0.000882353 -0.00234783 0.00513514 -0.000647482 0.0075 -0.0127941
internal_weight=686 585 255 330 220 101 129 110 126
internal_count=686 585 255 330 220 101 129 110 126
is_linear=0
shrinkage=0.03


Tree=231
num_leaves=9
num_cat=0
split_feature=5 87 42 22 21 42 36 13
split_gain=7.0857 6.57094 3.96624 6.5131 6.23485 6.81552 5.87283 2.87394
threshold=7.5000000000000009 67.535714285714292 203.50000000000003 -0.30967485479737039 192.50000000000003 271.50000000000006 197.50000000000003 -0.13398594226331254
decision_type=2 8 10 10 10 10 10 2
left_child=1 -1 3 -2 5 -4 -6 -5
right_child=2 -3 4 7 6 -7 -8 -9
leaf_value=0.0003899797214323186 0.65008002637582962 -0.88273118882107149 -0.3055655043090017 0.59206613873209746 0.084036221591414065 0.035952927445645169 -0.13165022921682307 -0.046767409640560018
leaf_weight=52 74 55 112 42 110 95 68 76
leaf_count=52 74 55 112 42 110 95 68 76
internal_value=-0.00121037 -0.00794872 5.11073e-05 0.00356436 -0.00159494 -0.00511521 0.00223404 -0.00046875
internal_weight=684 107 577 192 385 207 178 118
internal_count=684 107 577 192 385 207 178 118
is_linear=0
shrinkage=0.03


Tree=232
num_leaves=7
num_cat=0
split_feature=13 13 99 108 108 74
split_gain=8.61262 8.06321 7.03226 10.0191 7.37099 7.04503
threshold=0.91939013254733981 0.98213580174693105 252.1428571428572 -14.779120879121242 -84.263736263736291 171.00000000000003
decision_type=2 2 8 10 10 10
left_child=2 -2 3 4 -1 -5
right_child=1 -3 -4 5 -6 -7
leaf_value=0.029006385512999486 1.2275094887041496 -0.017601730207908124 1.420216333440538 0.11845494846219139 -0.55796872144445131 -0.057677811844822881
leaf_weight=43 59 54 40 138 129 221
leaf_count=43 59 54 40 138 129 221
internal_value=-0.000518732 0.00658537 -0.00211704 -0.00316081 -0.0089011 -8.13008e-05
internal_weight=684 113 571 531 172 359
internal_count=684 113 571 531 172 359
is_linear=0
shrinkage=0.03


Tree=233
num_leaves=9
num_cat=0
split_feature=52 90 80 67 122 52 112 33
split_gain=5.90349 6.49073 9.78277 7.36274 10.4732 6.31116 5.98618 2.91898
threshold=423.72085640909216 221.00000000000003 81.581782182244169 -22.749999999999996 6187.0000000000009 226.57043689701962 8759.4810349726304 87.500000000000014
decision_type=10 10 10 8 2 10 10 10
left_child=1 3 5 7 -5 -3 -4 -1
right_child=-2 2 6 4 -6 -7 -8 -9
leaf_value=-0.82712049597824733 0.29327512161935027 0.47520051942358382 -0.22928429680588122 0.10630268132066639 -0.24678548095542283 -0.10667764923242827 0.16677634405803116 -0.92855664155158157
leaf_weight=96 40 163 95 81 71 49 52 40
leaf_count=96 40 163 95 81 71 49 52 40
internal_value=-0.00133429 -0.00214612 0.000406504 -0.00543624 -0.00037037 0.00459459 -0.00515924 -0.010274
internal_weight=687 647 359 288 152 212 147 136
internal_count=687 647 359 288 152 212 147 136
is_linear=0
shrinkage=0.03


Tree=234
num_leaves=7
num_cat=0
split_feature=14 99 39 83 95 65
split_gain=4.99879 6.8382 7.98826 6.26715 4.4479 3.00563
threshold=0.95936279103287792 98.107142857142875 6455.0000000000009 118.92857142857143 119.28571428571429 -13.999999999999998
decision_type=2 8 10 10 8 10
left_child=1 5 4 -4 -3 -1
right_child=-2 2 3 -5 -6 -7
leaf_value=-0.35565497990402289 -0.36812593437895996 0.0070359083216857236 0.066200351164916349 -0.080887741113376696 2.2936460086811112 -0.0021914526304172453
leaf_weight=69 61 41 161 254 55 47
leaf_count=69 61 41 161 254 55 47
internal_value=-0.0012894 -0.00032967 0.00109405 -0.000635294 0.00849057 -0.00666667
internal_weight=688 627 511 415 96 116
internal_count=688 627 511 415 96 116
is_linear=0
shrinkage=0.03


Tree=235
num_leaves=9
num_cat=0
split_feature=59 116 3 116 16 35 5 4
split_gain=5.55534 7.92201 8.35852 14.3407 7.46082 6.32323 6.13512 1.50222
threshold=4.0000000000000009 -115.49999999999999 8.5000000000000018 -30.499999999999996 54.500000000000007 6088.0000000000009 18.500000000000004 169.50000000000003
decision_type=10 8 2 10 10 10 2 2
left_child=1 -1 6 -4 5 -2 -3 -7
right_child=4 2 3 -5 -6 7 -8 -9
leaf_value=-0.31403038172616959 -0.014751601985503305 -0.31411507793667742 0.55996757745288761 0.015247937391550294 0.61004516498608241 -0.21874316288710968 0.068591899247912383 -0.95503399485223328
leaf_weight=59 64 66 112 206 42 40 48 40
leaf_count=59 64 66 112 206 42 40 48 40
internal_value=-0.000567686 0.00101796 0.00257919 0.00512195 -0.00489796 -0.00818182 -0.00387097 -0.0133333
internal_weight=677 491 432 318 186 144 114 80
internal_count=677 491 432 318 186 144 114 80
is_linear=0
shrinkage=0.03


Tree=236
num_leaves=7
num_cat=0
split_feature=95 109 122 43 4 50
split_gain=6.18741 10.7727 10.2059 18.9302 9.42297 5.18603
threshold=208.14285714285717 23.882647385984502 8603.0000000000018 7836.5000000000009 253.50000000000003 8072.0000000000009
decision_type=10 10 2 10 2 10
left_child=1 2 3 -1 -2 -3
right_child=4 5 -4 -5 -6 -7
leaf_value=-0.058897539676240063 -2.6772929630744953 0.0086492060476394631 -1.3536638199885265 0.44256479325211784 0.023287091022656626 3.6538239659968488
leaf_weight=350 41 41 48 95 68 52
leaf_count=350 41 41 48 95 68 52
internal_value=-0.00106383 0.000100671 -0.00161034 0 -0.00731092 0.00902913
internal_weight=695 586 493 445 109 93
internal_count=695 586 493 445 109 93
is_linear=0
shrinkage=0.03


Tree=237
num_leaves=10
num_cat=0
split_feature=39 41 63 48 14 75 109 107 3
split_gain=8.53869 9.56292 10.2632 8.04744 7.55766 7.27275 5.76011 5.31661 4.33208
threshold=8084.0000000000009 166.50000000000003 -111.85714285714285 57.751081650354898 -0.7614016681079937 42.642857142857153 -11.726696329254692 39.678571428571473 13.500000000000002
decision_type=10 10 10 10 2 10 10 10 2
left_child=3 2 -2 8 6 -6 -5 -4 -1
right_child=1 -3 7 4 5 -7 -8 -9 -10
leaf_value=0.14725124869742509 -0.23459565353365774 -0.99348522243929638 1.2367729843798538 -0.36451226512266999 0.089211580051251321 -0.64976812915496562 0.70263321416553426 0.022760470619997475 -0.027634004403076843
leaf_weight=52 67 47 84 46 40 161 43 40 79
leaf_count=52 67 47 84 46 40 161 43 40 79
internal_value=-0.00165919 0.00266129 0.0058209 -0.00424594 -0.007 -0.0100948 0 0.0107463 0.00148936
internal_weight=659 238 191 421 290 201 89 124 131
internal_count=659 238 191 421 290 201 89 124 131
is_linear=0
shrinkage=0.03


Tree=238
num_leaves=10
num_cat=0
split_feature=74 66 22 22 30 42 88 95 74
split_gain=7.86133 11.9887 7.72125 7.07585 7.01658 9.48052 5.96194 5.29474 2.57435
threshold=158.50000000000003 41.500000000000007 0.60259899580270571 -0.16158697201775205 -0.87856988241165046 157.50000000000003 46.362097524342751 163.14285714285717 186.50000000000003
decision_type=8 10 8 10 10 8 8 10 8
left_child=1 4 3 7 6 -6 -1 -2 -4
right_child=2 -3 8 -5 5 -7 -8 -9 -10
leaf_value=-0.014792794185839567 0.5193746660721783 -0.96368066576611766 0.89023522285240853 -0.23643845589573401 0.050320988504183463 -1.1244716517990239 0.53792281512591589 -0.047481531183995 0.14094736617869613
leaf_weight=41 91 43 42 72 67 98 52 81 72
leaf_count=41 91 43 42 72 67 98 52 81 72
internal_value=4.4843e-05 -0.00337621 0.00309783 0 -0.000447761 -0.00428571 0.00553398 0.0032967 0.00919355
internal_weight=659 301 358 244 258 165 93 172 114
internal_count=659 301 358 244 258 165 93 172 114
is_linear=0
shrinkage=0.03


Tree=239
num_leaves=6
num_cat=0
split_feature=98 39 70 67 112
split_gain=5.40356 8.80094 7.74825 10.4736 4.02645
threshold=434.50000000000006 9916.0000000000018 12.000000000000002 -36.18333333333333 7853.1916424612073
decision_type=8 10 8 8 10
left_child=1 2 4 -4 -1
right_child=-2 -3 3 -5 -6
leaf_value=0.014064372278960348 0.91103992055233729 -1.6608868489100945 -0.99958066295861636 0.0079348207320543897 1.6842965496645428
leaf_weight=52 57 63 100 344 46
leaf_count=52 57 63 100 344 46
internal_value=-0.000357143 -0.00131707 0 -0.00171806 0.00722222
internal_weight=662 605 542 444 98
internal_count=662 605 542 444 98
is_linear=0
shrinkage=0.03


Tree=240
num_leaves=8
num_cat=0
split_feature=76 57 57 54 108 30 67
split_gain=6.78437 8.86533 11.9985 10.6175 9.60573 6.84897 8.09333
threshold=53.035202130801501 6024.0000000000009 8526.0000000000018 9070.5000000000018 31.228571428571431 -1.582814804381327 -27.899999999999995
decision_type=8 8 8 10 8 10 8
left_child=5 -2 3 -3 -4 -1 -7
right_child=1 2 4 -5 -6 6 -8
leaf_value=0.090294610979141154 1.0161350015214996 -0.010957973123515074 3.2755454709267307 -1.6403590190946697 -0.034491569736032089 -1.6287690289892491 -0.0017344465568195843
leaf_weight=42 52 306 51 49 40 74 66
leaf_count=42 52 306 51 49 40 74 66
internal_value=-0.000782609 0.000944882 -0.000394737 -0.0030411 0.00861386 -0.005625 -0.0088
internal_weight=680 498 446 355 91 182 140
internal_count=680 498 446 355 91 182 140
is_linear=0
shrinkage=0.03


Tree=241
num_leaves=7
num_cat=0
split_feature=116 59 61 68 16 44
split_gain=8.10794 8.13479 10.8514 7.86473 5.02565 5.51693
threshold=-117.49999999999999 -13.642857142857141 -109.49999999999999 96.669063028612825 -6.4999999999999991 193.50000000000003
decision_type=8 10 8 10 10 8
left_child=-1 2 3 -2 -3 -6
right_child=1 4 -4 -5 5 -7
leaf_value=-0.75195284665392648 -0.060737550252795813 -0.69283694929057671 1.1965674819482919 0.50370023411534914 -0.01974859129894483 0.14361329960131855
leaf_weight=69 161 49 68 89 188 61
leaf_count=69 161 49 68 89 188 61
internal_value=-0.000388489 0.000670927 0.00402439 0.000692308 -0.00272727 -0.000579151
internal_weight=685 616 318 250 298 249
internal_count=685 616 318 250 298 249
is_linear=0
shrinkage=0.03


Tree=242
num_leaves=6
num_cat=0
split_feature=98 95 3 112 26
split_gain=5.4903 8.13245 8.23992 9.52263 6.88034
threshold=434.50000000000006 208.14285714285717 8.5000000000000018 7740.2625235107798 233.50000000000003
decision_type=8 10 2 10 10
left_child=1 2 4 -4 -1
right_child=-2 -3 3 -5 -6
leaf_value=-0.28592825119293452 1.4271273086695424 -1.363216306422198 -0.011990112921049203 0.44141011942695457 0.012151466543944025
leaf_weight=71 52 70 274 147 75
leaf_count=71 52 70 274 147 75
internal_value=-0.000643777 -0.00153014 -0.000155979 0.00187935 -0.00615385
internal_weight=689 637 567 421 146
internal_count=689 637 567 421 146
is_linear=0
shrinkage=0.03


Tree=243
num_leaves=8
num_cat=0
split_feature=98 16 52 87 99 58 60
split_gain=5.90665 7.87884 7.33398 8.82977 6.4357 11.0783 2.92126
threshold=434.50000000000006 -15.499999999999998 147.49954167668102 83.928571428571445 180.25000000000003 8071.5000000000009 60.29245116073124
decision_type=8 10 8 8 10 8 10
left_child=1 2 6 -4 5 -3 -1
right_child=-2 4 3 -5 -6 -7 -8
leaf_value=-0.88448213415266197 1.2133329631114602 0.00044399628053497507 -0.81017673484643082 0.2197324413494337 -0.24462870125059397 1.3610959479890608 -0.17191584216583122
leaf_weight=45 61 255 68 84 70 66 41
leaf_count=45 61 255 68 84 70 66 41
internal_value=-8.57143e-05 -0.00107981 -0.00532258 -0.000740741 0.00142145 0.00335347 -0.011875
internal_weight=690 629 238 152 391 321 86
internal_count=690 629 238 152 391 321 86
is_linear=0
shrinkage=0.03


Tree=244
num_leaves=7
num_cat=0
split_feature=62 67 68 19 67 15
split_gain=5.76725 7.70937 14.2276 8.99365 7.93459 7.11721
threshold=101.00000000000001 -36.18333333333333 61.827601804270572 7790.5000000000009 -12.383333333333331 7704.5000000000009
decision_type=10 8 10 10 8 8
left_child=1 2 -1 -4 -3 -6
right_child=-2 4 3 -5 5 -7
leaf_value=-3.789781372138803 -0.40998702901122447 1.5080585432401392 0.59987814093869896 -0.10466451183853565 -0.020097504228823445 0.653267739417557
leaf_weight=55 76 73 54 187 188 57
leaf_count=55 76 73 54 187 188 57
internal_value=-0.000342857 0.000576923 -0.0027451 0.000358566 0.00384146 0.000823529
internal_weight=690 614 296 241 318 245
internal_count=690 614 296 241 318 245
is_linear=0
shrinkage=0.03


Tree=245
num_leaves=7
num_cat=0
split_feature=116 3 69 16 22 43
split_gain=7.48705 8.03723 7.9878 8.54097 5.79487 9.06777
threshold=-115.49999999999999 9.5000000000000018 -44.499999999999993 -3.4999999999999996 -0.38184249758104744 6522.0000000000009
decision_type=8 2 10 8 10 10
left_child=-1 4 3 -3 -2 -6
right_child=1 2 -4 -5 5 -7
leaf_value=-1.0678091154122022 -0.24981254588564539 0.0011452012335476523 -0.077557891526882222 0.42995241862965955 0.084773600163214474 -0.68010073047074737
leaf_weight=69 71 169 55 193 46 68
leaf_count=69 71 169 55 193 46 68
internal_value=0 0.00107843 0.00344262 0.00516129 -0.00384615 0
internal_weight=671 602 417 362 185 114
internal_count=671 602 417 362 185 114
is_linear=0
shrinkage=0.03


Tree=246
num_leaves=8
num_cat=0
split_feature=57 35 69 88 119 79 71
split_gain=5.10041 11.6429 9.21681 6.21726 9.78612 9.03051 5.44022
threshold=6024.0000000000009 5863.5000000000009 -89.999999999999986 81.429286328584411 0.024538709257434291 61.250000000000007 8.4285714285714306
decision_type=8 10 10 10 10 10 10
left_child=1 6 3 5 -5 -2 -1
right_child=2 -3 -4 4 -6 -7 -8
leaf_value=0.021623512753463033 0.096930116142429912 1.7221625468211785 -0.15453198489079156 0.12185725132680772 -0.13674864012337237 -2.6618253793903479 -0.724950153932306
leaf_weight=59 50 62 77 227 88 56 41
leaf_count=59 50 62 77 227 88 56 41
internal_value=0.000358209 0.00488372 -0.00106299 0.00062645 0.00286154 -0.00517241 -0.00109091
internal_weight=660 162 498 421 315 106 100
internal_count=660 162 498 421 315 106 100
is_linear=0
shrinkage=0.03


Tree=247
num_leaves=9
num_cat=0
split_feature=42 119 15 0 33 72 60 14
split_gain=5.99976 8.5797 9.33201 6.23927 6.23101 5.95509 4.91437 2.84297
threshold=317.50000000000006 0.0080880355528470966 4928.5000000000009 4.5000000000000009 125.50000000000001 63.96931982931644 50.733597125231093 -0.26037106507032781
decision_type=10 10 8 2 10 8 10 2
left_child=1 2 -1 5 -4 -3 -2 -5
right_child=6 3 4 7 -6 -7 -8 -9
leaf_value=-0.16540020190008126 0.041354260424760411 0.14124743862702294 0.66829995467875702 -0.026329260757203838 0.025135758061742522 -0.13517375889041225 -0.82932009983131183 -0.15624358329938803
leaf_weight=50 44 92 156 40 76 107 47 53
leaf_count=50 44 92 156 40 76 107 47 53
internal_value=0.0004 0.00164384 0.00534247 -0.00178808 0.00793388 0.00100478 -0.00623762 -0.00786408
internal_weight=665 574 282 292 232 199 91 93
internal_count=665 574 282 292 232 199 91 93
is_linear=0
shrinkage=0.03


Tree=248
num_leaves=9
num_cat=0
split_feature=3 80 13 57 3 4 57 71
split_gain=7.20809 7.80436 9.39855 9.45344 8.44106 7.71388 6.66312 1.99372
threshold=8.5000000000000018 48.261744623298718 0.78325454425165997 6024.0000000000009 20.500000000000004 159.50000000000003 7676.5000000000009 38.642857142857153
decision_type=2 10 2 10 2 2 10 10
left_child=5 4 3 -3 -2 7 -4 -1
right_child=1 2 6 -5 -6 -7 -8 -9
leaf_value=-0.018628557628185119 0.60700944039678684 0.74619491319442999 4.1839669240900124 -0.1118526822549802 -0.025425186362776093 0.042600029530854823 -0.053911801739527615 -1.1650504145841791
leaf_weight=41 51 54 43 277 54 77 41 61
leaf_count=41 51 54 43 277 54 77 41 61
internal_value=-0.00114245 0.000566038 -0.0012 -0.00360704 0.00756522 -0.00619048 0.00702128 -0.01125
internal_weight=699 520 415 331 105 179 84 102
internal_count=699 520 415 331 105 179 84 102
is_linear=0
shrinkage=0.03


Tree=249
num_leaves=8
num_cat=0
split_feature=75 96 57 95 13 41 83
split_gain=6.6452 8.00339 9.99451 8.382 6.78618 4.93453 3.6
threshold=122.46428571428574 79.258484963127003 10310.000000000002 84.857142857142875 -0.40614700388750385 9.5000000000000018 123.78571428571429
decision_type=10 8 8 10 2 10 10
left_child=1 3 4 5 -3 -1 -5
right_child=-2 2 -4 6 -6 -7 -8
leaf_value=-0.029612712282637472 -0.17111283596098764 1.1596147441796363 -3.4774845895721707 -1.7487173509958913 0.048628865718497422 0.26400997539033316 -0.023705806482270331
leaf_weight=42 76 117 42 40 277 42 40
leaf_count=42 76 117 42 40 277 42 40
internal_value=0.000699708 0.00186885 0.00403587 -0.00344828 0.00564356 0.00255319 -0.01
internal_weight=676 600 436 164 394 84 80
internal_count=676 600 436 164 394 84 80
is_linear=0
shrinkage=0.03


Tree=250
num_leaves=8
num_cat=0
split_feature=46 27 103 109 42 13 34
split_gain=6.20407 6.72829 6.10151 5.27986 8.454 8.29785 3.0254
threshold=-1.0997194401323294 6059.5000000000009 222.78333333333336 0.092769744160240114 243.50000000000003 0.55656748448714433 205.50000000000003
decision_type=10 10 10 10 10 2 8
left_child=1 -1 3 5 -5 -2 -3
right_child=2 6 -4 4 -6 -7 -8
leaf_value=-0.056379936324406611 -0.021109336404290531 0.97000760034304401 -1.642056291690043 0.015576589557372031 -0.54390107590470527 0.5808788579231734 0.088621219853143737
leaf_weight=65 143 42 60 159 98 63 53
leaf_count=65 143 42 60 159 98 63 53
internal_value=-0.00030303 0.00458824 -0.00196998 -0.000570825 -0.00348315 0.00277778 0.00942857
internal_weight=683 160 523 463 257 206 95
internal_count=683 160 523 463 257 206 95
is_linear=0
shrinkage=0.03


Tree=251
num_leaves=11
num_cat=0
split_feature=56 25 26 52 26 42 34 78 3 46
split_gain=7.07327 7.17101 8.45948 7.17355 5.93228 4.96291 6.26393 4.45804 3.24138 2.2497
threshold=359.1235076893667 90.500000000000014 219.50000000000003 95.567075343787877 284.00000000000006 100.00000000000001 239.50000000000003 199.00000000000003 21.500000000000004 -0.79566249711327519
decision_type=8 10 10 10 10 8 10 10 2 10
left_child=1 3 -3 9 -4 -2 8 -5 -7 -1
right_child=5 2 4 7 -6 6 -8 -9 -10 -11
leaf_value=0.15502928882082787 -0.40550782937803248 1.1468137930326363 -0.25848620541724182 -1.9337367266028467 0.051480981376383281 0.46089489564510527 -0.05069626335616334 -0.049151310391198279 0.047803279839071275 -0.016185737012232585
leaf_weight=40 54 44 70 50 89 108 64 46 53 56
leaf_count=40 54 44 70 50 89 108 64 46 53 56
internal_value=0.000614035 -0.00185185 0.00183099 -0.00594059 -0.0012426 0.00425606 0.00625532 -0.0113208 0.00929825 0
internal_weight=674 395 203 192 159 279 225 96 161 96
internal_count=674 395 203 192 159 279 225 96 161 96
is_linear=0
shrinkage=0.03


Tree=252
num_leaves=11
num_cat=0
split_feature=90 66 55 13 90 99 106 56 95 56
split_gain=6.5854 14.6853 7.76977 10.1706 6.71321 5.59611 6.24312 3.88647 4.378 1.51648
threshold=221.00000000000003 38.500000000000007 10828.900000000003 0.30983042691905771 246.00000000000003 190.67857142857147 322.00000000000006 196.67456167398188 190.6428571428572 137.85438913494806
decision_type=10 8 8 2 10 10 10 10 10 10
left_child=1 2 3 -1 7 6 -6 -2 -9 -3
right_child=4 9 -4 -5 5 -7 -8 8 -10 -11
leaf_value=1.8227388771870965 0.014968035474697475 -0.14643443313158078 -6.7587684594930613 -0.0056544716125951668 -0.050324936813305778 -0.13221912634861921 0.393612709361296 3.4737526425342931 0.059396395334969439 -1.3603540879133644
leaf_weight=60 72 42 40 136 51 67 79 51 40 46
leaf_count=60 72 42 40 136 51 67 79 51 40 46
internal_value=0 -0.00305389 0.000731707 0.00349515 0.00275676 -0.000724638 0.00257143 0.00710983 0.0109901 -0.0128571
internal_weight=684 324 236 196 360 197 130 163 91 88
internal_count=684 324 236 196 360 197 130 163 91 88
is_linear=0
shrinkage=0.03


Tree=253
num_leaves=7
num_cat=0
split_feature=39 43 52 80 70 95
split_gain=6.66858 8.08783 10.9038 7.03063 6.90392 6.19937
threshold=10777.500000000002 7815.0000000000009 262.75838047786027 81.581782182244169 90.000000000000014 189.50000000000003
decision_type=10 8 8 8 10 10
left_child=1 3 5 4 -1 -3
right_child=-2 2 -4 -5 -6 -7
leaf_value=-0.017013562996771547 -1.5100143046543488 3.009048329389552 -0.069720796473681609 -0.23907181394788279 0.16886411540540847 0.31934255711833326
leaf_weight=193 48 55 77 68 138 92
leaf_count=193 48 55 77 68 138 92
internal_value=0.00127753 0.00222749 0.00666667 -0.000220049 0.0014956 0.0112739
internal_weight=671 623 224 399 331 147
internal_count=671 623 224 399 331 147
is_linear=0
shrinkage=0.03


Tree=254
num_leaves=9
num_cat=0
split_feature=22 90 22 3 88 18 46 109
split_gain=5.55951 6.60675 4.77372 8.05194 3.80423 5.51272 3.66239 2.0142
threshold=0.60259899580270571 246.00000000000003 -0.27761190200720759 7.5000000000000009 84.177138079509419 258.50000000000006 -0.2971396217301247 -7.6186874304783068
decision_type=8 10 8 2 8 10 10 10
left_child=1 2 3 -1 -2 -6 -3 -4
right_child=4 6 7 -5 5 -7 -8 -9
leaf_value=-0.24764575090415347 -0.082378253448169653 -0.0034581339160263268 0.05047440311631339 0.086894296606194812 0.86994295205074046 0.012913719675563299 -0.8737347512177831 -0.12544266861705922
leaf_weight=51 64 75 40 191 50 67 71 78
leaf_count=51 64 75 40 191 50 67 71 78
internal_value=-4.30416e-05 -0.00174419 0.000324324 0.00285714 0.00424084 0.00732283 -0.00692308 -0.00421875
internal_weight=687 506 360 242 181 117 146 118
internal_count=687 506 360 242 181 117 146 118
is_linear=0
shrinkage=0.03


Tree=255
num_leaves=8
num_cat=0
split_feature=23 70 95 100 34 100 94
split_gain=5.16559 9.36235 8.85749 15.5533 4.73239 3.75752 1.25661
threshold=10656.500000000002 1.0000000180025095e-35 182.92857142857147 103.93952969009666 80.500000000000014 131.52255948131526 243.50000000000003
decision_type=10 10 10 10 8 10 8
left_child=1 4 3 -3 -1 -4 -6
right_child=-2 2 5 -5 6 -7 -8
leaf_value=-0.012998603331617885 -1.5383994778070043 -0.028989026415970648 -0.046080797488211825 0.70300056906089625 3.1691355592969832 -2.2247872406246589 0.15390947140004044
leaf_weight=42 60 280 43 112 46 60 44
leaf_count=42 60 280 43 112 46 60 44
internal_value=0.000731707 0.00164835 -0.000178218 0.00179104 0.0084507 -0.00769912 0.012
internal_weight=687 627 495 392 132 103 90
internal_count=687 627 495 392 132 103 90
is_linear=0
shrinkage=0.03


Tree=256
num_leaves=8
num_cat=0
split_feature=67 43 52 56 52 52 52
split_gain=6.33891 9.28378 12.8208 13.2649 7.51658 9.9229 7.15928
threshold=-124.03333333333332 7810.5000000000009 262.75838047786027 237.55683162368555 94.677586074994096 119.60198360586084 78.60473595170798
decision_type=8 8 10 10 10 10 10
left_child=-1 4 3 -3 6 -6 -2
right_child=1 2 -4 -5 5 -7 -8
leaf_value=-0.97411354484894075 -0.0057582856435921311 0.022939111985421708 -0.15085512531267226 2.523913868355256 -0.95552428375893184 -0.052986588640785648 0.40055743589360537
leaf_weight=58 101 74 64 95 53 190 60
leaf_count=58 101 74 64 95 53 190 60
internal_value=0.000638298 0.00162287 0.0062963 0.0105587 -0.00101449 -0.00438735 0.00368421
internal_weight=695 637 233 169 404 243 161
internal_count=695 637 233 169 404 243 161
is_linear=0
shrinkage=0.03


Tree=257
num_leaves=8
num_cat=0
split_feature=54 80 95 95 33 34 42
split_gain=7.84253 11.5519 10.6044 8.59187 6.05599 5.80659 1.54556
threshold=11076.000000000002 81.581782182244169 117.57142857142858 82.500000000000014 21.500000000000004 352.50000000000006 291.00000000000006
decision_type=10 10 8 10 8 10 10
left_child=1 2 3 -1 -4 6 -3
right_child=-2 5 4 -5 -6 -7 -8
leaf_value=0.052035221379995736 -0.28486365648154105 -0.76394546602561098 0.0082609450438563669 -0.31132722980735605 0.70079349387284595 0.03571980765789233 -0.20784060398476045
leaf_weight=96 57 44 107 108 183 52 41
leaf_count=96 57 44 107 108 183 52 41
internal_value=0.00025788 0.00135725 0.00357143 -0.00140187 0.0072 -0.00591837 -0.0104211
internal_weight=688 631 494 204 290 137 85
internal_count=688 631 494 204 290 137 85
is_linear=0
shrinkage=0.03


Tree=258
num_leaves=9
num_cat=0
split_feature=109 71 26 95 95 47 100 109
split_gain=7.04406 8.17838 9.27237 6.81463 6.94921 8.79245 4.81766 3.55476
threshold=22.956952169076754 96.785714285714292 321.50000000000006 84.142857142857153 101.92857142857143 6171.0714285714303 13.651846045294688 53.048609566184652
decision_type=8 8 8 10 10 10 8 8
left_child=3 7 -3 6 -5 -6 -1 -2
right_child=1 2 -4 4 5 -7 -8 -9
leaf_value=-0.0067167001630184225 2.9113147795892949 -0.60099724455673986 0.79433745396476219 -1.0448538513596581 1.1687607452947957 -0.087603759116470628 0.22299235049759836 0.16505876059430902
leaf_weight=42 40 49 41 51 40 330 44 52
leaf_count=42 40 49 41 51 40 330 44 52
internal_value=-0.000128755 0.0046875 -0.0012 -0.00203095 -0.0036891 -0.00189474 0.005 0.0105882
internal_weight=689 182 90 507 421 370 86 92
internal_count=689 182 90 507 421 370 86 92
is_linear=0
shrinkage=0.03


Tree=259
num_leaves=9
num_cat=0
split_feature=3 38 4 12 56 58 56 18
split_gain=5.50518 8.21017 8.08025 6.29413 9.99427 9.59084 5.32594 3.69223
threshold=8.5000000000000018 -0.69168827982616354 159.50000000000003 -0.24999999999999997 83.030190872775492 11373.500000000002 384.76705265793072 269.00000000000006
decision_type=2 10 2 2 8 8 10 10
left_child=1 -1 -3 6 -5 -6 7 -2
right_child=3 2 -4 4 5 -7 -8 -9
leaf_value=-0.64424731333021268 -0.17190664716537399 -0.20159753638683753 0.4239680728279186 -0.1434328233962413 0.28861189602983534 -0.28126950960492419 -0.49105307998358311 0.11141418235558148
leaf_weight=53 54 72 52 40 218 51 75 51
leaf_count=53 54 72 52 40 218 51 75 51
internal_value=-0.000532544 -0.00497326 0 0.00102204 0.00366771 0.00591398 -0.00315789 0.000782609
internal_weight=666 177 124 489 309 269 180 105
internal_count=666 177 124 489 309 269 180 105
is_linear=0
shrinkage=0.03


Tree=260
num_leaves=8
num_cat=0
split_feature=14 26 14 117 14 68 107
split_gain=6.8655 8.73338 8.37796 7.73222 9.38247 7.50943 6.16105
threshold=0.8511460603353429 100.00000000000001 0.71952396275653763 50.500000000000007 -0.61236746317008228 63.714815891672949 10.76785714285767
decision_type=2 10 2 10 2 10 10
left_child=2 -2 3 4 -1 -5 -3
right_child=1 6 -4 5 -6 -7 -8
leaf_value=-0.25495547512961819 0.12505655452593883 -4.795785303974351 1.1393438821716266 0.014857312611097483 0.05793097795762861 -1.0182192899656852 -0.0049333421449065896
leaf_weight=105 41 41 53 106 203 96 43
leaf_count=105 41 41 53 106 203 96 43
internal_value=-0.000773639 -0.00688889 0.000575916 -0.000576923 0.00226415 -0.00509434 -0.0121277
internal_weight=688 125 563 510 308 202 84
internal_count=688 125 563 510 308 202 84
is_linear=0
shrinkage=0.03


Tree=261
num_leaves=8
num_cat=0
split_feature=39 52 52 76 107 14 4
split_gain=6.90442 6.42958 4.77516 9.60586 7.7079 2.45605 1.92286
threshold=6455.0000000000009 80.429875935493882 377.4106634632513 50.79055994803641 43.357142857143138 0.82293497932636284 123.50000000000001
decision_type=10 8 10 10 10 2 2
left_child=1 6 3 -2 -5 -3 -1
right_child=2 5 -4 4 -6 -7 -8
leaf_value=-0.04287958330548939 -2.1984061802277779 0.48906372395448894 0.1897599245920594 0.036754660936848038 -0.26764871841211629 0.02840254291453469 0.038036618539486741
leaf_weight=40 55 73 48 283 72 51 46
leaf_count=40 55 73 48 283 72 51 46
internal_value=0.00132743 0.00572727 -0.000641026 -0.00185714 0 0.00985075 0
internal_weight=668 210 458 410 355 124 86
internal_count=668 210 458 410 355 124 86
is_linear=0
shrinkage=0.03


Tree=262
num_leaves=11
num_cat=0
split_feature=95 58 43 48 3 112 57 22 0 39
split_gain=7.00949 9.37059 10.3653 8.82247 8.12028 6.25693 10.5304 4.47123 4.09609 0.772976
threshold=180.92857142857147 8161.0000000000009 6599.5000000000009 144.25691734450399 25.500000000000004 8184.8152843370854 8257.5000000000018 -0.63378568810285574 3.5000000000000004 8875.5000000000018
decision_type=10 8 10 8 2 8 10 10 2 8
left_child=1 2 4 9 -1 -2 -7 -4 -8 -3
right_child=5 3 7 -5 -6 6 8 -9 -10 -11
leaf_value=0.040035204036637136 1.0977819515503155 3.6861680105535886 0.0071678457507701404 -0.098493093009362265 -0.41074772293998368 -1.0473349009686881 0.33952613068293314 -0.96174084848701569 -0.66412012199334869 0.099796750031744139
leaf_weight=199 41 43 41 43 46 71 65 68 48 40
leaf_count=199 41 43 41 43 46 71 65 68 48 40
internal_value=0.000461538 0.00257143 0 0.00926471 0.00341176 -0.00370213 -0.00618557 -0.00731092 0 0.0145161
internal_weight=705 480 354 126 245 225 184 109 113 83
internal_count=705 480 354 126 245 225 184 109 113 83
is_linear=0
shrinkage=0.03


Tree=263
num_leaves=11
num_cat=0
split_feature=67 98 118 18 59 40 14 3 3 28
split_gain=5.76724 12.9989 8.81617 8.53025 8.32941 6.38904 6.3136 4.95544 4.07224 4.02126
threshold=-45.616666666666653 368.50000000000006 440.00000000000006 223.50000000000003 -16.642857142857142 1.0000000180025095e-35 -0.42179730054635828 10.500000000000002 18.500000000000004 99.500000000000014
decision_type=8 10 10 10 8 10 2 2 2 10
left_child=1 3 9 -1 8 7 -7 -6 -2 -3
right_child=4 2 -4 -5 5 6 -8 -9 -10 -11
leaf_value=-1.8571699813436213 0.7473962180612389 0.075864012914131529 -0.059880206075895615 -0.011074293158531602 -0.043125363151265431 0.063476066937379866 -0.25312987513691071 0.12462930794915369 0.0069528103782474206 3.4342651012366199
leaf_weight=79 66 43 48 62 54 47 71 140 41 48
leaf_count=79 66 43 48 62 54 47 71 140 41 48
internal_value=0.000888575 -0.00227586 0.0038255 -0.00854305 0.00314685 0.000372671 -0.0046875 0.00382353 0.01 0.00920792
internal_weight=699 280 139 141 419 312 118 194 107 91
internal_count=699 280 139 141 419 312 118 194 107 91
is_linear=0
shrinkage=0.03


Tree=264
num_leaves=10
num_cat=0
split_feature=70 70 98 3 18 118 30 117 122
split_gain=7.79515 12.2995 9.34395 8.15307 8.405 7.60707 6.72321 5.21705 4.26082
threshold=86.500000000000014 99.000000000000014 434.50000000000006 17.500000000000004 276.50000000000006 -56.499999999999993 -0.77099665823547869 50.500000000000007 7906.0000000000009
decision_type=8 8 8 2 10 10 10 10 2
left_child=2 -2 5 8 -5 6 -1 -7 -3
right_child=1 3 -4 4 -6 7 -8 -9 -10
leaf_value=-0.089840057361444681 1.808865543095342 -0.00025856871284133829 1.6594947231345085 -0.11210274332011948 0.75281032856517749 0.15430622633999955 -1.7977018800517 -0.073750921557653504 -0.80615765180727317
leaf_weight=81 48 96 51 57 52 76 74 119 40
leaf_count=81 48 96 51 57 52 76 74 119 40
internal_value=0.000340909 0.00405941 -0.00226277 0.000823529 0.00680672 -0.00416667 -0.00890909 0 -0.00369863
internal_weight=694 293 401 245 109 350 155 195 136
internal_count=694 293 401 245 109 350 155 195 136
is_linear=0
shrinkage=0.03


Tree=265
num_leaves=7
num_cat=0
split_feature=23 57 112 4 100 23
split_gain=7.85047 9.24019 9.14281 8.74783 8.45868 2.01446
threshold=10710.500000000002 8526.0000000000018 8184.8152843370854 62.500000000000007 83.630641145660903 9535.5000000000018
decision_type=10 8 10 2 10 10
left_child=1 2 4 -4 -1 -3
right_child=-2 5 3 -5 -6 -7
leaf_value=-0.021626938230056823 -3.386181347444813 0.10270917849650658 0.44082272032431763 -1.6096265452432463 0.10205205629204023 2.6691916391152666
leaf_weight=193 57 40 40 72 241 41
leaf_count=193 57 40 40 72 241 41
internal_value=0.000259366 0.00136578 0 -0.00737705 0.00189189 0.0102198
internal_weight=684 627 546 112 434 81
internal_count=684 627 546 112 434 81
is_linear=0
shrinkage=0.03


Tree=266
num_leaves=8
num_cat=0
split_feature=75 87 4 71 33 38 94
split_gain=4.84006 10.9746 5.93444 9.05996 5.83355 3.69466 2.88411
threshold=123.03571428571429 123.50000000000001 321.50000000000006 39.500000000000007 119.50000000000001 -0.56019522373377251 251.50000000000003
decision_type=10 8 2 10 10 10 10
left_child=1 2 3 -1 5 -3 -6
right_child=-2 4 -4 -5 6 -7 -8
leaf_value=0.01953173473284835 -0.34775947631489484 0.048862111295576237 0.7100478528669657 -0.24487941367451668 0.2681511142114254 0.63842094192362098 -0.31204028351375285
leaf_weight=126 73 56 40 201 44 60 52
leaf_count=126 73 56 40 201 44 60 52
internal_value=0 0.000865874 -0.00214854 -0.00364985 0.00621622 0.0104762 0
internal_weight=652 579 367 327 212 116 96
internal_count=652 579 367 327 212 116 96
is_linear=0
shrinkage=0.03


Tree=267
num_leaves=7
num_cat=0
split_feature=98 99 74 52 86 59
split_gain=5.9083 13.8157 7.10615 9.0807 6.45029 4.16307
threshold=395.00000000000006 201.82142857142858 161.50000000000003 145.26114850180673 209.00000000000003 -131.35714285714283
decision_type=8 8 10 10 10 10
left_child=1 2 4 -4 -1 -2
right_child=5 -3 3 -5 -6 -7
leaf_value=-0.0058917636400696695 -0.0081105466374879146 -3.4716860684539341 -0.012028505897295715 0.90738319580279836 -0.89633423293280023 1.1167103027419605
leaf_weight=189 54 44 194 107 45 57
leaf_count=189 54 44 194 107 45 57
internal_value=8.57143e-05 -0.00106961 0.000275229 0.00337621 -0.00344262 0.00619835
internal_weight=690 579 535 301 234 111
internal_count=690 579 535 301 234 111
is_linear=0
shrinkage=0.03


Tree=268
num_leaves=5
num_cat=0
split_feature=57 31 95 116
split_gain=4.69969 7.50421 10.01 6.62437
threshold=9774.5000000000018 10080.500000000002 208.14285714285717 -3.4999999999999996
decision_type=10 10 10 10
left_child=1 2 3 -1
right_child=-2 -3 -4 -5
leaf_value=0.068421449774061074 -3.9874715543455284 1.9104919274069658 -1.0489460471516934 -0.014047670437668386
leaf_weight=305 41 42 45 257
leaf_count=305 41 42 45 257
internal_value=0.000942857 0.00168437 0.000632091 0.00188811
internal_weight=690 649 607 562
internal_count=690 649 607 562
is_linear=0
shrinkage=0.03


Tree=269
num_leaves=11
num_cat=0
split_feature=122 19 39 122 96 50 114 70 57 39
split_gain=6.08087 12.0251 7.98206 7.47682 11.2684 6.90861 6.02968 5.77528 4.68055 3.21855
threshold=7955.0000000000009 6705.5000000000009 8247.5000000000018 6156.5000000000009 75.384053438021922 10687.000000000002 16.530475509687502 147.00000000000003 7639.0000000000009 8881.5000000000018
decision_type=2 8 10 2 10 10 10 10 8 10
left_child=1 3 8 4 -1 9 -5 -3 -2 -4
right_child=2 7 5 6 -6 -7 -8 -9 -10 -11
leaf_value=-0.0091517114717005656 -0.038105937757820244 1.1478874225758977 -0.063271008599182887 -0.72954225993624122 1.9200757189534454 -0.81880277729498285 0.0030502501288545859 0.023097223007076478 -1.5710023594184539 0.59116985789639809
leaf_weight=95 48 79 40 82 40 72 60 46 48 65
leaf_count=95 48 79 40 82 40 72 60 46 48 65
internal_value=0.000218978 0.00262136 -0.0030742 -0.000731707 0.00393103 0.000481283 -0.00552632 0.01 -0.00962264 0.00547826
internal_weight=675 402 273 277 135 177 142 125 96 105
internal_count=675 402 273 277 135 177 142 125 96 105
is_linear=0
shrinkage=0.03


Tree=270
num_leaves=6
num_cat=0
split_feature=22 25 75 14 19
split_gain=5.40846 5.53275 6.0696 8.97416 5.4496
threshold=1.7040983945998958 186.50000000000003 96.321428571428598 -0.46800559042974538 9669.0000000000018
decision_type=8 8 8 2 10
left_child=1 2 4 -4 -1
right_child=-2 -3 3 -5 -6
leaf_value=0.0040441114985428324 0.57278547500618515 -0.20306640903300036 -0.15181889625539824 0.66899961287005794 -0.58324459447607291
leaf_weight=353 49 58 66 89 55
leaf_count=353 49 58 66 89 55
internal_value=0.000970588 4.75436e-05 0.00109948 0.006 -0.000717703
internal_weight=670 621 563 155 408
internal_count=670 621 563 155 408
is_linear=0
shrinkage=0.03


Tree=271
num_leaves=8
num_cat=0
split_feature=70 102 87 92 67 114 3
split_gain=8.52236 12.9765 9.21227 12.5309 5.43247 10.5871 3.10769
threshold=1.0000000180025095e-35 352.50000000000006 92.642857142857153 69.528380569614896 -45.616666666666653 -20.864911683404518 15.500000000000002
decision_type=10 10 10 10 10 10 2
left_child=2 4 3 -1 -2 -6 -3
right_child=1 6 -4 -5 5 -7 -8
leaf_value=0.5075005002935884 -0.76290783635561688 -1.3481132757753278 1.6412392405264722 -1.9589013621551421 1.5076652785616942 -3.3152393253619295e-05 -0.62289492887488651
leaf_weight=57 60 53 75 46 44 296 42
leaf_count=57 60 53 75 46 44 296 42
internal_value=0.000219619 -0.00172277 0.00574468 0 0.000585366 0.00222857 -0.0111429
internal_weight=673 495 178 103 400 340 95
internal_count=673 495 178 103 400 340 95
is_linear=0
shrinkage=0.03


Tree=272
num_leaves=13
num_cat=0
split_feature=18 108 107 122 67 119 64 36 46 36 18 74
split_gain=6.07914 8.39327 8.07071 7.17839 10.0306 5.15051 10.9252 4.35572 3.05201 2.556 2.23001 2.06032
threshold=180.50000000000003 -91.549450549450611 -19.142857142857046 7955.0000000000009 7.8833333333333337 0.024538709257434291 79.282268296248319 188.50000000000003 -0.18215757200764068 142.50000000000003 96.500000000000014 166.50000000000003
decision_type=10 8 10 2 10 10 10 10 8 10 10 10
left_child=1 -1 10 4 11 6 -5 -6 -4 -7 -3 -2
right_child=3 2 8 5 7 9 -8 -9 -10 -11 -12 -13
leaf_value=0.48768149662756172 0.026239237027839975 -0.040674445080219356 -0.034926039533591149 -0.39189679864724286 -0.035741901443304018 -0.78019600092242847 0.51456322658571396 0.13416738124081945 0.053237905958485779 -0.01804904426328335 -5.1214285051671968 1.4456617529465601
leaf_weight=41 46 48 51 77 77 43 49 47 48 41 41 65
leaf_count=41 46 48 51 77 77 43 49 47 48 41 41 65
internal_value=0.000877193 -0.00288703 -0.00575758 0.00296703 0.0064898 -0.000818182 0.00264706 0 0 -0.00638298 -0.0118182 0.0126446
internal_weight=674 229 188 445 235 210 126 124 99 84 89 111
internal_count=674 229 188 445 235 210 126 124 99 84 89 111
is_linear=0
shrinkage=0.03


Tree=273
num_leaves=10
num_cat=0
split_feature=3 109 103 49 14 3 66 98 60
split_gain=8.52887 8.24085 7.07852 11.1584 7.10997 6.98782 6.93217 7.51724 1.35719
threshold=8.5000000000000018 11.131479421579558 114.43333333333335 7741.0000000000009 -0.89404254237865755 24.500000000000004 7.5000000000000009 194.50000000000003 42.46195428897628
decision_type=2 8 8 8 2 2 10 10 10
left_child=1 8 6 4 -4 -5 -2 -8 -1
right_child=2 -3 3 5 -6 -7 7 -9 -10
leaf_value=-0.02371423896519154 0.1310517033996477 0.11085015369886378 0.022671085586314064 -0.19404108609433671 1.3578982050730908 0.91582279317567039 -0.42845652288743952 0.020576334105780348 -0.85848529470222501
leaf_weight=46 40 63 63 148 100 54 48 40 69
leaf_count=46 40 63 63 148 100 54 48 40 69
internal_value=-0.000220264 -0.00574468 0.00172962 0.00392 0.00953757 -0.000566038 -0.00391304 -0.00857143 -0.01032
internal_weight=671 178 493 365 163 202 128 88 115
internal_count=671 178 493 365 163 202 128 88 115
is_linear=0
shrinkage=0.03


Tree=274
num_leaves=8
num_cat=0
split_feature=22 3 109 82 22 83 29
split_gain=8.85934 6.31915 6.01881 5.40916 7.23462 3.87604 0.479207
threshold=-1.8598977224916045 6.5000000000000009 11.131479421579558 256.50000000000006 -1.1790306531212267 153.64285714285717 141.50000000000003
decision_type=8 2 8 10 10 10 10
left_child=-1 2 6 4 -3 -5 -2
right_child=1 3 -4 5 -6 -7 -8
leaf_value=-0.83273073586115798 -0.30940453629228143 0.65393112441589962 0.17036119778501202 -0.75304358425384288 0.048616003693258525 0.029951159456940102 -0.35635278565699008
leaf_weight=49 40 40 46 57 374 43 41
leaf_count=49 40 40 46 57 374 43 41
internal_value=0.000342857 0.00142857 -0.00416058 0.0029771 0.0045283 -0.00272727 -0.0089011
internal_weight=690 641 127 514 414 100 81
internal_count=690 641 127 514 414 100 81
is_linear=0
shrinkage=0.03


Tree=275
num_leaves=8
num_cat=0
split_feature=14 70 84 86 3 80 64
split_gain=7.76896 7.32226 10.0188 7.81312 6.64132 5.52739 4.56132
threshold=0.86439018870140905 115.50000000000001 42.974141732598419 190.50000000000003 14.500000000000002 74.804785942959327 50.153752373267238
decision_type=2 10 10 10 2 8 8
left_child=1 2 4 -4 -1 -2 -3
right_child=5 6 3 -5 -6 -7 -8
leaf_value=0.022316226593100411 -1.4376434240177252 -0.46026922165162915 1.7748782127974263 0.065153456913142949 -0.29401704041172694 0.018157901025386707 0.025437444006260534
leaf_weight=57 70 76 61 265 45 47 75
leaf_count=57 70 76 61 265 45 47 75
internal_value=0.000254958 0.00178268 0.00383562 0.00642857 -0.00375 -0.00637795 -0.00354037
internal_weight=696 579 428 326 102 117 151
internal_count=696 579 428 326 102 117 151
is_linear=0
shrinkage=0.03


Tree=276
num_leaves=8
num_cat=0
split_feature=22 92 90 34 25 87 42
split_gain=5.18337 4.47056 8.79548 10.1483 5.10303 4.53602 2.83919
threshold=-1.6823118313939398 95.253312680633471 223.00000000000003 187.50000000000003 94.000000000000014 123.64285714285715 317.50000000000006
decision_type=8 10 8 10 10 10 10
left_child=-1 2 3 -2 -3 -4 -6
right_child=1 4 5 -5 6 -7 -8
leaf_value=-0.4062412820740951 0.046090045388493282 -0.52091638083422731 0.098866456024361032 -0.50830728423094818 0.19313389707000594 1.0507736381698234 -0.13486687224501737
leaf_weight=55 182 53 98 92 59 81 50
leaf_count=55 182 53 98 92 59 81 50
internal_value=0.000970588 0.001872 0.00343413 0 -0.00209302 0.0084127 0.0012605
internal_weight=670 615 453 274 162 179 109
internal_count=670 615 453 274 162 179 109
is_linear=0
shrinkage=0.03


Tree=277
num_leaves=5
num_cat=0
split_feature=22 68 52 74
split_gain=5.51548 6.7639 8.49248 9.2956
threshold=1.727079236188356 28.064077652314104 364.04099448141341 158.50000000000003
decision_type=8 10 10 10
left_child=1 -1 3 -3
right_child=-2 2 -4 -5
leaf_value=0.04560607714186956 0.73572079430889303 -0.30551382553238282 0.19333900898422504 -0.0018180943750206778
leaf_weight=78 47 177 66 318
leaf_count=78 47 177 66 318
internal_value=0 -0.000785824 -0.00204904 -0.00350495
internal_weight=686 639 561 495
internal_count=686 639 561 495
is_linear=0
shrinkage=0.03


Tree=278
num_leaves=9
num_cat=0
split_feature=3 38 56 120 18 120 4 20
split_gain=5.48893 8.75927 5.4752 6.61314 11.4149 10.7094 5.06522 3.43786
threshold=8.5000000000000018 -0.54934277366212581 79.776144022945644 0.043276912924159812 236.00000000000003 0.075159176201618286 159.50000000000003 69.500000000000014
decision_type=2 10 10 10 10 10 2 10
left_child=1 -1 -2 4 -4 -5 7 -3
right_child=2 6 3 5 -6 -7 -8 -9
leaf_value=-0.48434555279437308 -0.13074234425689565 0.0086687641778167897 0.00045332092351987538 -0.25023432633916598 0.73398276333427159 0.5884286541358793 0.57751772437751481 -0.78174803382344216
leaf_weight=68 54 40 200 49 141 50 46 42
leaf_count=68 54 40 200 49 141 50 46 42
internal_value=-0.000171429 -0.00436893 0.00142857 0.00266667 0.00470085 -0.00357798 0 -0.00391304
internal_weight=690 196 494 440 341 99 128 82
internal_count=690 196 494 440 341 99 128 82
is_linear=0
shrinkage=0.03


Tree=279
num_leaves=9
num_cat=0
split_feature=70 57 67 34 115 113 122 95
split_gain=6.62931 12.5887 10.0875 7.07865 6.80031 4.96171 4.66373 0.449581
threshold=4.5000000000000009 9400.0000000000018 -36.18333333333333 74.000000000000014 -18.056330132829412 -48.136839202646463 6140.5000000000009 196.42857142857147
decision_type=8 10 8 10 8 10 2 10
left_child=1 3 5 -1 -4 -2 -6 -5
right_child=2 -3 4 7 6 -7 -8 -9
leaf_value=-0.0088358831897630101 -3.0187212928509868 -0.15412958549143924 1.7174791627014778 2.728090833689464 0.079283705313087829 -0.020129421206824247 -0.02655133771578427 0.75684671888079147
leaf_weight=46 63 69 52 49 63 49 251 40
leaf_count=46 63 69 52 49 63 49 251 40
internal_value=0 0.00448598 -0.00184426 0.00972414 0.000478723 -0.00934426 -0.00111111 0.0142424
internal_weight=682 204 478 135 366 112 314 89
internal_count=682 204 478 135 366 112 314 89
is_linear=0
shrinkage=0.03


Tree=280
num_leaves=7
num_cat=0
split_feature=22 71 74 43 96 4
split_gain=5.92622 6.84638 11.0183 9.45618 7.36211 2.02496
threshold=1.4796320775561036 38.642857142857153 134.50000000000003 7810.5000000000009 76.344252552494964 101.50000000000001
decision_type=8 8 8 10 10 2
left_child=1 4 5 -4 -1 -3
right_child=-2 2 3 -5 -6 -7
leaf_value=-0.0028018765262065415 0.14991847723898821 -2.0683165214847974 -0.086953026470007411 0.15108652896729069 0.96438940153116015 -0.085953023025482481
leaf_weight=79 70 44 256 145 44 40
leaf_count=79 70 44 256 145 44 40
internal_value=-8.72093e-05 -0.00116505 -0.00284848 -0.000510949 0.00473684 -0.0121277
internal_weight=678 608 485 401 123 84
internal_count=678 608 485 401 123 84
is_linear=0
shrinkage=0.03


Tree=281
num_leaves=10
num_cat=0
split_feature=18 120 43 96 57 95 52 4 94
split_gain=5.17262 12.1106 12.0172 9.66747 9.54166 7.16664 6.52 4.38952 2.2421
threshold=242.50000000000003 0.054289830569597804 7587.5000000000009 165.4255440145287 7404.0000000000009 122.07142857142858 94.677586074994096 87.500000000000014 251.50000000000003
decision_type=8 10 8 10 10 10 10 2 10
left_child=3 2 6 4 5 -1 -2 -4 -6
right_child=1 -3 7 -5 8 -7 -8 -9 -10
leaf_value=-0.027953426877385962 0.24508188365365186 -0.23792108709061807 0.14655393309827217 1.385411025835291 -0.27478645208550018 0.063916544451442403 -0.47682721010357021 3.3814261261223386 -1.3628215591692856
leaf_weight=164 55 73 47 43 44 97 40 44 53
leaf_count=164 55 73 47 43 44 97 40 44 53
internal_value=0 0.0032342 0.00734694 -0.00211679 -0.00391304 -0.000553506 0 0.0145545 -0.0114953
internal_weight=660 259 186 401 358 261 95 91 97
internal_count=660 259 186 401 358 261 95 91 97
is_linear=0
shrinkage=0.03


Tree=282
num_leaves=9
num_cat=0
split_feature=3 40 13 102 18 36 108 18
split_gain=6.35077 8.04277 7.14658 6.3447 5.911 3.99874 4.329 2.46222
threshold=9.5000000000000018 1.0000000180025095e-35 0.90892735371523092 434.50000000000006 274.50000000000006 187.50000000000003 7.000000000000016 123.00000000000001
decision_type=2 10 2 10 10 10 10 10
left_child=5 2 3 -2 -3 6 7 -1
right_child=1 4 -4 -5 -6 -7 -8 -9
leaf_value=-0.013198053664215337 -0.0045117411397495744 -0.44245399094035115 0.24018426348458677 1.5805835068622214 0.11989935312667398 0.057945742476338748 -0.018214552073606356 -1.3013560314356947
leaf_weight=40 244 53 77 66 40 43 74 40
leaf_count=40 244 53 77 66 40 43 74 40
internal_value=0.000393013 0.00232653 0.0043073 0.001875 -0.00495146 -0.00391304 -0.00621951 -0.0106667
internal_weight=677 480 387 310 93 197 154 80
internal_count=677 480 387 310 93 197 154 80
is_linear=0
shrinkage=0.03


Tree=283
num_leaves=8
num_cat=0
split_feature=4 33 71 82 98 26 43
split_gain=6.60522 8.33967 6.58122 5.8605 6.88192 3.71933 2.33067
threshold=42.500000000000007 165.50000000000003 40.500000000000007 249.00000000000003 193.50000000000003 284.00000000000006 7728.5000000000009
decision_type=2 10 10 10 10 10 10
left_child=2 3 -1 4 -2 -3 -5
right_child=1 5 -4 6 -6 -7 -8
leaf_value=0.069087148193649167 -0.0034599693658771001 -0.76834041151892607 -0.85367845160447031 -0.57980077776440631 0.21520978063089799 -0.0052394205032631185 0.025719028579046607
leaf_weight=48 121 42 40 41 289 59 49
leaf_count=48 121 42 40 41 289 59 49
internal_value=0.000386266 0.00162029 -0.00673469 0.00329412 0.00485714 -0.00567568 -0.003
internal_weight=689 601 88 500 410 101 90
internal_count=689 601 88 500 410 101 90
is_linear=0
shrinkage=0.03


Tree=284
num_leaves=8
num_cat=0
split_feature=13 109 109 65 108 95 115
split_gain=5.79125 10.4486 7.06917 8.78353 9.21566 8.33933 7.36521
threshold=0.89404822654372251 -6.8436040044493236 22.817908787541779 -25.499999999999996 -84.263736263736291 212.85714285714286 17.647109517490254
decision_type=2 10 8 10 10 8 8
left_child=2 -2 3 4 -1 6 -4
right_child=1 -3 5 -5 -6 -7 -8
leaf_value=0.16010473729303612 0.63883074283053809 -0.062515274849443608 1.8533330353958246 0.044251007493483027 -0.24774602206640595 -0.16091926696916686 -0.0036753728927047288
leaf_weight=55 60 69 70 53 267 65 43
leaf_count=55 60 69 70 53 267 65 43
internal_value=0 0.00539568 -0.00143872 -0.00381818 -0.00578313 0.00319149 0.00804878
internal_weight=682 129 553 375 322 178 113
internal_count=682 129 553 375 322 178 113
is_linear=0
shrinkage=0.03


Tree=285
num_leaves=6
num_cat=0
split_feature=98 54 75 43 15
split_gain=6.51414 11.5407 5.66109 9.60673 9.42494
threshold=445.00000000000006 10750.000000000002 85.285714285714292 7810.5000000000009 4928.5000000000009
decision_type=8 8 10 10 10
left_child=1 2 4 -4 -1
right_child=-2 -3 3 -5 -6
leaf_value=-0.023088766095667079 1.5359262830905998 -2.7160111625110464 -0.2165277438643621 0.12004713764755422 0.12404245862488153
leaf_weight=92 49 48 186 105 195
leaf_count=92 49 48 186 105 195
internal_value=-0.000744526 -0.00169811 -0.000306122 -0.00328904 0.00252525
internal_weight=675 626 578 291 287
internal_count=675 626 578 291 287
is_linear=0
shrinkage=0.03


Tree=286
num_leaves=9
num_cat=0
split_feature=90 80 66 70 33 11 92 75
split_gain=6.50867 9.21018 7.30643 7.91466 6.46284 6.40246 5.8591 4.49599
threshold=221.00000000000003 84.958672690618172 38.500000000000007 45.000000000000007 165.50000000000003 0.68301270189221941 70.52898153847228 89.071428571428584
decision_type=8 10 10 10 8 2 10 10
left_child=2 4 3 6 7 -3 -1 -2
right_child=1 5 -4 -5 -6 -7 -8 -9
leaf_value=0.021346019380594682 0.043237535548923491 0.041746902039493813 -0.75348382158185456 0.37805904901824533 -0.046866342689147585 -1.309171246602592 -1.0339761765396098 0.56037512322734828
leaf_weight=118 87 47 75 49 69 50 73 116
leaf_count=118 87 47 75 49 69 50 73 116
internal_value=0.000345821 0.00308707 -0.00267692 0 0.00595745 -0.00420561 -0.00283582 0.00859155
internal_weight=684 369 315 240 272 97 191 203
internal_count=684 369 315 240 272 97 191 203
is_linear=0
shrinkage=0.03


Tree=287
num_leaves=10
num_cat=0
split_feature=44 96 19 21 34 84 5 113 46
split_gain=4.91835 8.67761 10.7126 8.70776 6.11031 5.97548 7.0097 3.2959 0.825502
threshold=186.50000000000003 79.034857961924246 7229.5000000000009 16.500000000000004 214.50000000000003 103.78553676563921 30.500000000000004 0.87918557247643825 -0.43059670129088617
decision_type=10 10 10 10 8 10 2 10 8
left_child=1 3 8 7 -4 6 -2 -1 -3
right_child=5 2 4 -5 -6 -7 -8 -9 -10
leaf_value=-0.023016112291496391 -0.87672849618319093 0.40052841350463597 0.46203068530357494 -0.2619573106471722 -0.13182337334126579 0.17347911686166029 -0.015249332698846025 0.072653865079177135 0.20771981702245157
leaf_weight=41 68 46 102 62 152 48 70 43 48
leaf_count=41 68 46 102 62 152 48 70 43 48
internal_value=0.00026087 0.00190476 0.00452514 -0.00384615 0.000909091 -0.00367347 -0.00689189 0.00191489 0.0126923
internal_weight=680 494 348 146 254 186 138 84 94
internal_count=680 494 348 146 254 186 138 84 94
is_linear=0
shrinkage=0.03


Tree=288
num_leaves=7
num_cat=0
split_feature=59 102 18 108 3 61
split_gain=7.30315 10.9475 6.73846 11.5227 7.03673 4.48039
threshold=-112.99999999999999 427.50000000000006 180.50000000000003 -4.0637362637364909 15.500000000000002 -317.99999999999994
decision_type=8 8 10 10 2 10
left_child=5 2 4 -4 -2 -1
right_child=1 -3 3 -5 -6 -7
leaf_value=0.059652880442450845 0.020642148082562244 2.1615776402712825 0.15184910008393984 -0.01172704242201199 -0.28802691558645194 -0.7847539380945403
leaf_weight=45 89 44 142 236 74 41
leaf_count=45 89 44 142 236 74 41
internal_value=0.00127753 0.00257143 0.00114338 0.00340206 -0.00364162 -0.00625
internal_weight=671 585 541 378 163 86
internal_count=671 585 541 378 163 86
is_linear=0
shrinkage=0.03


Tree=289
num_leaves=8
num_cat=0
split_feature=4 16 122 96 3 5 71
split_gain=6.02437 5.9155 6.39771 7.97668 6.86573 5.54062 5.3007
threshold=40.500000000000007 -113.49999999999999 7955.0000000000009 99.977338135537806 19.500000000000004 3.5000000000000004 81.142857142857153
decision_type=2 10 2 10 2 2 10
left_child=5 6 3 -3 -4 -1 -2
right_child=1 2 4 -5 -6 -7 -8
leaf_value=0.010411429993972661 0.50561941083874717 -0.0017469393513103171 -0.92720777284387679 0.60216738852187135 0.16760823559621585 -1.2095968225971656 0.023974413012221873
leaf_weight=46 44 244 107 90 60 46 47
leaf_count=46 44 244 107 90 60 46 47
internal_value=0.000172911 0.00139535 0 0.00244186 -0.00457627 -0.00647059 0.0080198
internal_weight=684 592 501 334 167 92 91
internal_count=684 592 501 334 167 92 91
is_linear=0
shrinkage=0.03


Tree=290
num_leaves=7
num_cat=0
split_feature=116 3 69 107 92 118
split_gain=5.83953 6.78663 8.45004 6.45486 4.95685 3.19487
threshold=-126.99999999999999 8.5000000000000018 -44.499999999999993 21.178571428571846 90.44497933624551 33.000000000000007
decision_type=8 2 10 8 8 10
left_child=-1 4 3 -3 5 -2
right_child=1 2 -4 -5 -6 -7
leaf_value=-0.73946727257580158 -0.27294963969222097 0.21438761229309611 -0.041389817198239878 -0.012123592609983901 0.017217573666151009 -0.007609403274844339
leaf_weight=56 44 264 65 144 70 50
leaf_count=56 44 264 65 144 70 50
internal_value=0.000213371 0.0011592 0.00304348 0.00473684 -0.0037931 -0.00807692
internal_weight=693 637 473 408 164 94
internal_count=693 637 473 408 164 94
is_linear=0
shrinkage=0.03


Tree=291
num_leaves=8
num_cat=0
split_feature=41 39 108 68 112 38 116
split_gain=6.48996 7.06145 10.0944 13.1216 7.06772 7.42544 3.95082
threshold=166.50000000000003 8247.5000000000018 32.640659340659219 108.35054125356693 8138.0307107129493 -1.2154543944640603 -1.4999999999999998
decision_type=8 10 10 10 10 10 10
left_child=1 4 3 -3 5 -1 -2
right_child=6 2 -4 -5 -6 -7 -8
leaf_value=-0.25921655293342183 -0.0090641608351961622 1.7996076470713984 -0.23789150455312238 -0.017065662659086767 -0.90582316802735341 0.028263781011391344 -0.88166912116015228
leaf_weight=64 61 78 40 54 43 273 51
leaf_count=64 61 78 40 54 43 273 51
internal_value=0.000267062 0.00170819 0.00659341 0.0105634 -0.000461538 0.000951009 -0.00590164
internal_weight=664 552 172 132 380 337 112
internal_count=664 552 172 132 380 337 112
is_linear=0
shrinkage=0.03


Tree=292
num_leaves=6
num_cat=0
split_feature=23 78 31 71 3
split_gain=6.87835 8.10545 8.90081 12.4358 8.90032
threshold=10656.500000000002 261.00000000000006 6075.0000000000009 8.4285714285714306 14.500000000000002
decision_type=10 10 8 10 2
left_child=1 2 3 -1 -4
right_child=-2 -3 4 -5 -6
leaf_value=0.022961560010397477 -2.6596825642641737 -0.55067007440471905 0.001937834614364533 -0.7120303348307766 0.15116142998179838
leaf_weight=56 61 49 211 53 254
leaf_count=56 61 49 211 53 254
internal_value=0.000691643 0.00175355 0.00287671 -0.00428571 0.00473684
internal_weight=684 623 574 109 465
internal_count=684 623 574 109 465
is_linear=0
shrinkage=0.03


Tree=293
num_leaves=7
num_cat=0
split_feature=48 35 56 14 95 69
split_gain=6.50708 7.83038 7.62921 11.1094 7.47097 5.1672
threshold=57.751081650354898 6007.5000000000009 237.55683162368555 -0.42179730054635828 164.00000000000003 -44.499999999999993
decision_type=8 8 8 2 10 10
left_child=5 -2 4 -4 -3 -1
right_child=1 2 3 -5 -6 -7
leaf_value=0.18575438752705409 -0.66506494835963903 0.03725328204508601 -0.060482404352844549 0.46017759457222779 -0.87397299305334997 -0.0023252593096968256
leaf_weight=75 72 69 142 183 87 52
leaf_count=75 72 69 142 183 87 52
internal_value=0.000434783 -0.000905861 0.000427699 0.00313433 -0.0046988 0.00635036
internal_weight=680 553 481 325 156 127
internal_count=680 553 481 325 156 127
is_linear=0
shrinkage=0.03


Tree=294
num_leaves=9
num_cat=0
split_feature=4 80 94 66 56 42 116 115
split_gain=4.96447 7.78616 4.71477 9.3419 7.51437 6.62501 4.7638 4.39926
threshold=40.500000000000007 62.066319606030234 243.50000000000003 72.000000000000014 79.776144022945644 212.50000000000003 -32.499999999999993 23.970768805565417
decision_type=2 8 10 10 8 10 10 10
left_child=1 -1 4 5 -2 -4 -6 -5
right_child=2 -3 3 7 6 -7 -8 -9
leaf_value=-6.3368069557228726 -0.052528252458078836 0.10635957912006574 0.072723541790907689 0.14180666211191537 0.34738895766045158 -0.64406379947036208 0.065770496585738095 -0.061047904782689955
leaf_weight=43 51 43 44 90 81 91 172 47
leaf_count=43 51 43 44 90 81 91 172 47
internal_value=0.00116071 -0.005 0.00225256 -0.000425532 0.00477707 -0.006 0.00695817 0.00469388
internal_weight=662 86 576 272 304 135 253 137
internal_count=662 86 576 272 304 135 253 137
is_linear=0
shrinkage=0.03


Tree=295
num_leaves=10
num_cat=0
split_feature=59 76 95 55 68 91 3 114 22
split_gain=5.61965 8.09899 9.47544 8.29173 5.91868 5.18736 3.66975 4.49798 4.00282
threshold=4.3571428571428585 53.035202130801501 209.50000000000003 10828.900000000003 87.445331392268955 145.53333333333336 16.500000000000004 22.462876233784829 -0.042767109404301389
decision_type=8 8 10 8 10 8 2 8 10
left_child=1 3 5 4 -1 -3 8 -8 -2
right_child=6 2 -4 -5 -6 -7 7 -9 -10
leaf_value=-0.015717032945725008 0.013130608221113107 0.68004660076453372 -0.074143545767795874 -4.7239342596163976 0.37371708817044141 0.020832408176768808 -0.052723394868423555 0.21906467963321488 -0.98848162734137268
leaf_weight=114 49 179 74 40 42 49 49 40 61
leaf_count=114 49 179 74 40 42 49 49 40 61
internal_value=0.00157001 0.00330709 0.00634615 -0.00116505 0.00180723 0.00932773 -0.00244019 0.00151515 -0.006
internal_weight=697 498 302 196 156 228 199 89 110
internal_count=697 498 302 196 156 228 199 89 110
is_linear=0
shrinkage=0.03


Tree=296
num_leaves=11
num_cat=0
split_feature=27 42 69 72 78 30 14 106 40 87
split_gain=6.31381 9.62605 7.53668 9.08867 7.04372 10.8412 9.61981 6.11244 1.74095 0.331199
threshold=5974.5000000000009 225.50000000000003 -208.99999999999997 62.791849204579236 204.50000000000003 0.28446552746499437 -0.45273527932988084 229.50000000000003 -1.4999999999999998 123.03571428571429
decision_type=8 10 10 8 10 10 2 10 10 10
left_child=7 2 3 -2 5 -3 -6 8 -1 -4
right_child=1 4 9 -5 6 -7 -8 -9 -10 -11
leaf_value=0.058700982829313304 0.39659335698321307 -0.44575441208281857 0.2290298198015705 -0.072688135520123112 -0.56279203394785893 0.067721910026779561 0.73716318493077382 -0.88504409427102781 -0.053582254872373128 1.2109209063691018
leaf_weight=40 90 125 42 56 56 51 81 57 43 49
leaf_count=40 90 125 42 56 56 51 81 57 43 49
internal_value=0.000942857 0.00246429 0.00692308 0.00192308 -0.000835913 -0.00483871 0.00387755 -0.0044 0.000322581 0.0133663
internal_weight=690 550 237 146 313 176 137 140 83 91
internal_count=690 550 237 146 313 176 137 140 83 91
is_linear=0
shrinkage=0.03


Tree=297
num_leaves=8
num_cat=0
split_feature=99 102 66 17 30 74 78
split_gain=5.61533 10.3964 7.54592 7.09687 4.8007 9.30485 6.50616
threshold=201.89285714285717 434.50000000000006 1.0000000180025095e-35 21.500000000000004 0.44976325481742579 161.50000000000003 193.50000000000003
decision_type=10 10 10 10 10 10 10
left_child=2 -2 3 -1 5 -4 -6
right_child=1 -3 4 -5 6 -7 -8
leaf_value=0.81122443908683206 -3.1158818544220117 0.17449730776967426 -0.1138322914571205 0.0074245117072102929 0.17012917406748501 0.033246134248459069 -0.025107267401951246
leaf_weight=63 49 65 111 77 54 189 78
leaf_count=63 49 65 111 77 54 189 78
internal_value=0.0012931 -0.00435484 0.00257732 0.0084 0.00040724 -0.00154839 0.00507042
internal_weight=686 114 572 140 432 300 132
internal_count=686 114 572 140 432 300 132
is_linear=0
shrinkage=0.03


Tree=298
num_leaves=10
num_cat=0
split_feature=78 13 72 59 80 70 108 98 80
split_gain=4.40467 6.96903 7.08732 7.0741 5.12125 8.97778 6.6415 6.85351 3.65212
threshold=171.00000000000003 0.90892735371523092 62.791849204579236 24.857142857142861 48.261744623298718 12.000000000000002 12.473626373625979 291.00000000000006 66.708321649098281
decision_type=8 2 10 10 10 10 10 10 8
left_child=4 2 8 -4 5 -1 7 -6 -2
right_child=1 -3 3 -5 6 -7 -8 -9 -10
leaf_value=0.15111520052443239 1.4786041072140834 0.51330678289310328 -0.10911482345580246 0.12145084003819448 -0.02161299155642581 -0.049023786123012447 0.07376409696180232 -3.1261241852999708 0.0097108210262921088
leaf_weight=70 41 72 180 65 51 46 41 46 42
leaf_count=70 41 72 180 65 51 46 41 46 42
internal_value=0.00108434 0.00307317 0.000887574 -0.00152941 -0.00181818 0.00238095 -0.00567568 -0.00981308 0.00806452
internal_weight=654 400 328 245 254 116 138 97 83
internal_count=654 400 328 245 254 116 138 97 83
is_linear=0
shrinkage=0.03


Tree=299
num_leaves=9
num_cat=0
split_feature=96 95 54 14 3 74 41 36
split_gain=8.92632 9.2101 6.07822 9.48437 13.1238 7.20856 4.56264 1.00787
threshold=79.034857961924246 82.500000000000014 11076.000000000002 -0.45273527932988084 9.5000000000000018 175.00000000000003 9.5000000000000018 158.50000000000003
decision_type=8 10 8 2 2 10 10 10
left_child=1 6 3 5 -5 -2 -1 -3
right_child=2 7 -4 4 -6 -7 -8 -9
leaf_value=-0.010337319128010378 0.092595443862077784 -1.0368651695269475 -0.55833698557621225 -0.021029053265898767 0.85037544781670926 -0.50074900035240677 0.1284345564965477 -0.024049100542635704
leaf_weight=44 93 41 70 72 187 98 41 40
leaf_count=44 93 41 70 72 187 98 41 40
internal_value=0.00163793 -0.00409091 0.00362264 0.00495652 0.00858736 0 0.00221053 -0.0108791
internal_weight=686 166 520 450 259 191 85 81
internal_count=686 166 520 450 259 191 85 81
is_linear=0
shrinkage=0.03


Tree=300
num_leaves=11
num_cat=0
split_feature=106 56 122 116 119 18 17 50 46 66
split_gain=8.00418 9.8179 9.71847 8.57155 5.92914 5.26635 5.79814 4.54599 4.47126 2.70314
threshold=299.50000000000006 134.57633526429399 7955.0000000000009 -74.499999999999986 0.025594149746279497 269.00000000000006 45.000000000000007 6272.0000000000009 -0.060527226723644516 51.000000000000007
decision_type=8 10 2 10 10 8 10 10 10 10
left_child=1 7 5 -4 -5 6 -2 -1 9 -3
right_child=2 8 3 4 -6 -7 -8 -9 -10 -11
leaf_value=0.051592550399948887 0.56275465679026748 -0.0096976922676452661 -1.8992634201906649 0.22961862485195667 -0.077550143539143052 1.4792997435435611 -0.20687527235949416 -0.018034026480287509 0.023697237263532643 -0.8985300090847298
leaf_weight=55 51 43 62 124 86 52 41 41 51 70
leaf_count=55 51 43 62 124 86 52 41 41 51 70
internal_value=0.00148688 -0.00244444 0.00408451 0.000425532 0.00354545 0.0101299 0.00411765 0.0045283 -0.00689655 -0.01
internal_weight=676 260 416 272 210 144 92 96 164 113
internal_count=676 260 416 272 210 144 92 96 164 113
is_linear=0
shrinkage=0.03


Tree=301
num_leaves=9
num_cat=0
split_feature=43 46 43 3 91 118 38 122
split_gain=5.54427 11.1922 8.52243 7.57603 7.50698 8.03322 6.47589 0.162759
threshold=7746.5000000000009 -0.52885181647475121 7307.5000000000009 25.500000000000004 106.66666666666667 433.50000000000006 -1.206564070491922 8427.5000000000018
decision_type=8 8 10 2 8 8 10 2
left_child=2 7 3 6 -3 -6 -1 -2
right_child=1 4 -4 -5 5 -7 -8 -9
leaf_value=-0.051606091285842405 0.4625460611941844 -1.1968010371230933 -0.98855749408388871 -0.39260326382869259 0.298046781949655 -0.8344033542477175 0.068273985443611587 0.15573827320346104
leaf_weight=49 40 62 79 52 103 47 191 48
leaf_count=49 40 62 79 52 103 47 191 48
internal_value=0.00145374 0.00445161 -0.000866142 0.00139073 0.00027027 0.004125 0.00384 0.0128571
internal_weight=671 300 371 292 212 150 240 88
internal_count=671 300 371 292 212 150 240 88
is_linear=0
shrinkage=0.03


Tree=302
num_leaves=11
num_cat=0
split_feature=95 95 42 84 52 43 3 25 56 83
split_gain=8.03439 7.28059 6.86002 5.00684 6.83832 6.19524 4.83581 4.72567 2.26979 1.35757
threshold=100.28571428571429 82.500000000000014 225.50000000000003 90.838722301603141 311.80920558979307 7494.5000000000009 10.500000000000002 123.50000000000001 273.33742691624315 7.7857142857142865
decision_type=10 8 10 10 10 10 2 10 10 10
left_child=1 9 6 4 -4 -5 8 -8 -2 -1
right_child=2 -3 3 5 -6 -7 7 -9 -10 -11
leaf_value=-0.037476599203143481 -0.032903993013057825 -0.90768972238201495 -0.20356334809375809 -0.26307055335376361 0.10828689626917935 0.53166563180078641 0.52093073501369425 0.02092982756990196 0.2307284762588071 0.028393571093373069
leaf_weight=41 42 64 108 56 49 89 105 42 41 40
leaf_count=41 42 64 108 56 49 89 105 42 41 40
internal_value=0.00144105 -0.00445161 0.00321033 0 -0.00341317 0.00406452 0.007 0.0101274 0.000322581 0.000989011
internal_weight=677 145 532 302 157 145 230 147 83 81
internal_count=677 145 532 302 157 145 230 147 83 81
is_linear=0
shrinkage=0.03


Tree=303
num_leaves=10
num_cat=0
split_feature=74 118 120 108 64 25 72 49 115
split_gain=4.36479 8.84886 7.82941 11.4016 6.10205 5.13778 5.06407 1.95814 1.85426
threshold=161.50000000000003 25.500000000000004 0.033982293319527297 -91.549450549450611 37.162903798830875 110.50000000000001 86.091549544583174 7801.5000000000009 3.7467834983522059
decision_type=8 10 10 8 8 10 10 10 8
left_child=2 8 3 -1 -5 7 -7 -3 -2
right_child=1 5 -4 4 -6 6 -8 -9 -10
leaf_value=0.29701576257365375 2.2083203663515358 0.0147006132650759 0.0734090861226602 0.0018085154957434924 -0.89379276390848139 -0.74339337708631903 0.051847756449271289 0.18788005291275026 0.049838346516162334
leaf_weight=46 42 61 61 75 124 66 59 43 72
leaf_count=46 42 61 61 75 124 66 59 43 72
internal_value=0.00186646 0.00416431 -0.00056962 -0.00317647 -0.00645933 0.000376569 -0.00333333 0.00526316 0.0106452
internal_weight=649 343 306 245 199 229 125 104 114
internal_count=649 343 306 245 199 229 125 104 114
is_linear=0
shrinkage=0.03


Tree=304
num_leaves=8
num_cat=0
split_feature=33 35 39 43 34 99 79
split_gain=6.55275 6.03996 8.95079 10.0163 8.65555 4.83465 3.95697
threshold=158.50000000000003 5952.5000000000009 7393.0000000000009 7836.5000000000009 61.500000000000007 175.07142857142858 85.65000000000002
decision_type=10 8 10 10 10 10 8
left_child=1 4 6 -4 -1 -2 -3
right_child=5 2 3 -5 -6 -7 -8
leaf_value=0.0074602835171603127 0.0035371670679513298 0.7066590556512784 -0.81620785542978924 0.093958978999001228 -1.3411168634270361 -1.431283802606417 0.050012750383060973
leaf_weight=76 63 65 82 198 43 54 95
leaf_count=76 63 65 82 198 43 54 95
internal_value=0.000612245 0.00205624 0.00373333 0.000206897 -0.00348837 -0.00543307 0.00917647
internal_weight=676 559 440 280 119 117 160
internal_count=676 559 440 280 119 117 160
is_linear=0
shrinkage=0.03


Tree=305
num_leaves=10
num_cat=0
split_feature=75 70 23 75 78 66 75 38 28
split_gain=6.1276 9.56432 9.1507 8.36746 10.2181 7.07705 6.2038 5.31353 2.11139
threshold=96.321428571428598 115.50000000000001 8361.5000000000018 85.285714285714292 181.00000000000003 29.500000000000004 120.25000000000001 -0.55398839062574246 161.50000000000003
decision_type=8 10 8 10 10 10 10 10 10
left_child=3 2 -2 4 5 -1 -3 -5 -9
right_child=1 6 -4 7 -6 -7 -8 8 -10
leaf_value=0.017879588517897956 2.3364640532094709 -0.47893737099767575 0.030549309107466342 0.01618349791927013 0.52409507262040755 -0.80305891988394174 0.058419389665802193 -0.12554815273328712 -0.82535405562777187
leaf_weight=227 57 49 57 40 49 55 72 40 45
leaf_count=227 57 49 57 40 49 55 72 40 45
internal_value=0.00192582 0.0057551 0.0116129 0 0.00237537 0 0 -0.00644444 -0.0104211
internal_weight=691 235 114 456 331 282 121 125 85
internal_count=691 235 114 456 331 282 121 125 85
is_linear=0
shrinkage=0.03


Tree=306
num_leaves=9
num_cat=0
split_feature=43 108 55 41 68 68 30 109
split_gain=5.01688 11.1567 14.5928 12.8142 9.32354 7.11287 7.03709 3.22247
threshold=7836.5000000000009 32.640659340659219 10980.283333333335 161.50000000000003 52.889202826429795 46.335459070021678 -0.38588408372501876 -13.260622914349236
decision_type=8 10 8 10 10 10 10 8
left_child=4 2 3 -2 5 7 -6 -1
right_child=1 -3 -4 -5 6 -7 -8 -9
leaf_value=-0.066183825052299416 0.68603510511156474 -0.17000406152482583 -3.4064554932106761 -0.071878741792997122 -1.8319710665950883 0.12015466826484644 -0.010481975649029777 0.015280405015622769
leaf_weight=58 144 65 42 42 59 60 79 144
leaf_count=58 144 65 42 42 59 60 79 144
internal_value=0.000896159 0.00386139 0.00705882 0.0107143 -0.00117073 0.00198529 -0.0072973 -0.000566038
internal_weight=693 293 228 186 400 262 138 202
internal_count=693 293 228 186 400 262 138 202
is_linear=0
shrinkage=0.03


Tree=307
num_leaves=9
num_cat=0
split_feature=55 28 95 17 34 22 14 36
split_gain=5.74566 7.2179 8.30619 9.91775 7.43648 6.1815 3.36612 3.16712
threshold=10868.800000000001 173.50000000000003 103.14285714285715 9.5000000000000018 207.50000000000003 0.2984338900466677 -0.21022037796396451 197.50000000000003
decision_type=10 10 8 10 8 10 2 10
left_child=1 2 3 -1 -4 6 -3 -7
right_child=-2 5 4 -5 -6 7 -8 -9
leaf_value=0.041540711064836484 -3.2740416240434467 -0.012226869481512708 0.46204633403528217 -0.55729356152769838 0.034576406601467588 -0.00099217433281239653 -0.3888668881846119 0.52488649273399146
leaf_weight=74 41 56 123 56 178 59 56 43
leaf_count=74 41 56 123 56 178 59 56 43
internal_value=0.00293103 0.00370992 0.00591837 0 0.00858521 -0.000535714 -0.00540984 0.00428571
internal_weight=686 645 431 130 301 214 112 102
internal_count=686 645 431 130 301 214 112 102
is_linear=0
shrinkage=0.03


Tree=308
num_leaves=7
num_cat=0
split_feature=98 112 58 116 3 32
split_gain=7.80743 13.4406 10.07 7.07657 4.75804 3.06594
threshold=395.00000000000006 8184.8152843370854 8409.5000000000018 1.0000000180025095e-35 17.500000000000004 -70.499999999999986
decision_type=8 10 10 10 2 8
left_child=1 2 3 -1 -3 -2
right_child=5 4 -4 -5 -6 -7
leaf_value=0.026930736854677093 1.7037332140845947 -0.8803710462097929 1.3717780363165206 -0.070137660334911964 0.0086344040659371048 0.02021611232697296
leaf_weight=229 60 78 53 168 42 41
leaf_count=229 60 78 53 168 42 41
internal_value=0.00162996 0.000103448 0.0026087 0.000663391 -0.00830769 0.00891892
internal_weight=671 570 450 397 120 101
internal_count=671 570 450 397 120 101
is_linear=0
shrinkage=0.03


Tree=309
num_leaves=10
num_cat=0
split_feature=99 48 49 16 39 22 68 42 117
split_gain=7.82679 10.3544 9.03655 8.02538 6.5078 6.03113 5.04484 4.19765 0.0151189
threshold=176.92857142857147 165.52069190228727 7619.5000000000009 -15.499999999999998 8842.5000000000018 1.0000000180025095e-35 108.35054125356693 270.50000000000006 43.500000000000007
decision_type=8 8 10 10 8 10 10 8 10
left_child=2 4 3 7 -2 -5 -6 -1 -4
right_child=1 -3 8 5 6 -7 -8 -9 -10
leaf_value=-0.46045410823317856 -1.2596394362997347 0.37493774626634263 1.5401108483889465 0.12912656431608915 0.13639811568445223 -0.008033621339527031 -0.81760400571679959 0.081442572050431178 0.060146225611693749
leaf_weight=58 63 77 41 136 57 105 40 40 53
leaf_count=58 63 77 41 136 57 105 40 40 53
internal_value=0.00185294 -0.00230769 0.00426637 0.00163324 -0.00670588 0.00466135 -0.000841121 -0.005 0.0121154
internal_weight=670 237 433 339 160 241 97 98 94
internal_count=670 237 433 339 160 241 97 98 94
is_linear=0
shrinkage=0.03


Tree=310
num_leaves=7
num_cat=0
split_feature=51 70 99 120 94 59
split_gain=5.21254 8.48262 8.1891 9.4504 3.19023 1.68
threshold=10669.678571428574 1.0000000180025095e-35 178.00000000000003 -0.0078403265486446921 243.50000000000003 -46.642857142857132
decision_type=10 10 10 10 8 10
left_child=1 4 3 -3 -1 -4
right_child=-2 2 5 -5 -6 -7
leaf_value=1.5025115666945403 -2.9681575002231488 -0.020044876364840807 -2.7583260637570777 0.046808863187164318 0.032603787264570201 -0.016502300257554055
leaf_weight=70 50 174 40 223 65 40
leaf_count=70 50 174 40 223 65 40
internal_value=0.00125 0.00212219 6.16016e-05 0.00199017 0.00848276 -0.008
internal_weight=662 612 477 397 135 80
internal_count=662 612 477 397 135 80
is_linear=0
shrinkage=0.03


Tree=311
num_leaves=10
num_cat=0
split_feature=108 13 52 61 60 117 78 20 18
split_gain=4.54601 8.81582 6.23081 7.40835 9.80509 6.61007 4.74491 4.36098 4.09524
threshold=-62.218681318681554 0.34235194516023087 144.61851177476527 -20.999999999999996 65.91041536168288 274.00000000000006 151.00000000000003 6.5000000000000009 231.50000000000003
decision_type=8 2 8 10 10 8 10 10 10
left_child=1 -1 3 4 -2 6 -4 -5 -7
right_child=2 -3 5 7 -6 8 -8 -9 -10
leaf_value=0.22640916424000962 -0.13714195000876156 -0.39155625497678725 0.015886924969153424 -0.011446781660497186 0.11090836449770107 0.65034218973737268 0.27223548793451585 0.1344689559042915 -0.70078689932661542
leaf_weight=43 144 51 42 48 64 44 115 72 60
leaf_count=43 144 51 42 48 64 44 115 72 60
internal_value=0.00212121 -0.00346154 0.00315526 0.000177515 -0.00302752 0.00653137 0.0102395 0.006 0
internal_weight=683 94 589 328 208 261 157 120 104
internal_count=683 94 589 328 208 261 157 120 104
is_linear=0
shrinkage=0.03


Tree=312
num_leaves=7
num_cat=0
split_feature=38 22 38 120 18 37
split_gain=8.46701 6.92046 6.80958 7.82612 6.95695 6.74357
threshold=-1.2154543944640603 -1.0696258519138355 -0.94808585927933497 -0.040048390539327898 276.50000000000006 167.50000000000003
decision_type=8 10 10 10 10 10
left_child=1 -1 -2 5 -5 -4
right_child=2 -3 3 4 -6 -7
leaf_value=0.020158654387595901 0.51169626434192772 -0.36125165661671743 -0.27177992904101672 0.074939899917382105 -0.012788741011016925 0.018116893455106434
leaf_weight=45 56 68 42 261 146 72
leaf_count=45 56 68 42 261 146 72
internal_value=0.00188571 -0.00512195 0.00342419 0.0020904 0.00410072 -0.00435484
internal_weight=690 113 577 521 407 114
internal_count=690 113 577 521 407 114
is_linear=0
shrinkage=0.03


Tree=313
num_leaves=9
num_cat=0
split_feature=116 116 118 44 14 52 22 33
split_gain=7.05292 9.48684 8.31264 5.84232 5.07587 4.62956 4.62236 4.12929
threshold=-48.499999999999993 -37.499999999999993 -44.499999999999993 147.50000000000003 0.51849435583340198 83.888226441406857 1.3467522563247794 42.000000000000007
decision_type=8 10 10 10 2 10 10 10
left_child=2 -2 4 5 7 -3 -5 -1
right_child=1 3 -4 6 -6 -7 -8 -9
leaf_value=-0.073627132521684013 0.66881146273697745 -0.0022097111859268989 0.25649999595776396 -0.11061395041157351 -1.5953556888866287 0.15476101831466507 0.9458172223342558 0.048693301786718948
leaf_weight=44 42 64 66 168 54 132 43 45
leaf_count=44 42 64 66 168 54 132 43 45
internal_value=0.00278443 0.00490196 -0.00150685 0.00309353 -0.00568627 0.00669903 -0.000135747 -0.00030303
internal_weight=658 449 209 407 143 196 211 89
internal_count=658 449 209 407 143 196 211 89
is_linear=0
shrinkage=0.03


Tree=314
num_leaves=9
num_cat=0
split_feature=13 68 112 13 3 74 42 79
split_gain=9.23563 8.84021 11.2385 10.1493 5.57899 4.44512 6.78536 5.24923
threshold=-0.2270106897347694 117.02721749045649 8184.8152843370854 0.89404822654372251 18.500000000000004 171.00000000000003 215.50000000000003 91.166666666666686
decision_type=2 8 10 2 2 10 10 10
left_child=5 2 3 -2 -4 6 -1 -7
right_child=1 -3 4 -5 -6 7 -8 -9
leaf_value=2.5828103742994619 -0.032102290075220342 0.34335245787002461 -2.6862226846960824 0.15959738021200995 -0.10516525412677737 -0.13783719209721509 0.056742721165596276 0.076010121432207922
leaf_weight=50 194 45 61 97 40 65 76 55
leaf_count=50 194 45 61 97 40 65 76 55
internal_value=0.00177489 -0.000738255 -0.00238806 0.000498339 -0.0105405 0.00632812 0.0101471 0.00138462
internal_weight=683 437 392 291 101 246 126 120
internal_count=683 437 392 291 101 246 126 120
is_linear=0
shrinkage=0.03


Tree=315
num_leaves=8
num_cat=0
split_feature=72 79 15 38 43 86 52
split_gain=6.10382 6.89296 5.5023 9.53455 6.09921 5.70807 5.19765
threshold=86.947037205800143 118.23333333333335 9220.5000000000018 -0.19495067161471311 7836.5000000000009 209.00000000000003 261.59342651896969
decision_type=8 8 10 10 8 10 8
left_child=2 -2 4 -4 5 -1 -6
right_child=1 -3 3 -5 6 -7 -8
leaf_value=0.016612521971780581 0.89679774322932815 -0.16503973022086588 -1.8087697806865779 0.013186499134462081 0.52187227159942962 -0.12457642830472622 -0.0017843478876991979
leaf_weight=176 54 42 40 60 56 182 68
leaf_count=176 54 42 40 60 56 182 68
internal_value=8.72093e-05 0.00679245 -0.00101351 -0.00709091 0.000243902 -0.00163043 0.0058209
internal_weight=678 96 582 100 482 358 124
internal_count=678 96 582 100 482 358 124
is_linear=0
shrinkage=0.03


Tree=316
num_leaves=8
num_cat=0
split_feature=98 18 71 100 52 59 38
split_gain=7.64128 11.7347 9.57414 7.36427 7.87451 5.33177 3.99853
threshold=434.50000000000006 227.50000000000003 53.357142857142868 134.16149235495786 263.85197800508132 -69.928571428571416 -0.096324748299703153
decision_type=10 8 8 10 10 10 10
left_child=1 2 6 4 -3 -4 -1
right_child=-2 3 5 -5 -6 -7 -8
leaf_value=0.051330696488741299 1.4933350857323133 0.14021710586427233 -1.3374757848254815 -0.92735926816462189 -0.70192706056900778 -0.039399621684561903 -0.0472033301772187
leaf_weight=90 51 225 54 50 41 115 67
leaf_count=90 51 225 54 50 41 115 67
internal_value=0.0011522 9.20245e-05 -0.00375 0.00423313 0.00630435 -0.00854749 0.00125749
internal_weight=693 642 326 316 266 169 157
internal_count=693 642 326 316 266 169 157
is_linear=0
shrinkage=0.03


Tree=317
num_leaves=9
num_cat=0
split_feature=18 118 24 86 71 108 109 95
split_gain=10.1764 6.79416 6.3751 4.60643 5.92559 4.31044 4.05762 3.19843
threshold=178.00000000000003 80.500000000000014 7.5000000000000009 191.50000000000003 83.142857142857153 -94.541758241758387 3.7239154616240451 82.500000000000014
decision_type=8 10 10 10 10 10 10 10
left_child=1 5 3 -2 -5 -1 -4 -7
right_child=2 -3 6 4 -6 7 -8 -9
leaf_value=0.058154429387278696 0.43541858381067172 0.021664586396845598 -0.44861594527288784 -0.034792493678470746 0.10683690368134925 -0.0049381168279971988 0.06682181399801379 -1.9667063671306735
leaf_weight=45 55 40 59 61 204 48 54 76
leaf_count=45 55 40 59 61 204 48 54 76
internal_value=0.00174847 -0.00342466 0.00440181 0.00654545 0.00425455 -0.00620112 -0.00121951 -0.00895522
internal_weight=642 209 433 320 265 169 113 124
internal_count=642 209 433 320 265 169 113 124
is_linear=0
shrinkage=0.03


Tree=318
num_leaves=7
num_cat=0
split_feature=68 43 52 102 38 30
split_gain=6.43728 12.0786 14.4346 8.00184 6.53318 5.13785
threshold=108.35054125356693 7815.0000000000009 263.85197800508132 352.50000000000006 -1.2154543944640603 0.53875510476638644
decision_type=10 8 8 10 10 10
left_child=1 3 5 4 -1 -3
right_child=-2 2 -4 -5 -6 -7
leaf_value=-0.14125734336452922 -0.3843912370649295 1.4604702506281015 -0.043863194047983001 -2.2418755457632953 0.02343616985185349 0.36126451882908817
leaf_weight=62 77 87 74 44 293 46
leaf_count=62 77 87 74 44 293 46
internal_value=0.00160173 0.00272727 0.00843318 -0.000220049 0.00123288 0.0140559
internal_weight=683 606 207 399 355 133
internal_count=683 606 207 399 355 133
is_linear=0
shrinkage=0.03


Tree=319
num_leaves=6
num_cat=0
split_feature=57 35 122 74 96
split_gain=5.03773 6.20135 13.1874 8.2608 7.6217
threshold=9450.0000000000018 5863.5000000000009 6129.0000000000009 19.500000000000004 110.14647016693301
decision_type=10 8 2 10 8
left_child=1 3 -3 -1 -4
right_child=-2 2 4 -5 -6
leaf_value=0.0032625371080951737 -0.66242511183006847 1.6475714506533927 -0.031882936748575896 -0.68888656693733274 0.10143498658575766
leaf_weight=67 55 40 195 46 277
leaf_count=67 55 40 195 46 277
internal_value=0.000869565 0.00174803 0.00321839 -0.00414634 0.00149378
internal_weight=680 625 512 113 472
internal_count=680 625 512 113 472
is_linear=0
shrinkage=0.03


Tree=320
num_leaves=10
num_cat=0
split_feature=91 14 68 14 107 91 26 37 34
split_gain=4.73483 7.5611 7.77149 7.11859 5.84512 5.4539 5.02731 5.46892 3.96179
threshold=106.66666666666667 -0.45273527932988084 52.889202826429795 -0.24372464231556024 -2.1071428571426893 46.716666666666676 214.50000000000003 274.50000000000006 243.50000000000003
decision_type=8 2 10 2 8 10 10 10 10
left_child=5 2 8 -3 -5 -1 7 -7 -2
right_child=1 3 -4 4 -6 6 -8 -9 -10
leaf_value=0.030514665966928013 -0.025260082590635304 2.4726364159437968 -0.80537533889493829 0.1187394577265951 -0.011325667404822113 -0.67459898469026025 0.012051947813095154 0.047240223132221995 0.6526596513561318
leaf_weight=68 44 41 73 109 113 85 41 42 41
leaf_count=68 44 41 73 109 113 85 41 42 41
internal_value=0.00148426 0.00341067 -0.00142857 0.00648352 0.00362069 -0.00170732 -0.0047191 -0.00766423 0.00410526
internal_weight=657 421 158 263 222 236 168 127 85
internal_count=657 421 158 263 222 236 168 127 85
is_linear=0
shrinkage=0.03


Tree=321
num_leaves=8
num_cat=0
split_feature=54 70 59 103 58 120 86
split_gain=7.5854 14.4652 8.0285 9.51541 9.39498 6.57599 2.94254
threshold=11178.000000000002 2.5000000000000004 -47.642857142857132 172.85000000000002 8071.5000000000009 0.043276912924159812 166.00000000000003
decision_type=10 10 10 10 10 8 10
left_child=1 5 3 -3 -4 6 -1
right_child=-2 2 4 -5 -6 -7 -8
leaf_value=0.13467454878310137 -2.7317350366311239 0.030638509008135983 -0.0063630021134843057 -2.572501787737711 0.19103094731465375 0.0031177647012003715 2.4743475857344608
leaf_weight=43 49 46 274 46 93 53 50
leaf_count=43 49 46 274 46 93 53 50
internal_value=0.00144578 0.0024878 -6.39659e-05 -0.00764706 0.00183024 0.0103846 0.0148544
internal_weight=654 605 459 92 367 146 93
internal_count=654 605 459 92 367 146 93
is_linear=0
shrinkage=0.03


Tree=322
num_leaves=9
num_cat=0
split_feature=43 68 41 120 15 92 120 56
split_gain=9.84566 13.6199 10.8455 8.91347 9.11779 8.61584 7.20158 5.68438
threshold=7810.5000000000009 108.35054125356693 175.00000000000003 0.064910494104491803 6243.5000000000009 72.183319603668096 0.043959262443631693 155.17540698867921
decision_type=8 10 8 10 8 10 10 10
left_child=3 2 6 4 5 -1 -2 -6
right_child=1 -3 -4 -5 7 -7 -8 -9
leaf_value=-0.035664695489586153 1.3895679725040786 -0.30346365134955122 -0.025764212616149178 0.41697529637862701 -0.0010729284350617263 0.25223953693246992 0.022490586106969877 -0.68341725526299746
leaf_weight=96 101 76 57 61 67 65 48 100
leaf_count=96 101 76 57 61 67 65 48 100
internal_value=0.00154185 0.00575342 0.00972222 -0.00142857 -0.0035503 0.00122807 0.0137736 -0.00830508
internal_weight=671 282 206 389 328 161 149 167
internal_count=671 282 206 389 328 161 149 167
is_linear=0
shrinkage=0.03


Tree=323
num_leaves=8
num_cat=0
split_feature=109 13 16 25 45 107 83
split_gain=9.04468 6.35378 6.14339 6.56949 6.1969 3.18188 0.212478
threshold=22.956952169076754 -0.24372957273992746 42.500000000000007 12.500000000000002 213.50000000000003 17.303571428571438 127.92857142857144
decision_type=10 2 10 10 10 8 10
left_child=2 6 3 5 -5 -1 -2
right_child=1 -3 -4 4 -6 -7 -8
leaf_value=0.029897129187778333 2.8388201383328164 0.0073757172719042781 0.0953739450065553 -0.28605546888011452 -0.0091846125438921431 -0.029063338653200644 0.076171497271329255
leaf_weight=129 45 67 60 129 146 66 41
leaf_count=129 45 67 60 129 146 66 41
internal_value=0.00134199 0.00754601 -0.000444444 -0.00175 -0.00473684 0.00219512 0.0125
internal_weight=683 153 530 470 275 195 86
internal_count=683 153 530 470 275 195 86
is_linear=0
shrinkage=0.03


Tree=324
num_leaves=7
num_cat=0
split_feature=96 100 96 16 50 59
split_gain=5.45721 7.57049 5.8986 5.70225 5.23759 3.97678
threshold=154.9890532950734 133.19869165876295 128.41887687458737 -2.4999999999999996 8702.0000000000018 -112.99999999999999
decision_type=8 8 10 10 10 8
left_child=1 2 3 -1 -3 -2
right_child=5 4 -4 -5 -6 -7
leaf_value=-0.069693706763704316 0.044577848727456765 -0.018088103665176689 0.3145716001390631 0.011991754592594788 -1.5998335320373482 0.95526100829414873
leaf_weight=140 62 64 56 262 45 41
leaf_count=140 62 64 56 262 45 41
internal_value=0.00114706 0 0.00166667 0.000145631 -0.00680672 0.00716814
internal_weight=670 567 458 402 109 103
internal_count=670 567 458 402 109 103
is_linear=0
shrinkage=0.03


Tree=325
num_leaves=9
num_cat=0
split_feature=80 57 43 108 34 102 20 31
split_gain=5.12506 9.29306 7.71624 10.6747 7.64825 6.97342 4.64809 3.6
threshold=58.822418339707802 6024.0000000000009 7864.5000000000009 32.640659340659219 59.500000000000007 352.50000000000006 7.5000000000000009 9168.5000000000018
decision_type=8 10 10 10 10 10 10 10
left_child=4 -2 5 -4 6 -3 -1 -6
right_child=1 2 3 -5 7 -7 -8 -9
leaf_value=-0.014356063622828543 0.90070110501393441 -0.0045796139093801265 0.30107483212384889 -0.72112218185769017 -2.4250027039748261 -1.8627127941736363 0.039667259979183453 -0.22518358395876817
leaf_weight=43 76 198 129 41 40 40 45 40
leaf_count=43 76 198 129 41 40 40 45 40
internal_value=0.000543807 0.00218623 0.000143541 0.005 -0.00370787 -0.00314516 0.00183673 -0.01
internal_weight=652 484 408 170 168 238 88 80
internal_count=652 484 408 170 168 238 88 80
is_linear=0
shrinkage=0.03


Tree=326
num_leaves=11
num_cat=0
split_feature=90 106 52 80 72 50 111 47 86 42
split_gain=5.37602 6.24169 6.50316 6.07093 9.50875 5.90906 5.84076 6.84078 4.99038 3.75355
threshold=223.00000000000003 216.00000000000003 301.43978912095821 71.746033572130855 61.542816300407871 8261.5000000000018 8848.2164200252137 8252.5000000000018 17.500000000000004 180.50000000000003
decision_type=8 10 10 10 8 10 10 10 10 10
left_child=1 8 5 4 -2 -3 7 -5 -1 -6
right_child=3 2 -4 6 9 -7 -8 -9 -10 -11
leaf_value=-0.010753626746155901 -0.0040936275270527034 -0.038697964863668943 0.042888131419776411 0.011433614438654835 0.065068555224889899 -2.4399748091398519 0.36150871383494698 -0.65783790701144285 0.25447443075678877 1.2315374964821897
leaf_weight=52 62 95 71 106 41 50 54 41 52 58
leaf_count=52 62 95 71 106 41 50 54 41 52 58
internal_value=0.000867052 -0.00181818 -0.00477876 0.0033871 0.00754386 -0.00832258 0 -0.00324841 0.00368421 0.0129358
internal_weight=682 320 216 362 161 145 201 147 104 99
internal_count=682 320 216 362 161 145 201 147 104 99
is_linear=0
shrinkage=0.03


Tree=327
num_leaves=7
num_cat=0
split_feature=55 96 52 16 52 108
split_gain=7.10147 9.03485 5.864 12.5677 10.7289 3.42247
threshold=10980.283333333335 151.51194807662384 141.3371868405716 -15.499999999999998 261.59342651896969 27.547252747252465
decision_type=8 10 10 10 10 10
left_child=1 2 3 -1 -4 -3
right_child=-2 5 4 -5 -6 -7
leaf_value=-0.55174919638623221 -2.2617327720474889 4.1356092287660271 0.12540762025324995 0.0063930410100422105 -0.042137062899695932 0.05251866207557896
leaf_weight=66 53 40 132 224 111 42
leaf_count=66 53 40 132 224 111 42
internal_value=0.00132743 0.002352 0.000718232 -0.002 0.0041502 0.011087
internal_weight=668 615 533 290 243 82
internal_count=668 615 533 290 243 82
is_linear=0
shrinkage=0.03


Tree=328
num_leaves=8
num_cat=0
split_feature=96 19 122 95 94 3 63
split_gain=5.66054 8.32798 8.90445 7.9188 6.86649 6.49007 5.66589
threshold=79.034857961924246 5998.5000000000009 6638.0000000000009 82.500000000000014 278.00000000000006 14.500000000000002 13.178571428571431
decision_type=10 10 2 8 10 2 10
left_child=3 -2 -3 5 -4 -1 -5
right_child=1 2 4 6 -6 -7 -8
leaf_value=0.15230580845948996 1.1019095677313655 -0.10534544913418727 0.18324555864425968 -1.0755115047291963 -0.0048292531916700908 -0.010622809174072429 -0.016803040533551722
leaf_weight=49 44 41 230 44 182 46 41
leaf_count=49 44 41 230 44 182 46 41
internal_value=0.00144105 0.00313609 0.00161987 -0.00284211 0.00312796 0.00257143 -0.00915789
internal_weight=677 497 453 180 412 95 85
internal_count=677 497 453 180 412 95 85
is_linear=0
shrinkage=0.03


Tree=329
num_leaves=8
num_cat=0
split_feature=107 95 3 12 120 32 48
split_gain=9.97102 6.99498 6.26317 7.23895 6.48186 5.26853 4.89238
threshold=-49.589285714285715 101.14285714285715 20.500000000000004 -0.5 0.068212662653019965 -5.4999999999999991 197.23787735461207
decision_type=8 10 2 2 10 10 10
left_child=6 5 4 -4 -3 -2 -1
right_child=1 2 3 -5 -6 -7 -8
leaf_value=-0.32217085531527473 0.17179046060869302 -0.0048545059714268741 0.00014862342998561928 0.93971291342030194 0.084169765625312032 -0.088236403965440191 0.038605782830457541
leaf_weight=76 42 215 52 90 64 78 51
leaf_count=76 42 215 52 90 64 78 51
internal_value=0.000353982 0.0022323 0.00410673 0.00907895 0.00114187 -0.00369231 -0.00678832
internal_weight=668 541 421 142 279 120 127
internal_count=668 541 421 142 279 120 127
is_linear=0
shrinkage=0.03


Tree=330
num_leaves=12
num_cat=0
split_feature=52 67 102 95 33 3 91 33 108 13 62
split_gain=8.49867 6.57942 11.4995 8.88576 5.73182 5.34481 6.31721 6.59409 4.60571 3.4673 1.64745
threshold=142.66139560087154 -45.616666666666653 368.50000000000006 215.57142857142858 113.50000000000001 22.500000000000004 115.63333333333334 18.500000000000004 1.1021978021977967 -0.69057362043749781 6.0000000000000009
decision_type=8 8 10 10 10 2 10 10 10 2 8
left_child=5 2 -2 -4 10 6 7 -1 -7 -8 -3
right_child=1 4 3 -5 -6 8 9 -9 -10 -11 -12
leaf_value=-0.015771488212146457 -1.5131708395431795 0.75397743515891413 1.5693568122123094 -0.026941496298511537 0.0050224131742729484 -0.11242228854891678 -0.019017903178340345 0.30021949594826253 0.28794614663425633 -0.92289357775460212 0.11323928147822869
leaf_weight=60 55 55 61 71 54 40 47 46 46 81 42
leaf_count=60 55 55 61 71 54 40 47 46 46 81 42
internal_value=0.00134731 0.00465517 0.000456853 0.00549296 0.00913043 -0.002 -0.00442623 0.000517241 0.00375 -0.00869565 0.0131776
internal_weight=658 338 187 132 151 320 234 106 86 128 97
internal_count=658 338 187 132 151 320 234 106 86 128 97
is_linear=0
shrinkage=0.03


Tree=331
num_leaves=11
num_cat=0
split_feature=88 43 108 94 66 53 15 30 14 33
split_gain=5.8013 10.0987 9.27734 7.35249 10.7358 8.41841 6.90935 7.40981 3.90261 2.83999
threshold=81.429286328584411 7810.5000000000009 26.363736263736094 223.00000000000003 1.0000000180025095e-35 8002.5000000000009 6236.0000000000009 -0.8115466693382366 -0.022575793296316496 123.50000000000001
decision_type=8 8 8 10 10 10 10 10 2 10
left_child=3 6 9 4 -1 -5 -2 -8 -6 -3
right_child=1 2 -4 5 8 -7 7 -9 -10 -11
leaf_value=0.48350808261461281 0.27740519382858236 1.0446534037337851 -0.019762426765788488 0.031463850270136505 0.0017640939508317998 -2.374722268205697 -0.59509502949439474 -0.0042503636700416793 -0.21989517283966109 0.12570995194634235
leaf_weight=59 45 61 72 43 40 49 49 170 41 51
leaf_count=59 45 61 72 43 40 49 49 170 41 51
internal_value=0.000434783 0.00248908 0.00773196 -0.00322314 0.0008 -0.00941176 -0.00109489 -0.00353712 -0.0056044 0.0127869
internal_weight=680 448 184 232 140 92 264 219 81 112
internal_count=680 448 184 232 140 92 264 219 81 112
is_linear=0
shrinkage=0.03


Tree=332
num_leaves=6
num_cat=0
split_feature=98 67 100 33 106
split_gain=7.63243 11.9682 10.2197 7.76739 5.38238
threshold=434.50000000000006 -100.49999999999999 83.630641145660903 125.50000000000001 222.50000000000003
decision_type=10 8 8 8 10
left_child=1 -1 4 -4 -3
right_child=-2 2 3 -5 -6
leaf_value=-1.2574063282395416 1.5044973385985929 -0.00061195732251675852 0.084146325210899237 -0.016654717392217647 -0.16338082133785717
leaf_weight=66 44 128 220 148 75
leaf_count=66 44 128 220 148 75
internal_value=0.000217077 -0.000602782 0.000774527 0.00380952 -0.0043662
internal_weight=681 637 571 368 203
internal_count=681 637 571 368 203
is_linear=0
shrinkage=0.03


Tree=333
num_leaves=10
num_cat=0
split_feature=18 109 34 24 84 72 13 20 88
split_gain=6.22555 9.8613 6.80099 10.4947 7.25058 4.55123 4.54698 2.89505 2.58065
threshold=211.50000000000003 22.817908787541779 236.00000000000003 -49.499999999999993 85.377672366816839 43.08605506228087 0.35846314187849709 170.00000000000003 86.061627510848282
decision_type=8 8 10 10 10 10 2 10 10
left_child=1 5 4 -4 -2 6 -1 -5 -7
right_child=2 -3 3 7 -6 8 -8 -9 -10
leaf_value=1.2346127486570733 0.85545450663161704 0.70988348363342646 -1.1545024410706182 0.1224382949097179 0.00026359268185217389 -0.88425020408893973 -0.039030009450502515 -0.0035134862434915703 -0.035468209912588443
leaf_weight=48 68 59 43 77 78 46 96 97 52
leaf_count=48 68 59 43 77 78 46 96 97 52
internal_value=0.000623145 -0.00241158 0.00329759 0 0.00807692 -0.0052381 -0.00116883 0.00326087 -0.01
internal_weight=664 301 363 217 146 242 144 174 98
internal_count=664 301 363 217 146 242 144 174 98
is_linear=0
shrinkage=0.03


Tree=334
num_leaves=10
num_cat=0
split_feature=72 107 43 102 47 56 3 56 67
split_gain=7.06246 7.29443 6.63549 10.7524 9.71566 7.32159 6.03864 6.0359 4.22713
threshold=54.654760608229431 3.0357142857145454 7810.5000000000009 352.50000000000006 7721.5000000000009 220.2515554595916 9.5000000000000018 729.47057628065897 -23.833333333333332
decision_type=8 10 8 10 10 8 2 8 10
left_child=1 7 3 4 -2 -4 -7 8 -1
right_child=2 -3 5 -5 -6 6 -8 -9 -10
leaf_value=-0.66202306246876619 -0.0030287409825475462 0.040460243248695522 -0.041723491394500697 -2.0906396845742896 0.79835693578968414 0.018236516909584565 1.6758893039100917 0.058434630090435903 -0.0047503624937036901
leaf_weight=82 190 68 42 40 57 41 78 40 42
leaf_count=82 190 68 42 40 57 41 78 40 42
internal_value=0.00130435 -0.00272727 0.00353712 0.000505051 0.00315175 0.00824561 0.0118605 -0.0062069 -0.00940299
internal_weight=680 232 448 287 247 161 119 164 124
internal_count=680 232 448 287 247 161 119 164 124
is_linear=0
shrinkage=0.03


Tree=335
num_leaves=8
num_cat=0
split_feature=109 75 15 13 74 21 13
split_gain=9.15725 9.51466 7.77691 6.55738 10.8711 6.89976 3.5535
threshold=23.636484983314862 115.50000000000001 9079.5000000000018 0.89404822654372251 162.50000000000003 143.50000000000003 -0.49813634056773481
decision_type=8 8 10 2 10 10 2
left_child=2 6 3 5 -5 -1 -2
right_child=1 -3 -4 4 -6 -7 -8
leaf_value=0.0065576088090439555 3.3598509321514483 -0.030039327695928861 -1.3957402696591727 -0.0052884649286433216 1.1190994135098475 -0.13729585902146696 0.07200759719089414
leaf_weight=167 50 54 54 71 58 151 64
leaf_count=167 50 54 54 71 58 151 64
internal_value=0.000486009 0.00640449 -0.00146771 0 0.00539568 -0.00237805 0.011129
internal_weight=669 168 501 447 129 318 114
internal_count=669 168 501 447 129 318 114
is_linear=0
shrinkage=0.03


Tree=336
num_leaves=8
num_cat=0
split_feature=98 100 102 53 74 95 20
split_gain=5.52963 8.24144 7.98916 6.65528 6.55274 5.95344 4.04371
threshold=434.50000000000006 131.05215884548798 284.00000000000006 6437.5000000000009 166.50000000000003 175.50000000000003 150.50000000000003
decision_type=10 8 10 10 10 10 10
left_child=1 2 3 -1 -4 -3 -7
right_child=-2 5 4 -5 -6 6 -8
leaf_value=0.0015631385482578607 2.261204231051761 0.018409652009011238 -0.0089556708078833928 -0.58393625660250714 0.59891390213265949 -1.2057591936385381 -0.050150861159776558
leaf_weight=231 47 60 40 44 119 61 64
leaf_count=231 47 60 40 44 119 61 64
internal_value=0 -0.000810811 0.00135135 -0.00157895 0.00656805 -0.006 -0.00955556
internal_weight=666 619 434 275 159 185 125
internal_count=666 619 434 275 159 185 125
is_linear=0
shrinkage=0.03


Tree=337
num_leaves=8
num_cat=0
split_feature=72 3 54 75 23 33 22
split_gain=6.61139 9.08402 5.92494 8.1942 11.2017 6.60329 3.96078
threshold=82.263265415923726 19.500000000000004 11076.000000000002 84.785714285714292 5637.0000000000009 153.50000000000003 -0.081796935478073415
decision_type=8 2 8 10 10 10 10
left_child=2 6 3 4 -1 -5 -2
right_child=1 -3 -4 5 -6 -7 -8
leaf_value=-0.020934137909049966 0.079850987906389712 1.318723752442845 -1.6525807538098354 -0.012883376072945225 0.12641141240081949 -0.93072421107561321 -0.92692188261247188
leaf_weight=85 41 49 56 149 193 51 41
leaf_count=85 41 49 56 149 193 51 41
internal_value=0 0.00574468 -0.00154412 -0.000245902 0.00291667 -0.00485714 0
internal_weight=665 131 534 478 278 200 82
internal_count=665 131 534 478 278 200 82
is_linear=0
shrinkage=0.03


Tree=338
num_leaves=9
num_cat=0
split_feature=116 109 3 109 120 118 109 13
split_gain=7.04163 5.38507 7.63268 6.53673 8.02158 6.15822 4.56708 4.37791
threshold=-117.49999999999999 4.083314794215803 10.500000000000002 22.956952169076754 0.043276912924159812 142.00000000000003 -32.629143492769643 -0.13398594226331254
decision_type=8 10 2 10 10 8 8 2
left_child=-1 2 6 7 -5 -4 -2 -3
right_child=1 3 5 4 -6 -7 -8 -9
leaf_value=-0.80264242380158857 -0.14966442241201464 0.0076579103335856751 0.23159553728423332 1.1900385083877802 -0.039933397359866375 -0.15449292711487969 0.0047253768129824894 -0.40863851500982878
leaf_weight=60 42 42 208 55 89 42 67 79
leaf_count=60 42 42 208 55 89 42 67 79
internal_value=0.000345821 0.00141956 0.00382114 -0.00163636 0.00233766 0.00669231 -0.00226891 -0.00664122
internal_weight=684 624 359 265 144 250 109 121
internal_count=684 624 359 265 144 250 109 121
is_linear=0
shrinkage=0.03


Tree=339
num_leaves=11
num_cat=0
split_feature=100 42 103 78 43 69 100 112 40 55
split_gain=5.33358 12.9595 8.51709 8.12788 9.35545 7.91248 7.38154 6.67059 4.52402 3.23828
threshold=83.630641145660903 224.50000000000003 185.41666666666671 190.50000000000003 7547.0000000000009 -77.499999999999986 152.60076693265071 7969.1441738104086 -90.499999999999986 6241.916666666667
decision_type=8 10 10 10 10 10 10 10 10 10
left_child=5 2 8 7 -5 -1 -4 -3 -2 -7
right_child=1 3 6 4 -6 9 -8 -9 -10 -11
leaf_value=-0.25713605659113808 0.12492967191938999 -0.00041809442773455886 -0.29536647939213584 -0.14429379898666866 1.1222412834622388 0.03329940185055992 0.31190937537981311 -0.83076407558736265 0.70315863859595651 -0.022330173023739235
leaf_weight=71 56 56 40 64 82 62 55 70 59 55
leaf_count=71 56 56 40 64 82 62 55 70 59 55
internal_value=0 0.00158537 0.00709091 -0.00255319 0.00192308 -0.00424242 0 -0.00794118 0.01224 0.00023622
internal_weight=670 482 210 272 146 188 95 126 115 117
internal_count=670 482 210 272 146 188 95 126 115 117
is_linear=0
shrinkage=0.03


Tree=340
num_leaves=12
num_cat=0
split_feature=87 16 117 75 58 64 91 46 52 43 14
split_gain=4.83703 8.7673 7.61058 7.16037 8.82293 6.08512 4.34057 4.17552 4.03961 2.99365 2.48986
threshold=123.64285714285715 -15.499999999999998 49.500000000000007 118.50000000000001 7978.5000000000009 76.756530430874378 91.01666666666668 -0.45818282402669824 223.19874980398313 6148.5000000000009 0.44312301391210612
decision_type=8 10 10 10 10 10 10 10 10 8 2
left_child=1 5 10 4 9 -1 -7 -5 -6 -2 -3
right_child=3 2 -4 7 8 6 -8 -9 -10 -11 -12
leaf_value=-0.54642716912638689 0.035770756675281491 0.11579383644603539 -0.038725160515335803 0.016949027430967264 1.0951484791363038 0.15362725875804917 -0.20602243555997943 -0.51626858463252123 0.019869380906591232 -0.24757857802565594 0.00066253400492648489
leaf_weight=73 40 81 75 43 74 42 50 63 45 41 51
leaf_count=73 40 81 75 43 74 42 50 63 45 41 51
internal_value=0 -0.00235602 0.00152074 0.00265823 0.006 -0.00737143 -0.00117647 -0.00310345 0.0109302 -0.000989011 0.00591549
internal_weight=678 372 207 306 200 165 92 106 119 81 132
internal_count=678 372 207 306 200 165 92 106 119 81 132
is_linear=0
shrinkage=0.03


Tree=341
num_leaves=11
num_cat=0
split_feature=95 58 107 98 99 46 19 60 50 61
split_gain=6.1906 10.5909 9.57859 6.45001 5.8733 5.28547 10.2713 5.95788 3.28475 2.82526
threshold=189.50000000000003 8161.0000000000009 -41.624999999999595 445.00000000000006 201.89285714285717 -0.89821168486882141 5939.0000000000009 30.123867760867714 8543.5000000000018 -180.49999999999997
decision_type=10 10 10 10 10 8 10 10 10 10
left_child=1 5 -3 4 9 7 -7 -1 -4 -2
right_child=3 2 8 -5 -6 6 -8 -9 -10 -11
leaf_value=0.0074281153956622598 0.09438694910986567 -0.026244500919453771 2.8908776752876864 0.71047113173369802 -2.0296835961227555 0.28783596084475938 -0.018918523930494757 -0.53274592684029132 0.0347363836409572 -0.030838603838629977
leaf_weight=44 40 41 47 42 63 73 183 59 47 45
leaf_count=44 40 41 47 42 63 73 183 59 47 45
internal_value=0.000172911 0.00202381 0.00889655 -0.0042 -0.00721519 -0.000569106 0.00157895 -0.00610619 0.0138462 -0.000947368
internal_weight=684 494 135 190 148 359 256 103 94 85
internal_count=684 494 135 190 148 359 256 103 94 85
is_linear=0
shrinkage=0.03


Tree=342
num_leaves=12
num_cat=0
split_feature=70 70 23 68 59 19 108 44 83 83 20
split_gain=10.7533 8.04253 9.02882 8.1547 7.37879 7.5 6.18488 5.45032 2.88038 7.25355 1.89744
threshold=86.500000000000014 4.5000000000000009 10656.500000000002 50.989238964442301 3.6428571428571437 7169.5000000000009 24.697802197801909 93.500000000000014 131.07142857142858 177.21428571428575 10.500000000000002
decision_type=8 10 10 10 10 10 10 10 10 10 10
left_child=1 2 7 10 5 -2 -5 -1 -6 -10 -3
right_child=4 3 -4 6 8 -7 -8 -9 9 -11 -12
leaf_value=-0.0013323561841113117 1.1404065307400422 -0.031721328265501184 -1.5854188039527068 -1.8179325310775367 -0.053147359312240919 0.0016928028305204634 -0.023857257225000195 1.3802867534035856 0.075675174762533007 -0.067794867446454243 0.011965382050347485
leaf_weight=88 70 42 59 69 47 48 40 52 64 58 44
leaf_count=88 70 42 59 69 47 48 40 52 64 58 44
internal_value=-0.000303907 -0.00356436 0.000430622 -0.0077561 0.00393939 0.009375 -0.0128571 0.0048 0 0.00227273 0
internal_weight=681 394 199 195 287 118 109 140 169 122 86
internal_count=681 394 199 195 287 118 109 140 169 122 86
is_linear=0
shrinkage=0.03


Tree=343
num_leaves=10
num_cat=0
split_feature=43 39 117 43 99 118 3 116 46
split_gain=6.22502 11.0091 7.18367 6.81798 7.88421 6.62716 5.13155 5.29422 3.60463
threshold=7815.0000000000009 11036.000000000002 58.500000000000007 7360.5000000000009 164.67857142857147 -907.49999999999989 25.500000000000004 -3.4999999999999996 -0.57482984569294227
decision_type=8 10 10 10 10 10 2 10 10
left_child=3 2 5 6 -5 -2 7 -1 -4
right_child=1 -3 8 4 -6 -7 -8 -9 -10
leaf_value=0.070177262227227533 0.01322485184065016 -1.0136132930135364 0.16080133258803114 -0.01503086982377539 -1.5847261308834291 1.8312729992940444 -0.37658714950564287 -0.016317122189186364 -0.042552295187229278
leaf_weight=142 44 42 52 45 40 71 51 121 68
leaf_count=142 44 42 52 45 40 71 51 121 68
internal_value=-0.000262391 0.00303136 0.0057551 -0.00271394 -0.00978947 0.0108 -0.00037037 0.00120879 0
internal_weight=676 277 235 399 85 115 314 263 120
internal_count=676 277 235 399 85 115 314 263 120
is_linear=0
shrinkage=0.03


Tree=344
num_leaves=10
num_cat=0
split_feature=72 66 99 39 58 50 116 86 31
split_gain=5.74141 9.04398 7.81683 11.6994 9.31662 7.24174 5.91254 5.29861 2.46222
threshold=56.186823803524966 20.500000000000004 174.10714285714289 8881.5000000000018 8071.5000000000009 10364.500000000002 1.5000000000000002 209.00000000000003 8290.5000000000018
decision_type=8 10 8 8 10 10 10 10 10
left_child=1 5 4 8 7 6 -1 -2 -4
right_child=2 -3 3 -5 -6 -7 -8 -9 -10
leaf_value=0.12403228309584434 0.58544511336492433 -0.73152255387626264 -0.0089494827761110677 0.086943381204970083 2.4416064777294033 -4.3733956874820468 -0.043354910872299007 -0.0062179228348244915 -1.5665761033945613
leaf_weight=96 44 42 40 69 49 40 66 171 40
leaf_count=96 44 42 40 69 49 40 66 171 40
internal_value=-0.000134933 -0.00377953 0.00191489 -0.00320755 0.0050365 -0.000566038 0.00209302 0.00173333 -0.0106667
internal_weight=657 244 413 149 264 202 162 215 80
internal_count=657 244 413 149 264 202 162 215 80
is_linear=0
shrinkage=0.03


Tree=345
num_leaves=12
num_cat=0
split_feature=56 15 14 80 52 39 64 18 36 40 71
split_gain=7.77608 12.2868 7.11976 16.4517 10.298 9.33272 6.78692 5.72248 5.66222 5.48469 1.46595
threshold=228.93082977605394 8005.0000000000009 -0.45273527932988084 58.822418339707802 258.7584129407374 7337.5000000000009 108.33635303895502 255.50000000000003 165.00000000000003 1.0000000180025095e-35 83.500000000000014
decision_type=8 10 2 10 10 10 8 10 10 10 10
left_child=1 7 5 6 -5 -2 -4 9 -3 -1 -7
right_child=2 8 3 4 -6 10 -8 -9 -10 -11 -12
leaf_value=0.015435119878833312 0.18647558325002839 -1.8526564450099909 -0.22796238688090092 1.3764230439340415 0.0028257530027025269 -0.031679475184059454 0.4256907273485217 0.072096788374011567 -0.037651977295353446 -0.1113784425415091 -1.48181949180727
leaf_weight=76 58 40 80 88 42 42 51 67 40 44 40
leaf_count=76 58 40 80 88 42 42 51 67 40 44 40
internal_value=-0.000265487 -0.00422383 0.00226277 0.00520295 0.0124286 -0.0028 -0.00191489 0 -0.0133333 -0.00369231 -0.00913043
internal_weight=668 267 401 261 130 140 131 187 80 120 82
internal_count=668 267 401 261 130 140 131 187 80 120 82
is_linear=0
shrinkage=0.03


Tree=346
num_leaves=7
num_cat=0
split_feature=35 122 58 23 31 22
split_gain=7.9162 10.9887 9.86842 9.01388 7.99567 4.0419
threshold=5939.0000000000009 6187.0000000000009 7978.5000000000009 8207.5000000000018 6476.0000000000009 1.0000000180025095e-35
decision_type=8 2 8 10 10 10
left_child=5 -2 4 -4 -3 -1
right_child=1 2 3 -5 -6 -7
leaf_value=-0.025509694712634427 1.103282828903992 0.0056705357674979948 0.16538065305499913 -0.034154822677560613 -0.41769008093689819 -0.066514954306736027
leaf_weight=71 48 57 181 221 57 50
leaf_count=71 48 57 181 221 57 50
internal_value=-0.000388489 0.0010453 -0.000228137 0.0018932 -0.00774194 -0.00709924
internal_weight=685 564 516 402 114 121
internal_count=685 564 516 402 114 121
is_linear=0
shrinkage=0.03


Tree=347
num_leaves=10
num_cat=0
split_feature=84 34 118 42 78 83 22 84 32
split_gain=6.6871 11.8025 6.69623 8.00684 4.73815 6.18736 4.2632 3.23074 0.0962646
threshold=69.621258379801233 207.50000000000003 -1230.9999999999998 26.500000000000004 181.00000000000003 127.92857142857144 -0.36217642528361121 88.420447578288346 -34.499999999999993
decision_type=8 10 8 10 10 10 10 8 10
left_child=2 7 -1 -4 6 -6 -3 -2 -5
right_child=1 4 3 8 5 -7 -8 -9 -10
leaf_value=0.06822578828362566 0.56626608673432544 0.024252553255293491 0.001788779479620146 -1.4961911780234691 0.11239339704910768 -0.015613663692345127 -0.20086532730797643 0.01828335240726801 -0.25489301217441152
leaf_weight=52 72 40 62 42 62 208 48 40 43
leaf_count=52 72 40 62 42 62 208 48 40 43
internal_value=0.000220913 0.00225 -0.00416268 -0.00745223 -0.000326087 0.0015 -0.00612245 0.0103279 -0.0129474
internal_weight=669 470 199 147 358 270 88 112 85
internal_count=669 470 199 147 358 270 88 112 85
is_linear=0
shrinkage=0.03


Tree=348
num_leaves=9
num_cat=0
split_feature=32 70 107 70 16 24 114 83
split_gain=5.92993 5.9855 10.698 5.90447 6.17743 5.45296 5.63868 2.95908
threshold=-57.499999999999993 78.500000000000014 -32.892857142857189 99.000000000000014 47.500000000000007 -83.999999999999986 -106.65340371048397 122.92857142857144
decision_type=8 8 10 8 8 10 10 10
left_child=5 2 -2 -3 -5 6 -1 -4
right_child=1 3 7 4 -6 -7 -8 -9
leaf_value=1.3214073898206009 -1.1219543576324391 0.45553909636843087 0.0030752038326836129 -0.034776203995374996 0.33567853993524704 0.4668294248765113 -0.2429779603695762 -0.77734315407248433
leaf_weight=43 52 64 107 171 51 76 70 47
leaf_count=43 52 64 107 171 51 76 70 47
internal_value=-0.000217077 -0.00203187 -0.00583333 0.000608108 -0.00155172 0.00407035 0 -0.00109756
internal_weight=681 492 206 286 222 189 113 154
internal_count=681 492 206 286 222 189 113 154
is_linear=0
shrinkage=0.03


Tree=349
num_leaves=6
num_cat=0
split_feature=3 79 38 112 13
split_gain=5.55729 7.16449 6.8666 7.64817 6.01403
threshold=28.500000000000004 118.83333333333336 -1.206564070491922 8138.0307107129493 0.61237135649459018
decision_type=2 10 10 10 2
left_child=1 2 4 -4 -1
right_child=-2 -3 3 -5 -6
leaf_value=-0.2827117091040236 -0.10281523847121433 -0.10336426370821382 0.077874463921236273 -0.01322200832744329 0.039715443330159556
leaf_weight=79 58 67 315 145 41
leaf_count=79 58 67 315 145 41
internal_value=0.000125874 0.00105023 0.00223729 0.00395745 -0.00369231
internal_weight=705 647 580 460 120
internal_count=705 647 580 460 120
is_linear=0
shrinkage=0.03


Tree=350
num_leaves=13
num_cat=0
split_feature=90 79 14 66 60 92 69 69 88 117 43 122
split_gain=7.99514 12.7138 8.02368 7.96544 7.78606 6.40593 5.19149 6.00934 4.26342 5.63776 3.8009 2.02577
threshold=223.00000000000003 103.81666666666668 0.31595530242620651 1.0000000180025095e-35 74.817192549573193 86.986604971257421 -323.99999999999994 -107.49999999999999 111.98139924514979 43.500000000000007 7815.0000000000009 6156.5000000000009
decision_type=8 10 2 10 10 10 8 8 10 10 10 2
left_child=2 6 5 4 -4 11 -2 -8 10 -10 -3 -1
right_child=1 8 3 -5 -6 -7 7 -9 9 -11 -12 -13
leaf_value=-0.011896237498713304 0.0026389078006243947 -1.4892416560906689 0.73132958642561308 -0.45105015465796267 -0.014486380428357391 0.0033368960965979963 1.0387298286009456 0.020149014392884509 0.15345240447146849 -0.17572050094903124 0.0058074043777256177 -0.70260170939359756
leaf_weight=55 48 41 40 49 59 58 94 53 44 40 40 56
leaf_count=55 48 41 40 49 59 58 94 53 44 40 40 56
internal_value=0.000480349 0.00356757 -0.00284404 0.00189873 0.00688073 -0.0072067 0.00863415 0.0112739 -0.00222857 0.00191489 -0.00692308 -0.011157
internal_weight=677 360 317 148 99 169 195 147 165 84 81 111
internal_count=677 360 317 148 99 169 195 147 165 84 81 111
is_linear=0
shrinkage=0.03


Tree=351
num_leaves=6
num_cat=0
split_feature=55 57 79 68 66
split_gain=10.6997 9.95108 5.94299 4.50344 3.36893
threshold=6170.8666666666677 6024.0000000000009 118.83333333333336 108.35054125356693 8.5000000000000018
decision_type=8 8 10 10 10
left_child=4 -2 3 -3 -1
right_child=1 2 -4 -5 -6
leaf_value=-0.0082083932041316036 0.96567212018226478 0.023300367560855476 -0.18567463828995051 -0.032474323613285991 -0.3051497383858629
leaf_weight=46 64 369 69 66 43
leaf_count=46 64 369 69 66 43
internal_value=0.000224888 0.00186851 0.000233463 0.00168539 -0.00878788
internal_weight=657 568 504 435 89
internal_count=657 568 504 435 89
is_linear=0
shrinkage=0.03


Tree=352
num_leaves=8
num_cat=0
split_feature=56 118 11 109 40 56 71
split_gain=4.77117 7.99885 6.73452 7.60483 9.80284 5.77491 5.77027
threshold=134.57633526429399 90.500000000000014 0.93301270189221952 22.817908787541779 -142.49999999999997 83.030190872775492 122.0714285714286
decision_type=10 10 2 10 10 10 10
left_child=1 5 3 4 -2 -1 -5
right_child=2 -3 -4 6 -6 -7 -8
leaf_value=0.00047389081424341838 0.02178213559787558 -0.10310971178285015 0.84322390470368136 0.53131996678227322 -0.070389215869392521 0.73129090396521967 -0.098812004551775662
leaf_weight=53 61 48 44 113 255 60 49
leaf_count=53 61 48 44 113 255 60 49
internal_value=-0.000562771 0.00368421 -0.00203008 -0.00319672 -0.00588957 0.00804878 0.00174419
internal_weight=683 161 522 478 316 113 162
internal_count=683 161 522 478 316 113 162
is_linear=0
shrinkage=0.03


Tree=353
num_leaves=8
num_cat=0
split_feature=52 42 43 54 55 56 56
split_gain=6.78397 8.30511 7.25988 7.89895 6.82707 5.53148 4.20046
threshold=94.677586074994096 317.50000000000006 7815.0000000000009 11076.000000000002 7891.8666666666677 147.71805416722188 79.776144022945644
decision_type=10 10 8 10 8 10 8
left_child=5 2 4 -4 -2 6 -1
right_child=1 -3 3 -5 -6 -7 -8
leaf_value=0.0012356359967239426 -0.0076835272510109576 -0.48819249375426216 0.29516522048031069 -0.12631514211076592 -1.8087675592851991 -0.0078642934552116371 0.4980182161720364
leaf_weight=51 167 55 150 54 41 65 71
leaf_count=51 167 55 150 54 41 65 71
internal_value=0.000271084 -0.00157233 0 0.00392523 -0.00385321 0.00502538 0.00863636
internal_weight=654 467 412 204 208 187 122
internal_count=654 467 412 204 208 187 122
is_linear=0
shrinkage=0.03


Tree=354
num_leaves=8
num_cat=0
split_feature=98 55 13 46 99 38 99
split_gain=6.03724 11.2908 11.1256 13.2482 7.61596 6.12607 1.80161
threshold=434.50000000000006 8182.5500000000002 0.89404822654372251 -0.88565779047902182 138.1428571428572 0.74149648890291531 194.67857142857144
decision_type=8 8 2 10 10 10 8
left_child=1 2 3 -1 -4 6 -3
right_child=-2 5 4 -5 -6 -7 -8
leaf_value=-0.15255528005406993 1.5751597585948374 -0.017426448363316353 -0.0009766585203659162 0.016999597930597472 2.4883848726707427 0.044284233042339451 -1.3390088387221328
leaf_weight=96 52 58 44 241 48 55 73
leaf_count=96 52 58 44 241 48 55 73
internal_value=-0.0010192 -0.001968 0.000615034 -0.00181556 0.00941176 -0.00795918 -0.0112766
internal_weight=667 615 429 337 92 186 131
internal_count=667 615 429 337 92 186 131
is_linear=0
shrinkage=0.03


Tree=355
num_leaves=9
num_cat=0
split_feature=109 83 16 70 102 47 58 86
split_gain=8.18201 8.53896 7.35816 6.97205 7.10392 3.54567 6.34498 0.650469
threshold=22.956952169076754 136.50000000000003 -15.499999999999998 86.500000000000014 368.50000000000006 8282.6428571428587 7978.5000000000009 205.50000000000003
decision_type=10 10 8 8 10 10 10 10
left_child=2 7 3 4 -1 6 -4 -2
right_child=1 -3 5 -5 -6 -7 -8 -9
leaf_value=-0.66879047844751838 1.2224924712638392 -0.044505328258861991 -0.0077768904569571794 0.010585499117940458 -0.053962439776644257 -0.10590772157338051 0.46690389806354549 1.1977255510746294
leaf_weight=66 41 77 203 57 63 47 78 41
leaf_count=66 41 77 203 57 63 47 78 41
internal_value=-0.000834553 0.0047929 -0.00274809 -0.00734694 -0.0110072 0 0.00134021 0.011087
internal_weight=673 159 514 186 129 328 281 82
internal_count=673 159 514 186 129 328 281 82
is_linear=0
shrinkage=0.03


Tree=356
num_leaves=10
num_cat=0
split_feature=24 66 53 98 68 4 109 70 32
split_gain=3.91168 6.70327 9.60228 6.67417 11.2532 5.06533 4.41613 3.94741 2.38127
threshold=-52.499999999999993 1.0000000180025095e-35 8379.0000000000018 193.50000000000003 58.519791507238779 269.50000000000006 -13.260622914349236 64.000000000000014 -165.49999999999997
decision_type=8 8 10 8 8 2 8 8 10
left_child=5 2 -2 6 -5 7 -3 8 -1
right_child=1 3 -4 4 -6 -7 -8 -9 -10
leaf_value=-0.13424217210657366 0.59007638382101091 -0.18090887965399047 -0.079469375520251045 0.081424944209002481 -0.031342736148020835 0.61039352640224309 -0.010096146903188127 0.013705420749001575 -0.98356466777460261
leaf_weight=40 50 45 44 150 108 47 84 44 66
leaf_count=40 50 45 44 150 108 47 84 44 66
internal_value=-8.72093e-05 0.0012831 0.00807692 -0.000377834 0.00223881 -0.00362319 -0.00582734 -0.006375 -0.00931034
internal_weight=678 481 94 387 258 197 129 150 106
internal_count=678 481 94 387 258 197 129 150 106
is_linear=0
shrinkage=0.03


Tree=357
num_leaves=10
num_cat=0
split_feature=109 95 20 3 99 109 71 22 94
split_gain=5.81846 6.35909 6.93549 5.48348 9.16773 7.62049 8.34829 7.25184 3.16133
threshold=22.956952169076754 212.85714285714286 21.500000000000004 10.500000000000002 111.78571428571429 -8.9902113459399082 87.571428571428584 -0.3874831199987438 246.00000000000003
decision_type=8 10 8 2 10 10 10 10 10
left_child=3 2 -2 4 -1 6 -5 -7 -6
right_child=1 -3 -4 5 8 7 -8 -9 -10
leaf_value=0.011099630751698441 -0.030832192436090224 -0.15896461691331254 1.0360976410302336 -0.0056371851769395675 -0.96391556963140368 0.027750606866034672 2.35921798336837 -0.074393306459396194 -0.030402454063580251
leaf_weight=55 52 54 71 131 53 58 48 101 62
leaf_count=55 52 54 71 131 53 58 48 101 62
internal_value=-0.000733813 0.00368984 0.00744361 -0.00243243 -0.00666667 0 0.00396825 -0.0047929 -0.01128
internal_weight=685 177 123 508 170 338 179 159 115
internal_count=685 177 123 508 170 338 179 159 115
is_linear=0
shrinkage=0.03


Tree=358
num_leaves=5
num_cat=0
split_feature=3 23 96 110
split_gain=7.0622 6.78003 12.8316 11.7224
threshold=27.500000000000004 10656.500000000002 151.51194807662384 8086.2958470083595
decision_type=2 8 10 10
left_child=1 2 3 -1
right_child=-2 -3 -4 -5
leaf_value=0.015485103807121731 -0.25755165900917792 -1.3013022557989051 1.3576056311427114 -0.15443970600640711
leaf_weight=389 74 56 40 117
leaf_count=389 74 56 40 117
internal_value=-0.00113703 0 0.00107914 -0.000232558
internal_weight=676 602 546 506
internal_count=676 602 546 506
is_linear=0
shrinkage=0.03


Tree=359
num_leaves=10
num_cat=0
split_feature=22 39 91 23 70 87 34 84 55
split_gain=5.21804 7.44761 9.01908 4.42407 4.0559 7.92515 7.70573 5.01961 4.30222
threshold=-0.30726188699984885 10341.500000000002 141.55000000000004 5637.0000000000009 115.50000000000001 123.64285714285715 214.50000000000003 99.754596845642922 8079.5166666666673
decision_type=10 10 10 8 10 10 10 10 10
left_child=1 2 3 -1 5 6 -2 -6 -7
right_child=4 -3 -4 -5 7 8 -8 -9 -10
leaf_value=-0.0048413112798112931 0.0025511381397262767 -0.65668584528768137 -0.047732410477506163 0.29185920572624863 -0.22918694661881467 0.89327023586962484 -0.2977507037085676 -0.0012973716199661033 -0.029858403551949218
leaf_weight=41 129 42 65 169 44 40 51 48 40
leaf_count=41 129 42 65 169 44 40 51 48 40
internal_value=0.000397644 0.00321101 0.00515789 0.00818182 -0.00198895 0 -0.00347368 -0.00705882 0.00733333
internal_weight=669 317 275 210 352 260 180 92 80
internal_count=669 317 275 210 352 260 180 92 80
is_linear=0
shrinkage=0.03


Tree=360
num_leaves=6
num_cat=0
split_feature=79 72 34 90 18
split_gain=4.29097 8.71069 4.83387 11.1702 5.19055
threshold=118.83333333333336 86.780970740830199 183.50000000000003 223.00000000000003 174.00000000000003
decision_type=10 10 10 10 8
left_child=1 2 4 -4 -1
right_child=-2 -3 3 -5 -6
leaf_value=-0.015140755747171573 -0.12273785236263013 0.57277895844539017 -0.44047845481393094 0.0029453848916864444 0.056807422729179394
leaf_weight=170 74 53 117 213 73
leaf_count=170 74 53 117 213 73
internal_value=-0.00143662 -0.000471698 -0.00169811 -0.00405882 0.00130435
internal_weight=700 626 573 330 243
internal_count=700 626 573 330 243
is_linear=0
shrinkage=0.03


Tree=361
num_leaves=9
num_cat=0
split_feature=94 98 4 22 98 96 4 74
split_gain=5.02611 8.25915 7.25855 5.92495 4.29685 6.90654 6.82669 3.72465
threshold=246.00000000000003 368.50000000000006 40.500000000000007 -0.3874831199987438 349.00000000000006 165.4255440145287 151.50000000000003 219.50000000000003
decision_type=10 10 2 10 10 10 2 10
left_child=1 2 -1 -4 6 -6 7 -2
right_child=4 -3 3 -5 5 -7 -8 -9
leaf_value=-1.9579326284109675 0.69388869156160982 0.91841323305715872 0.11138769544513458 -0.0060943232567116463 -0.96452780267619409 0.26326792586933351 -0.062177814376317427 -0.017867879886752574
leaf_weight=52 51 52 95 192 66 42 77 42
leaf_count=52 51 52 95 192 66 42 77 42
internal_value=0.000220913 0.00246883 0.000429799 0.00252525 -0.00270833 -0.00711864 0 0.00553398
internal_weight=669 391 339 287 278 108 170 93
internal_count=669 391 339 287 278 108 170 93
is_linear=0
shrinkage=0.03


Tree=362
num_leaves=11
num_cat=0
split_feature=95 95 42 122 12 26 79 68 94 33
split_gain=5.91985 8.58485 8.23985 6.23269 7.14538 6.59246 5.44762 5.0666 6.95181 3.10894
threshold=119.28571428571429 82.500000000000014 217.50000000000003 7860.5000000000009 -0.5 265.50000000000006 90.15000000000002 108.35054125356693 229.50000000000003 8.5000000000000018
decision_type=8 10 8 2 2 10 8 8 10 8
left_child=1 9 7 4 -4 -5 -3 8 -2 -1
right_child=2 6 3 5 -6 -7 -8 -9 -10 -11
leaf_value=-0.0063911855212048603 -0.010091338152857289 -0.64172602793556621 -0.032262436002816842 -1.2553283574210854 1.0091087292176855 0.0053540197691663138 -0.00035314103788397944 -0.0068021414711921576 0.84516268854245902 0.19370828836073961
leaf_weight=47 42 81 73 75 90 68 44 57 84 42
leaf_count=47 42 81 73 75 90 68 44 57 84 42
internal_value=0.000210379 -0.00375 0.00210421 -0.000759494 0.00294798 -0.00529412 -0.00866667 0.00699482 0.0101471 0.00272727
internal_weight=703 214 489 306 163 143 125 183 126 89
internal_count=703 214 489 306 163 143 125 183 126 89
is_linear=0
shrinkage=0.03


Tree=363
num_leaves=11
num_cat=0
split_feature=19 35 70 13 109 14 95 48 3 63
split_gain=6.32782 10.5757 11.6999 8.88138 6.00199 5.8842 5.33633 3.9999 3.04113 2.39347
threshold=7815.0000000000009 5893.5000000000009 120.50000000000001 -0.26037633224328088 -5.4453837597329882 -0.71502926860092908 228.14285714285717 75.194158955093684 14.500000000000002 -53.035714285714285
decision_type=10 8 8 2 10 2 10 8 2 10
left_child=1 8 5 6 -5 -3 -2 -4 -1 -6
right_child=3 2 7 4 9 -7 -8 -9 -10 -11
leaf_value=-0.00062920826650440624 0.88474548852947632 0.0374441078875202 -0.31448560533427183 0.0016687812345790576 -2.399455550341294 0.91577872350446243 -0.30934856385492238 0.0039988936761273658 -0.11155956530062167 -0.085917863952476525
leaf_weight=53 51 89 46 41 55 104 52 76 54 43
leaf_count=53 51 89 46 41 55 104 52 76 54 43
internal_value=-0.000445104 0.00166667 0.00452308 -0.00428571 -0.0090604 0.00901478 0.00185841 -0.00227273 -0.00589744 -0.0127778
internal_weight=664 422 315 242 139 193 103 122 107 98
internal_count=664 422 315 242 139 193 103 122 107 98
is_linear=0
shrinkage=0.03


Tree=364
num_leaves=8
num_cat=0
split_feature=99 58 45 46 46 76 62
split_gain=4.33621 5.77867 8.05116 5.045 4.96748 4.89439 4.87421
threshold=253.78571428571431 9070.5000000000018 213.50000000000003 -0.46713703283099978 0.51076794994928687 62.164405099913544 15.500000000000002
decision_type=8 10 8 10 10 10 10
left_child=1 2 6 -3 -5 -4 -1
right_child=-2 3 5 4 -6 -7 -8
leaf_value=0.0078988729884192036 1.5681998118379152 0.017474668172330111 -0.059548399068143458 -1.3769820374944266 -0.0371750959740271 1.1259762072589736 -0.033581620952950857
leaf_weight=156 43 64 40 47 66 68 205
leaf_count=156 43 64 40 47 66 68 205
internal_value=-0.000729614 -0.00146341 0.000187891 -0.00593583 -0.0095122 0.00711864 -0.00185984
internal_weight=689 646 469 177 113 108 361
internal_count=689 646 469 177 113 108 361
is_linear=0
shrinkage=0.03


Tree=365
num_leaves=10
num_cat=0
split_feature=30 71 58 112 53 16 96 116 65
split_gain=8.14161 12.1789 6.21053 7.07044 5.45091 4.76239 4.64264 4.56769 3.84792
threshold=-0.5321225711811427 40.500000000000007 8015.0000000000009 8118.3410848475123 6437.5000000000009 3.5000000000000004 130.30286251329863 -25.499999999999996 -93.999999999999986
decision_type=8 10 8 8 10 10 8 10 10
left_child=1 -1 4 -4 5 -2 -5 8 -3
right_child=2 7 3 6 -6 -7 -8 -9 -10
leaf_value=0.044560580672050487 -0.016357990476402087 -0.6262241156598205 1.0568230819082323 -0.1289258104209958 -0.42328310700862515 0.10731969571270709 0.073170567383590568 -0.020703651106110499 -0.013429036556523295
leaf_weight=65 80 79 67 58 48 61 114 49 40
leaf_count=65 80 79 67 58 48 61 114 49 40
internal_value=-0.00111773 -0.00555556 0.00123288 0.00445783 -0.00256281 0.000198675 0.000659341 -0.00977528 -0.0127907
internal_weight=661 233 428 239 189 141 172 168 119
internal_count=661 233 428 239 189 141 172 168 119
is_linear=0
shrinkage=0.03


Tree=366
num_leaves=10
num_cat=0
split_feature=116 38 68 60 22 40 98 82 30
split_gain=6.1931 9.03484 8.90187 8.35285 6.81561 7.57377 6.57799 6.17033 2.57125
threshold=-77.499999999999986 -0.34235804688492738 42.873621782414311 75.957245717189792 0.66438020320295232 6.5000000000000009 368.50000000000006 214.00000000000003 0.60259899580270571
decision_type=8 10 8 10 10 10 10 8 10
left_child=6 2 -2 -4 5 -3 7 -1 -6
right_child=1 4 3 -5 8 -7 -8 -9 -10
leaf_value=-1.6311991377402324 -0.013384196908760301 -0.014281346931007235 0.40339169219265336 -0.025444859035480077 0.40719515477386364 -0.39338571183780768 0.069113709144144192 -0.0071821685316177759 0.0093387827959861627
leaf_weight=53 77 168 110 44 44 63 41 41 64
leaf_count=53 77 168 110 44 44 63 41 41 64
internal_value=0 0.00134483 0.00585062 0.00987805 -0.00163324 -0.00460581 -0.00558621 -0.00980769 0.0040678
internal_weight=705 570 231 154 339 231 135 94 108
internal_count=705 570 231 154 339 231 135 94 108
is_linear=0
shrinkage=0.03


Tree=367
num_leaves=6
num_cat=0
split_feature=35 122 14 14 34
split_gain=6.52486 6.53401 6.27333 3.6162 3.12356
threshold=5863.5000000000009 6140.5000000000009 0.96849880583763492 -0.45273527932988084 51.500000000000007
decision_type=10 2 2 2 8
left_child=4 -2 3 -3 -1
right_child=1 2 -4 -5 -6
leaf_value=-0.0019985021046066719 1.6693787653151464 -0.028883450175643331 -0.23421549953202941 0.056032620137721666 -1.2647125571847788
leaf_weight=71 44 176 41 292 41
leaf_count=71 44 176 41 292 41
internal_value=0.000755556 0.00218472 0.000982659 0.00213389 -0.00540984
internal_weight=665 553 509 468 112
internal_count=665 553 509 468 112
is_linear=0
shrinkage=0.03


Tree=368
num_leaves=5
num_cat=0
split_feature=108 118 60 43
split_gain=3.90462 10.8797 8.74895 9.604
threshold=-94.541758241758387 -811.99999999999989 107.6125238504484 7836.5000000000009
decision_type=10 10 10 8
left_child=-1 -2 3 -3
right_child=1 2 -4 -5
leaf_value=0.34198943422898281 -0.46588952662971506 -0.010364270380237456 -0.84682095071379848 0.37404893056345118
leaf_weight=45 66 363 49 151
leaf_count=45 66 363 49 151
internal_value=-0.000438596 -0.00117371 0.000157068 0.00148855
internal_weight=674 629 563 514
internal_count=674 629 563 514
is_linear=0
shrinkage=0.03


Tree=369
num_leaves=8
num_cat=0
split_feature=98 13 108 57 18 15 54
split_gain=8.0504 6.36524 10.8338 8.05091 7.94671 6.35213 5.62184
threshold=434.50000000000006 0.89404822654372251 23.147252747252669 7795.5000000000009 278.50000000000006 6158.5000000000009 2376.5000000000005
decision_type=10 2 8 10 10 10 10
left_child=1 2 5 6 -4 -1 -3
right_child=-2 3 4 -5 -6 -7 -8
leaf_value=0.0042446938572564359 1.2107528291001379 0.0012240536060110685 0.44766084468284562 -0.28834825491346439 -0.12643444994395622 -0.12100532353532903 2.1302384363225864
leaf_weight=91 56 42 96 44 51 246 51
leaf_count=91 56 42 96 44 51 246 51
internal_value=-0.000742358 -0.0018542 -0.00352227 0.00346939 0.00286624 -0.00648415 0.0084466
internal_weight=677 621 484 137 147 337 93
internal_count=677 621 484 137 147 337 93
is_linear=0
shrinkage=0.03


Tree=370
num_leaves=6
num_cat=0
split_feature=12 3 26 108 13
split_gain=5.18674 5.76548 9.99189 6.84915 9.56875
threshold=-0.9330127018922193 8.5000000000000018 254.50000000000003 -83.312087912087932 0.79383249484937135
decision_type=2 2 10 8 2
left_child=-1 2 -2 -3 -5
right_child=1 3 -4 4 -6
leaf_value=0.056216984757831483 -0.36092451945409015 0.5391199459789271 0.0097340168596626586 -0.039123951745626467 0.082436725479443779
leaf_weight=50 89 41 65 311 114
leaf_count=50 89 41 65 311 114
internal_value=-0.00123529 -0.00209524 -0.00695122 -0.000252101 -0.00158621
internal_weight=670 620 154 466 425
internal_count=670 620 154 466 425
is_linear=0
shrinkage=0.03


Tree=371
num_leaves=7
num_cat=0
split_feature=102 59 39 109 98 79
split_gain=3.67555 13.1942 9.54045 4.61667 8.03572 6.26055
threshold=434.50000000000006 -112.99999999999999 9050.0000000000018 -8.1503893214682641 257.50000000000006 87.916666666666686
decision_type=8 8 10 8 10 8
left_child=2 -2 3 4 -1 -5
right_child=1 -3 -4 5 -6 -7
leaf_value=-0.0078864320526206913 -0.059722746147529621 1.4210624132662362 -0.35339220261424431 0.013214946795880707 0.10136301058024572 -0.073059800024598193
leaf_weight=128 65 40 63 128 78 197
leaf_count=128 65 40 63 128 78 197
internal_value=0 0.00495652 -0.00089404 0.00038817 0.00388889 -0.00170149
internal_weight=699 105 594 531 206 325
internal_count=699 105 594 531 206 325
is_linear=0
shrinkage=0.03


Tree=372
num_leaves=10
num_cat=0
split_feature=95 31 62 74 62 120 65 25 58
split_gain=6.08938 8.34174 5.64207 8.03729 6.96102 8.24143 6.93439 5.13959 4.36213
threshold=212.85714285714286 10288.500000000002 29.000000000000004 166.50000000000003 63.500000000000007 0.0086199443563071982 -88.999999999999986 30.500000000000004 8376.0000000000018
decision_type=10 10 10 10 10 10 10 10 10
left_child=2 -2 3 7 6 -6 -4 -1 -5
right_child=1 -3 4 8 5 -7 -8 -9 -10
leaf_value=0.018810550847496967 -0.84490680372656235 0.01305918926832831 -1.3671238796036322 0.0078588044502970432 0.12534840236872541 -0.032978867084227516 -0.0017841646353359407 -0.34516454687370185 1.3663802685913902
leaf_weight=147 41 54 45 43 67 110 60 80 41
leaf_count=147 41 54 45 43 67 110 60 80 41
internal_value=-0.000429799 -0.00714286 0.000646766 0.00345794 -0.00226027 0.00112299 -0.00808696 0.000126582 0.0108511
internal_weight=688 95 593 311 282 177 105 227 84
internal_count=688 95 593 311 282 177 105 227 84
is_linear=0
shrinkage=0.03


Tree=373
num_leaves=10
num_cat=0
split_feature=11 23 98 46 64 38 46 56 4
split_gain=5.06241 11.635 7.89272 6.93811 6.44003 4.32197 3.6717 1.66811 1.44067
threshold=-0.6830127018922193 8207.5000000000018 308.50000000000006 0.19860062214120958 49.132072056562244 -0.15013596742338706 -0.36755430561097863 384.59954846902809 294.50000000000006
decision_type=2 10 10 10 10 10 10 10 2
left_child=3 2 4 8 -2 -4 -3 -8 -1
right_child=1 6 5 -5 -6 -7 7 -9 -10
leaf_value=-0.11975168276933754 0.0054516459759101823 -0.020838893004761588 0.75423100861281789 1.2534540077852383 -0.13597743457849185 0.021165398115268772 -1.2694843221687324 -0.27885800431024421 0.075452849961767501
leaf_weight=44 183 60 45 50 102 41 43 42 44
leaf_count=44 183 60 45 50 102 41 43 42 44
internal_value=-0.000722892 -0.0021673 0.000551181 0.00405405 -0.00172881 0.008125 -0.00909677 -0.0129474 -0.000612245
internal_weight=654 516 371 138 285 86 145 85 88
internal_count=654 516 371 138 285 86 145 85 88
is_linear=0
shrinkage=0.03


Tree=374
num_leaves=5
num_cat=0
split_feature=55 31 58 70
split_gain=7.76343 5.06995 11.7499 4.77495
threshold=11033.533333333335 10080.500000000002 10252.000000000002 12.000000000000002
decision_type=8 10 10 10
left_child=1 2 3 -1
right_child=-2 -3 -4 -5
leaf_value=0.065035483289185125 -3.2696109049651785 0.80695806752616728 -0.30281126337267378 -0.0087436584701083477
leaf_weight=96 48 60 46 428
leaf_count=96 48 60 46 428
internal_value=-0.000872093 0 -0.000827586 0.000449438
internal_weight=678 630 570 524
internal_count=678 630 570 524
is_linear=0
shrinkage=0.03


Tree=375
num_leaves=11
num_cat=0
split_feature=34 14 14 67 71 86 117 116 38 22
split_gain=7.27321 6.60248 12.8219 11.8185 8.05083 7.64436 4.49482 3.97713 5.44528 3.81382
threshold=161.50000000000003 -0.19337245081799007 -0.45273527932988084 -36.18333333333333 100.07142857142858 191.50000000000003 117.00000000000001 -3.4999999999999996 0.045556617985542676 -1.254062769864239
decision_type=8 2 2 10 10 10 10 10 10 10
left_child=7 2 3 -2 5 -3 -6 9 -9 -1
right_child=1 4 -4 -5 6 -7 -8 8 -10 -11
leaf_value=0.0088208891995009246 -1.2677806539250178 0.18490451129698102 1.0596593960867731 0.023559796060516263 0.17186578587352669 -0.21818803666960881 -0.034900821634982149 -0.064668902332712858 0.027188435989916611 0.28184753279293745
leaf_weight=41 50 42 50 130 41 120 40 45 41 58
leaf_count=41 50 42 50 130 41 120 40 45 41 58
internal_value=-0.000628743 -0.00267081 0.00075 -0.00284211 -0.00604743 -0.00976744 0.000989011 0.00415385 0 0.00798165
internal_weight=658 473 230 180 243 162 81 185 86 99
internal_count=658 473 230 180 243 162 81 185 86 99
is_linear=0
shrinkage=0.03


Tree=376
num_leaves=5
num_cat=0
split_feature=68 118 22 58
split_gain=5.70677 4.7929 13.3431 6.68375
threshold=108.35054125356693 -864.49999999999989 -1.2154543944640603 8387.0000000000018
decision_type=10 8 10 8
left_child=1 -1 -3 -4
right_child=-2 2 3 -5
leaf_value=-0.088450276949775447 -0.39271141799736708 0.21019263889380696 -0.018488514407745456 0.20728620929521183
leaf_weight=76 70 57 318 163
leaf_count=76 70 57 318 163
internal_value=-0.000691643 0.000192308 0.00131387 -0.000305499
internal_weight=684 614 538 481
internal_count=684 614 538 481
is_linear=0
shrinkage=0.03


Tree=377
num_leaves=6
num_cat=0
split_feature=91 75 40 59 23
split_gain=5.69876 5.18686 5.49063 6.72215 5.90514
threshold=185.50000000000003 123.03571428571429 1.0000000180025095e-35 15.500000000000002 10710.500000000002
decision_type=8 10 10 10 10
left_child=1 2 4 -4 -1
right_child=-2 -3 3 -5 -6
leaf_value=0.0081046004884674974 0.09609889710797119 -0.18625738590915655 -0.23810152681597285 0.046358200556664821 -1.1327252858635686
leaf_weight=403 61 48 81 40 52
leaf_count=403 61 48 81 40 52
internal_value=-0.000733813 -0.00170347 -0.000716724 -0.00618321 0.000709677
internal_weight=685 624 576 121 455
internal_count=685 624 576 121 455
is_linear=0
shrinkage=0.03


Tree=378
num_leaves=6
num_cat=0
split_feature=23 57 109 102 18
split_gain=5.55974 11.2226 6.35406 11.569 7.78151
threshold=10710.500000000002 8536.5000000000018 -8.6378197997774127 353.50000000000006 265.50000000000006
decision_type=10 10 10 10 8
left_child=1 2 4 -4 -1
right_child=-2 -3 3 -5 -6
leaf_value=-0.0013208096551360704 -2.1000741616523619 0.43250028530252904 -0.0066699049008055586 -1.2923876452726037 1.5622752440233501
leaf_weight=209 53 59 242 66 47
leaf_count=209 53 59 242 66 47
internal_value=-0.000524781 0.000236967 -0.0010453 -0.00396226 0.00225564
internal_weight=676 623 564 308 256
internal_count=676 623 564 308 256
is_linear=0
shrinkage=0.03


Tree=379
num_leaves=10
num_cat=0
split_feature=40 38 122 74 35 74 50 33 3
split_gain=4.1593 8.38762 4.70613 6.67791 4.69694 3.47732 3.14493 4.87875 2.04316
threshold=-3.4999999999999996 -1.1790306531212267 6230.5000000000009 162.50000000000003 5845.0000000000009 175.00000000000003 10750.000000000002 124.50000000000001 13.500000000000002
decision_type=10 10 2 10 10 10 10 10 2
left_child=1 -1 4 8 -2 -5 7 -3 -4
right_child=2 6 3 5 -6 -7 -8 -9 -10
leaf_value=-0.41917741651448664 -0.0090134740640658954 0.37400802939447886 -0.47022925913523428 0.061176939460669072 0.18366861724355096 -0.012501712733831596 -0.085764320324946575 0.0035572025560215437 -0.15629642545688455
leaf_weight=61 43 133 40 42 50 163 40 75 41
leaf_count=61 43 133 40 42 50 163 40 75 41
internal_value=0 0.00253918 -0.00208226 -0.00405405 0.00320388 -0.000697674 0.00511628 0.0066055 -0.0108791
internal_weight=688 309 379 286 93 205 248 208 81
internal_count=688 309 379 286 93 205 248 208 81
is_linear=0
shrinkage=0.03


Tree=380
num_leaves=10
num_cat=0
split_feature=109 83 18 118 71 52 64 27 117
split_gain=6.37581 8.14346 6.64935 14.2742 7.94519 7.3728 8.17003 3.89028 2.46942
threshold=22.956952169076754 135.07142857142858 224.50000000000003 119.00000000000001 89.285714285714292 351.48976426946132 37.162903798830875 7360.5000000000009 345.50000000000006
decision_type=8 8 10 10 10 10 10 10 10
left_child=2 8 5 4 -4 6 -1 -5 -2
right_child=1 -3 3 7 -6 -7 -8 -9 -10
leaf_value=-0.0032228889060239396 1.193072053853752 -0.024461408558035486 -0.0041915979860699792 0.0059977422967362765 0.53074081572178133 0.32176973991314667 -0.76972525912169254 -0.38633494447775563 0.10798396635853294
leaf_weight=109 41 75 50 41 79 49 123 48 56
leaf_count=109 41 75 50 41 79 49 123 48 56
internal_value=4.40529e-05 0.00494505 -0.00159136 0.00210526 0.00841727 -0.00463918 -0.00694215 -0.00636364 0.0103738
internal_weight=671 172 499 218 129 281 232 89 97
internal_count=671 172 499 218 129 281 232 89 97
is_linear=0
shrinkage=0.03


Tree=381
num_leaves=11
num_cat=0
split_feature=43 74 88 120 4 14 25 52 108 42
split_gain=6.04934 9.38353 8.4119 11.8841 6.44529 5.46743 8.97952 5.20879 5.97491 3.90667
threshold=7815.0000000000009 175.00000000000003 76.917382719541678 0.043959262443631693 104.50000000000001 -0.42179730054635828 45.000000000000007 93.511282365173741 22.33516483516475 225.50000000000003
decision_type=8 10 8 10 2 2 10 10 10 10
left_child=1 5 -2 4 -4 9 -7 -3 -9 -1
right_child=2 7 3 -5 -6 6 -8 8 -10 -11
leaf_value=1.2358429096066759 -0.071919677143509941 0.0074122382888988621 0.01459335724745415 -0.13711729088126928 2.5739536261520604 0.013043918086108306 -0.55659297315436052 -0.58175304230724578 -0.025185066377767098 0.020830663773785785
leaf_weight=44 70 56 81 55 64 107 42 59 57 46
leaf_count=44 70 56 81 55 64 107 42 59 57 46
internal_value=0.000824891 -0.00135392 0.00428571 0.00742857 0.0118065 0.00228916 -0.000943396 -0.00659341 -0.01 0.0078
internal_weight=681 411 270 200 145 239 149 172 116 90
internal_count=681 411 270 200 145 239 149 172 116 90
is_linear=0
shrinkage=0.03


Tree=382
num_leaves=10
num_cat=0
split_feature=3 109 120 14 79 84 88 14 111
split_gain=5.60418 8.27014 6.07764 7.73731 11.0504 5.35508 7.07994 5.34528 2.85233
threshold=8.5000000000000018 23.105895439377093 0.042206812429478331 0.33222858587828863 84.433333333333351 95.983201089299072 87.608620143781408 0.86869874770991873 7553.9783285623625
decision_type=2 8 8 2 10 10 8 2 10
left_child=1 8 3 4 -2 6 -4 -5 -1
right_child=2 -3 5 7 -6 -7 -8 -9 -10
leaf_value=-0.01274973841346636 -0.075383605912040894 0.29419910346064626 -0.21917356125826046 0.5164630754179973 0.092434824129491056 -0.39918025094951037 0.4689940908750227 0.0077768998810769574 -0.75328954356252786
leaf_weight=78 91 43 49 95 133 40 40 48 60
leaf_count=78 91 43 49 95 133 40 40 48 60
internal_value=0.000655022 -0.00361257 0.00237154 0.00437666 0.000512821 -0.00280576 0.000909091 0.00960784 -0.0072973
internal_weight=677 181 496 367 224 129 89 143 138
internal_count=677 181 496 367 224 129 89 143 138
is_linear=0
shrinkage=0.03


Tree=383
num_leaves=9
num_cat=0
split_feature=74 79 3 66 42 42 4 114
split_gain=6.55273 10.0129 6.97813 8.68561 9.11247 6.94389 5.77595 2.07143
threshold=157.00000000000003 118.23333333333335 9.5000000000000018 2.5000000000000004 157.50000000000003 174.00000000000003 117.50000000000001 -5.5341566357886824
decision_type=8 10 2 10 8 8 2 10
left_child=2 5 -1 4 -4 -2 -7 -5
right_child=1 -3 3 7 -6 6 -8 -9
leaf_value=-0.14161776047708727 -0.014626429842957336 -0.085163935679033714 0.5686682054263491 -0.64832249926178032 -0.03218738664849425 1.591504913394348 0.031377118276082992 -0.026487165588001956
leaf_weight=74 63 72 48 40 90 50 194 46
leaf_count=74 63 72 48 40 90 50 194 46
internal_value=0 0.00254499 -0.00331169 -0.00025641 0.00405405 0.00501577 0.00732283 -0.0075
internal_weight=677 379 298 224 138 307 244 86
internal_count=677 379 298 224 138 307 244 86
is_linear=0
shrinkage=0.03


Tree=384
num_leaves=11
num_cat=0
split_feature=13 122 66 60 13 15 96 21 68 86
split_gain=8.04391 9.41909 11.733 8.48718 8.47076 5.49771 5.24197 2.58854 1.27454 1.19792
threshold=-0.2270106897347694 7978.5000000000009 1.0000000180025095e-35 57.24561121940723 0.52766072109828632 10341.500000000002 80.99946256706319 137.50000000000003 102.1713909659892 211.50000000000003
decision_type=2 2 10 10 2 10 10 10 10 10
left_child=5 2 -2 -3 -4 6 7 -1 -5 -8
right_child=1 3 4 8 -6 -7 9 -9 -10 -11
leaf_value=0.075913954612525175 0.44213005080054696 0.13144427947271253 -0.21488751501205414 -1.5154193923789696 0.0082782643271618987 -0.069919765793653707 2.6574390448976919 -0.034539511469028276 -0.049908796720369533 0.092720473171969783
leaf_weight=51 78 41 84 56 107 52 60 42 42 40
leaf_count=51 78 41 84 56 107 52 60 42 42 40
internal_value=0.000316742 -0.00215311 0.000967742 -0.00825503 -0.00283582 0.00458824 0.00694581 0.000873786 -0.0127778 0.0114545
internal_weight=653 408 269 139 191 245 193 93 98 100
internal_count=653 408 269 139 191 245 193 93 98 100
is_linear=0
shrinkage=0.03


Tree=385
num_leaves=9
num_cat=0
split_feature=46 30 13 35 122 31 76 41
split_gain=4.36087 7.26587 6.16321 7.50503 6.56638 4.98185 4.43225 3.95294
threshold=0.30903948450972113 1.3325470945127929 0.90162119223771331 5903.5000000000009 6187.0000000000009 8069.5000000000009 58.579397232450141 166.50000000000003
decision_type=8 10 2 10 2 10 10 10
left_child=2 6 3 -1 -5 -4 -2 -8
right_child=1 -3 5 4 -6 -7 7 -9
leaf_value=-0.17127765273017659 -0.033056840819976611 -0.11690286309285468 0.13240729991120972 0.94038213701501328 -0.024735198605943649 -0.030683649288871493 0.67696439767440664 0.17274776638530795
leaf_weight=59 69 63 56 43 251 43 63 45
leaf_count=59 69 63 56 43 251 43 63 45
internal_value=-0.000683761 0.0024 -0.00246753 -0.00438017 -0.00197368 0.00357798 0.00561497 0.00915254
internal_weight=692 240 452 353 294 99 177 108
internal_count=692 240 452 353 294 99 177 108
is_linear=0
shrinkage=0.03


Tree=386
num_leaves=9
num_cat=0
split_feature=78 84 115 3 120 66 61 122
split_gain=8.48201 7.45971 6.75241 5.35391 4.78811 7.23366 4.33736 3.335
threshold=171.00000000000003 81.212615269987509 -139.08085403088239 23.500000000000004 0.0026272196533546626 86.500000000000014 -3.4999999999999996 6129.0000000000009
decision_type=8 10 10 2 10 10 10 2
left_child=2 -2 -1 7 5 -3 -6 -4
right_child=1 4 3 -5 6 -7 -8 -9
leaf_value=0.42295368936616112 0.57376770368532726 -0.0080852083451500075 -0.021323130740194179 0.0068728891852072134 -0.054687089611446492 0.50745307045490196 0.076054875707968247 -0.68118019925740936
leaf_weight=41 69 81 90 57 185 42 51 86
leaf_count=41 69 81 90 57 185 42 51 86
internal_value=-0.00143258 0.00109589 -0.00549296 -0.00753086 -0.000569106 0.00383459 -0.00317073 -0.01
internal_weight=702 428 274 233 359 123 236 176
internal_count=702 428 274 233 359 123 236 176
is_linear=0
shrinkage=0.03


Tree=387
num_leaves=10
num_cat=0
split_feature=32 52 52 72 75 79 96 53 16
split_gain=7.49488 5.00686 5.62969 5.36541 5.18257 4.39539 2.89898 7.89895 3.04343
threshold=-47.499999999999993 196.01004848377673 139.29903685433524 34.669282999126075 74.785714285714292 6.6000000000000005 86.483925088188172 7701.5000000000009 25.500000000000004
decision_type=10 8 10 10 10 10 10 10 10
left_child=1 2 -1 -3 -5 -2 8 -8 -7
right_child=5 3 -4 4 -6 6 7 -9 -10
leaf_value=0.0020519943163426289 0.012866791999872439 0.49066572056023972 2.1429364973239515 -1.0896900370881555 0.042430166784414497 -0.094476160635323075 0.029190997889291807 -0.048286315899582488 -0.0078426520947954964
leaf_weight=54 42 42 45 44 41 117 122 140 47
leaf_count=54 42 42 45 44 41 117 122 140 47
internal_value=-0.00221591 0.0020339 0.00688073 -0.00153285 -0.006 -0.00439331 -0.00536697 -0.00286765 -0.00862069
internal_weight=694 226 99 127 85 468 426 262 164
internal_count=694 226 99 127 85 468 426 262 164
is_linear=0
shrinkage=0.03


Tree=388
num_leaves=10
num_cat=0
split_feature=43 118 75 4 108 52 22 52 18
split_gain=8.86845 9.42776 8.39869 9.66758 8.08111 9.09863 6.50657 3.65358 2.69246
threshold=7810.5000000000009 433.50000000000006 55.642857142857146 104.50000000000001 22.68461538461538 94.677586074994096 -1.2154543944640603 80.429875935493882 265.50000000000006
decision_type=8 10 8 2 10 10 10 10 10
left_child=4 2 -2 -4 5 7 -7 -1 -6
right_child=1 -3 3 -5 8 6 -8 -9 -10
leaf_value=-0.024201614795579758 -0.2426075735963934 -0.19451055693981772 0.0057222372626023338 2.3283289307542918 0.87145542668370179 -0.0048370092303366618 -0.6498869013495121 0.33698574970593953 -0.021925227151430988
leaf_weight=107 49 61 91 75 49 52 101 46 42
leaf_count=107 49 61 91 75 49 52 101 46 42
internal_value=-0.00101025 0.00293706 0.006 0.00920455 -0.00390663 -0.00626582 -0.011227 -0.000552147 0.00326733
internal_weight=673 276 215 166 397 306 153 153 91
internal_count=673 276 215 166 397 306 153 153 91
is_linear=0
shrinkage=0.03


Tree=389
num_leaves=8
num_cat=0
split_feature=37 118 49 67 122 25 96
split_gain=6.2727 7.26296 6.69599 4.00666 5.4001 5.39096 2.67116
threshold=274.50000000000006 -811.99999999999989 8130.5000000000009 17.633333333333336 8052.0000000000009 156.50000000000003 156.7388316809915
decision_type=10 8 10 10 2 10 10
left_child=1 -1 -2 4 -3 -5 -4
right_child=2 3 6 5 -6 -7 -8
leaf_value=-0.13522471960517435 0.40620785583879265 0.019945522284439503 -0.053464193328357508 -0.05326445004523904 -0.031484413461362451 0.084072708951977826 0.71249347791133966
leaf_weight=75 48 243 46 67 118 42 43
leaf_count=75 48 243 46 67 118 42 43
internal_value=0 -0.00145946 0.0055102 0 0.00153639 -0.00478992 0
internal_weight=682 545 137 470 361 109 89
internal_count=682 545 137 470 361 109 89
is_linear=0
shrinkage=0.03


Tree=390
num_leaves=10
num_cat=0
split_feature=42 49 21 62 39 76 119 72 39
split_gain=5.91919 7.80994 7.64612 7.04425 6.50048 8.45699 6.27518 4.38541 1.55207
threshold=225.50000000000003 6131.5000000000009 23.500000000000004 86.500000000000014 8141.5000000000009 62.759217125634585 0.0083924009283881124 62.791849204579236 6839.5000000000009
decision_type=10 8 10 10 10 10 10 10 10
left_child=1 2 -1 4 8 -6 -3 -8 -2
right_child=3 6 -4 -5 5 -7 7 -9 -10
leaf_value=0.002872757378819024 -0.018676010584755147 0.55703621736548026 -0.70288840005258857 0.078453358162733342 -0.50588344372039495 0.70008275063916892 0.42997904961477246 -0.034188417510062089 -0.90111330089769459
leaf_weight=74 69 77 47 72 53 60 67 88 75
leaf_count=74 69 77 47 72 53 60 67 88 75
internal_value=-0.0016474 0.000909091 -0.00480916 -0.00451327 -0.00685393 -0.000731707 0.00421488 0.000181818 -0.0109091
internal_weight=682 353 121 329 257 113 232 155 144
internal_count=682 353 121 329 257 113 232 155 144
is_linear=0
shrinkage=0.03


Tree=391
num_leaves=10
num_cat=0
split_feature=72 79 115 72 5 45 3 18 95
split_gain=8.26886 7.57074 6.09777 5.72333 5.85823 7.11664 5.25661 4.05445 3.69969
threshold=54.076465672348 61.250000000000007 -121.698668613332 62.430354236997331 17.500000000000004 222.50000000000003 10.500000000000002 26.500000000000004 189.00000000000003
decision_type=8 10 10 10 2 10 2 10 8
left_child=1 2 -1 8 5 -5 -6 -4 -2
right_child=3 -3 7 4 6 -7 -8 -9 -10
leaf_value=0.95283867334716033 0.83287266039097096 -0.28358602944659422 0.0005317441186814875 -0.014239533052492277 0.022556158209395816 1.8615556619920703 -0.14587411997029257 -0.49396083215586462 0.0031379043289911121
leaf_weight=41 74 78 56 53 96 46 135 48 53
leaf_count=41 74 78 56 53 96 46 135 48 53
internal_value=-0.000608696 -0.00527897 -0.000580645 0.001606 -0.000352941 0.00522936 -0.00311203 -0.00473684 0.00678832
internal_weight=680 223 145 457 330 99 231 104 127
internal_count=680 223 145 457 330 99 231 104 127
is_linear=0
shrinkage=0.03


Tree=392
num_leaves=9
num_cat=0
split_feature=80 75 75 42 33 80 14 46
split_gain=6.11548 6.71265 8.26441 7.09227 6.12231 6.00811 5.60511 1.79905
threshold=84.958672690618172 96.321428571428598 87.250000000000014 214.50000000000003 21.500000000000004 89.714811872586097 -0.43733099657705293 -0.069944839279928436
decision_type=10 8 10 10 10 10 2 10
left_child=1 2 4 -3 -1 -2 -5 -4
right_child=5 3 7 6 -6 -7 -8 -9
leaf_value=-0.016601589652045445 -0.43894504833858877 -0.060115891967562188 -0.021683082155338908 0.08777084289992558 0.12013764745299504 0.015297973054941849 1.2652581518766139 -0.20335032965106684
leaf_weight=179 48 44 46 55 156 44 41 40
leaf_count=179 48 44 46 55 156 44 41 40
internal_value=-0.000226244 0.00089317 -0.000904872 0.0064 0.00113043 -0.00705882 0.0107547 -0.00875
internal_weight=653 561 421 140 335 92 96 86
internal_count=653 561 421 140 335 92 96 86
is_linear=0
shrinkage=0.03


Tree=393
num_leaves=7
num_cat=0
split_feature=109 19 72 75 83 90
split_gain=5.60853 6.77722 7.38731 8.45643 4.3708 5.84264
threshold=23.105895439377093 8426.5000000000018 83.090796725034394 84.785714285714292 151.50000000000003 226.50000000000003
decision_type=10 10 8 8 10 10
left_child=1 2 3 -1 5 -2
right_child=4 -3 -4 -5 -6 -7
leaf_value=0.0046152332123165964 -0.010828742627563769 -0.91011934868006761 0.15772665072446443 -0.038459754899929303 -0.14886193010722379 1.0742053154743678
leaf_weight=223 41 66 60 172 55 64
leaf_count=223 41 66 60 172 55 64
internal_value=-0.00108538 -0.00265537 -0.00109677 -0.00274074 0.00352941 0.00704348
internal_weight=681 521 455 395 160 105
internal_count=681 521 455 395 160 105
is_linear=0
shrinkage=0.03


Tree=394
num_leaves=10
num_cat=0
split_feature=112 112 58 120 116 64 70 43 26
split_gain=5.183 12.1169 11.5481 6.42943 9.29095 6.39763 6.33507 5.47618 4.7363
threshold=8171.8634856537074 8739.420863742851 7978.5000000000009 0.043276912924159812 -46.499999999999993 64.514316880451702 147.00000000000003 6522.0000000000009 243.50000000000003
decision_type=10 10 8 10 10 10 10 10 10
left_child=2 -2 7 4 -3 6 -4 8 -1
right_child=1 3 5 -5 -6 -7 -8 -9 -10
leaf_value=0.013740839065552563 -0.55953107850964856 -0.2370117964775281 1.4735480805707784 -0.058675460183627022 0.98202318043873504 -0.0031216144332244155 0.016837808898981732 -0.60356681135696288 -0.038642073913446207
leaf_weight=159 53 56 65 51 67 76 40 52 67
leaf_count=159 53 56 65 51 67 76 40 52 67
internal_value=-0.000775862 -0.00443038 0.000959488 0 0.00338346 0.00675393 0.0112174 -0.00270833 -0.000254237
internal_weight=686 227 459 174 123 181 105 278 226
internal_count=686 227 459 174 123 181 105 278 226
is_linear=0
shrinkage=0.03


Tree=395
num_leaves=5
num_cat=0
split_feature=26 35 57 90
split_gain=4.08319 7.3714 9.74271 5.47354
threshold=34.500000000000007 5820.0000000000009 6024.0000000000009 340.00000000000006
decision_type=8 10 8 10
left_child=-1 -2 -3 -4
right_child=1 2 3 -5
leaf_value=0.018653790981732355 -1.3426230619866659 0.69209003267154512 -0.027678232683489946 0.061364438591934911
leaf_weight=73 44 59 426 61
leaf_count=73 44 59 426 61
internal_value=-0.000668648 -0.0016 -0.000431655 -0.00199195
internal_weight=663 590 546 487
internal_count=663 590 546 487
is_linear=0
shrinkage=0.03


Tree=396
num_leaves=10
num_cat=0
split_feature=16 98 34 30 116 3 3 69 48
split_gain=6.86989 8.00488 6.82171 5.14882 5.90307 4.83139 4.79659 5.08255 4.56223
threshold=-15.499999999999998 331.50000000000006 244.50000000000003 -0.77612918355932636 -7.4999999999999991 15.500000000000002 8.5000000000000018 -36.499999999999993 149.41765677142834
decision_type=8 8 10 10 10 2 2 10 10
left_child=1 8 6 -4 -5 -3 -2 -8 -1
right_child=2 5 3 4 -6 -7 7 -9 -10
leaf_value=-0.26619347913374669 -0.011370122176443296 0.19803639217486022 -0.22920100907931781 0.10528317450255194 -0.14036696915311012 -0.1019907750401407 0.32884532586239967 -0.0055712305933686319 -0.022704234893511737
leaf_weight=73 58 63 45 60 65 72 149 45 45
leaf_count=73 58 63 45 60 65 72 149 45 45
internal_value=-0.000569343 -0.00444867 0.00166667 -0.00266667 0.000222222 0.000206897 0.00480916 0.00705882 -0.00984375
internal_weight=675 253 422 170 125 135 252 194 118
internal_count=675 253 422 170 125 135 252 194 118
is_linear=0
shrinkage=0.03


Tree=397
num_leaves=9
num_cat=0
split_feature=61 86 87 57 57 108 86 107
split_gain=4.92767 6.72941 9.44111 7.27958 9.1597 6.68002 5.33542 3.44816
threshold=-3.4999999999999996 207.00000000000003 86.142857142857153 8526.0000000000018 7644.5000000000009 -91.549450549450611 191.50000000000003 23.214285714285875
decision_type=8 10 10 10 10 8 10 10
left_child=1 2 5 4 -3 -1 -4 -2
right_child=7 3 6 -5 -6 -7 -8 -9
leaf_value=0.54567068880065783 0.25304587012919749 -0.022586363917378661 0.62384308726974835 0.098678234718631394 -0.86310590838265255 -0.057246621979403042 0.019678340597760451 -0.025931825291791454
leaf_weight=41 42 198 48 54 68 153 52 40
leaf_count=41 42 198 48 54 68 153 52 40
internal_value=-0.00110482 -0.00211538 0.000986842 -0.00509091 -0.00717391 -0.00264706 0.00818182 0.00521739
internal_weight=696 614 294 320 266 194 100 82
internal_count=696 614 294 320 266 194 100 82
is_linear=0
shrinkage=0.03


Tree=398
num_leaves=7
num_cat=0
split_feature=18 25 98 32 79 4
split_gain=5.69538 9.5509 9.52734 8.35082 6.9993 5.51958
threshold=346.00000000000006 30.500000000000004 373.50000000000006 -8.9999999999999982 79.200000000000003 101.50000000000001
decision_type=8 10 10 8 8 2
left_child=1 3 5 -1 -5 -3
right_child=-2 2 -4 4 -6 -7
leaf_value=0.52247944159984494 0.063332077501837031 -0.88765959766397651 0.29761639513948013 -0.039025795893155642 0.028775039404571601 -0.033869770061881896
leaf_weight=51 65 73 70 103 119 196
leaf_count=51 65 73 70 103 119 196
internal_value=-0.00161572 -0.0026045 -0.00593123 0.00137809 -0.00103448 -0.00849462
internal_weight=677 612 339 273 222 269
internal_count=677 612 339 273 222 269
is_linear=0
shrinkage=0.03


Tree=399
num_leaves=7
num_cat=0
split_feature=13 74 108 84 78 87
split_gain=5.14595 11.7906 4.00758 10.0678 6.6754 3.90851
threshold=0.90892735371523092 162.50000000000003 -94.541758241758387 69.850967417557513 157.00000000000003 48.464285714285722
decision_type=2 10 8 8 10 8
left_child=2 -2 -1 5 -5 -4
right_child=1 -3 3 4 -6 -7
leaf_value=0.55593035606655683 -0.016010946588207561 0.56140376645386247 -0.012882970790889842 0.39665055811184402 -0.025219826199776207 -1.6138834312588302
leaf_weight=41 64 60 42 53 351 75
leaf_count=41 64 60 42 53 351 75
internal_value=-0.00112069 0.00402985 -0.00241259 -0.00322034 -0.000724638 -0.0106299
internal_weight=686 124 562 521 404 117
internal_count=686 124 562 521 404 117
is_linear=0
shrinkage=0.03


Tree=400
num_leaves=8
num_cat=0
split_feature=18 25 13 56 32 109 79
split_gain=6.48298 7.62037 9.11437 12.0231 7.52516 6.23312 3.851
threshold=360.50000000000006 30.500000000000004 0.34235194516023087 261.79666513754484 -21.499999999999996 10.373748609566205 79.200000000000003
decision_type=8 10 2 8 8 8 8
left_child=1 4 5 -4 -1 -3 -6
right_child=-2 2 3 -5 6 -7 -8
leaf_value=0.50412717105279159 0.096094351764548377 -0.036998099241779131 -0.0024722378841821068 -1.1990546032113374 -0.01150438013666445 0.27943666487089613 0.02756587328998961
leaf_weight=40 50 146 57 73 113 91 132
leaf_count=40 50 146 57 73 113 91 132
internal_value=-0.00126404 -0.00217523 -0.00501326 -0.0111429 0.00132203 -0.00109312 -0.000588235
internal_weight=702 652 367 130 285 237 245
internal_count=702 652 367 130 285 237 245
is_linear=0
shrinkage=0.03


Tree=401
num_leaves=10
num_cat=0
split_feature=43 67 52 43 56 80 108 26 99
split_gain=8.23183 11.9495 11.3674 8.09108 7.15166 6.43764 5.37778 4.99741 2.8807
threshold=7810.5000000000009 -121.31666666666665 262.75838047786027 7307.5000000000009 227.74123713171346 64.254845693049603 1.1021978021977967 247.50000000000003 164.67857142857147
decision_type=8 8 10 10 10 8 10 10 10
left_child=3 -2 4 5 -3 6 -1 -7 -5
right_child=1 2 -4 8 -6 7 -8 -9 -10
leaf_value=-0.04524171124148875 -0.45075599596626148 0.019071533358563098 -0.128723575339136 -0.052481812744923105 0.98526664067393599 0.076718167446178848 0.0018042577071549102 -0.01930457505860261 -1.4614954295636571
leaf_weight=80 63 70 67 49 92 98 60 82 41
leaf_count=80 63 70 67 49 92 98 60 82 41
internal_value=-0.00109551 0.00258278 0.00589958 -0.00385714 0.0101163 -0.00127273 -0.006 0.00221053 -0.0114
internal_weight=702 292 229 410 162 320 140 180 90
internal_count=702 292 229 410 162 320 140 180 90
is_linear=0
shrinkage=0.03


Tree=402
num_leaves=9
num_cat=0
split_feature=68 26 112 15 13 108 33 5
split_gain=6.2559 9.65808 7.2172 5.59998 5.11142 7.09869 4.32922 4.31579
threshold=71.090159181978748 226.50000000000003 8171.8634856537074 10216.500000000002 0.52766072109828632 23.550549450549305 32.500000000000007 12.500000000000002
decision_type=8 10 10 10 2 10 8 2
left_child=2 3 4 6 5 -1 -2 -6
right_child=1 -3 -4 -5 7 -7 -8 -9
leaf_value=-0.057037180311654792 -0.044872469505836059 0.586890631900435 -1.3036808087869494 -1.1489910093524953 -0.012969479417181091 0.062921583077174992 0.49784765051314761 0.055487767502516938
leaf_weight=189 51 79 54 40 44 50 68 98
leaf_count=189 51 79 54 40 44 50 68 98
internal_value=-0.00057101 0.00314516 -0.00276404 -0.000887574 -0.000997442 -0.00373494 0.00209302 0.00315789
internal_weight=673 238 435 159 381 239 119 142
internal_count=673 238 435 159 381 239 119 142
is_linear=0
shrinkage=0.03


Tree=403
num_leaves=9
num_cat=0
split_feature=100 99 5 109 102 112 68 53
split_gain=5.61763 6.56366 12.8238 5.09293 4.71008 5.90154 3.99132 3.5027
threshold=83.285620259200599 201.89285714285717 35.500000000000007 -13.260622914349236 368.50000000000006 7981.2538299362013 85.287110518261855 6100.5000000000009
decision_type=10 10 2 8 10 10 10 8
left_child=3 4 -3 -1 5 -2 -6 -5
right_child=1 2 -4 7 6 -7 -8 -9
leaf_value=-0.071253955034314559 0.053509789315626645 -1.3773067486698272 0.23819008924442456 0.014770988396482778 0.30999806773558075 -0.50235720456247057 0.013926282812748525 -0.026730253569254285
leaf_weight=71 210 45 77 67 52 55 42 68
leaf_count=71 210 45 77 67 52 55 42 68
internal_value=-0.000645624 0.0010387 -0.00454545 -0.00472222 0.00317073 0.000763636 0.00865385 -0.00062069
internal_weight=687 481 122 206 359 265 94 135
internal_count=687 481 122 206 359 265 94 135
is_linear=0
shrinkage=0.03


Tree=404
num_leaves=11
num_cat=0
split_feature=60 38 60 80 115 63 120 83 80 13
split_gain=4.59791 6.78569 9.74878 9.50378 6.30396 6.23793 4.70612 4.60152 4.57622 4.00401
threshold=71.991921057487005 -0.32486402013313648 52.76941644015259 66.47903596038536 14.762066791227669 -111.85714285714285 0.043959262443631693 131.07142857142858 59.69435793227651 0.59868201182722736
decision_type=10 10 10 8 10 10 10 10 8 2
left_child=1 3 7 9 -5 8 -7 -3 -2 -1
right_child=5 2 -4 4 -6 6 -8 -9 -10 -11
leaf_value=-0.19012075723330241 0.37768492499959905 -0.02116146385206491 -0.96231136811284046 0.081637570771534912 -0.022608262703642055 0.72433197262171489 0.0074318950664144269 0.086106091752884029 -0.31264459937547856 0.049060373253747964
leaf_weight=63 48 93 78 88 47 57 46 83 44 43
leaf_count=63 48 93 78 88 47 57 46 83 44 43
internal_value=8.57143e-05 -0.00136634 -0.00477273 0.00203187 0.00724138 0.00395122 0.00876106 -0.000322581 -0.00117647 -0.00413793
internal_weight=690 495 254 241 135 195 103 176 92 106
internal_count=690 495 254 241 135 195 103 176 92 106
is_linear=0
shrinkage=0.03


Tree=405
num_leaves=9
num_cat=0
split_feature=37 122 71 86 120 118 46 61
split_gain=5.43694 6.9597 4.0582 8.48487 7.22595 6.4157 6.41414 3.85155
threshold=272.50000000000006 9079.5000000000018 96.214285714285737 207.00000000000003 0.0086199443563071982 199.50000000000003 -0.88565779047902182 -6.4999999999999991
decision_type=10 2 8 10 8 10 10 8
left_child=2 -2 3 6 -4 -5 -1 -6
right_child=1 -3 4 5 7 -7 -8 -9
leaf_value=-0.050201983968133419 0.40870590233870613 -0.17288501931091274 0.42176339983761552 -0.28359151874611538 -0.24881130074966007 0.0049503869931129428 0.032130628076149477 0.028806298877406142
leaf_weight=100 64 67 65 91 72 41 134 40
leaf_count=100 64 67 65 91 72 41 134 40
internal_value=-0.000263158 0.00489362 -0.00168174 -0.00351064 0.00176471 -0.00929577 0 -0.00245902
internal_weight=674 131 543 366 177 132 234 112
internal_count=674 131 543 366 177 132 234 112
is_linear=0
shrinkage=0.03


Tree=406
num_leaves=11
num_cat=0
split_feature=120 108 13 95 99 69 107 76 57 14
split_gain=5.67686 12.474 6.834 4.59431 6.76095 5.88416 5.38404 5.35848 3.53141 1.26345
threshold=-0.040048390539327898 -83.312087912087932 0.9053161325100999 189.50000000000003 123.42857142857144 -323.99999999999994 7.2500000000001874 70.026543603297924 6024.0000000000009 -0.77243990499604276
decision_type=8 10 2 10 8 10 10 10 10 2
left_child=1 -1 9 4 8 -6 -5 -8 -2 -3
right_child=3 2 -4 6 5 -7 7 -9 -10 -11
leaf_value=0.38141724729632387 0.014483804933880292 -0.057999067421148208 0.0133353909741394 0.18075937987996751 -0.015996185413851123 0.55075034695520186 0.023750680960125121 -1.1198844772770882 -0.028688426249817666 -0.42095879755849525
leaf_weight=56 80 40 46 56 45 144 47 41 79 57
leaf_count=56 80 40 46 56 45 144 47 41 79 57
internal_value=0.00158345 -0.00244019 -0.0072549 0.00334661 0.00519553 0.00889447 -0.000779221 -0.0055102 0.000177515 -0.0114953
internal_weight=691 199 143 492 348 189 144 88 159 97
internal_count=691 199 143 492 348 189 144 88 159 97
is_linear=0
shrinkage=0.03


Tree=407
num_leaves=6
num_cat=0
split_feature=67 16 80 56 3
split_gain=5.23796 5.94555 5.11855 9.39542 7.07947
threshold=-124.03333333333332 -142.49999999999997 81.581782182244169 245.95901704687415 27.500000000000004
decision_type=8 10 10 10 2
left_child=-1 -2 4 -4 -3
right_child=1 2 3 -5 -6
leaf_value=-0.7524937743049781 0.33472445063479245 0.014316293841415301 0.029724670725728399 -0.7174584372203856 -0.14385196338587986
leaf_weight=54 56 389 66 59 40
leaf_count=54 56 389 66 59 40
internal_value=0.000534125 0.00145161 0.000319149 -0.00466667 0.00198178
internal_weight=664 610 554 125 429
internal_count=664 610 554 125 429
is_linear=0
shrinkage=0.03


Tree=408
num_leaves=8
num_cat=0
split_feature=112 52 13 25 20 45 47
split_gain=5.37031 6.82613 7.3469 7.84015 6.79085 6.58251 6.32908
threshold=10715.636588290357 122.95937109844886 0.34235194516023087 21.500000000000004 184.50000000000003 207.50000000000003 6195.2142857142871
decision_type=10 8 2 10 10 10 10
left_child=1 5 4 -4 -3 6 -1
right_child=-2 2 3 -5 -6 -7 -8
leaf_value=0.0044888617230945723 -2.5532974938438979 0.3137214014575298 0.043720417477952508 -0.38610243040445341 -0.024724605200883615 0.09980675555098846 -0.10758757616630472
leaf_weight=76 46 148 71 102 48 62 116
leaf_count=76 46 148 71 102 48 62 116
internal_value=0.000220913 0.00109005 0.00372032 -0.000491803 0.00757282 -0.0025 -0.00534653
internal_weight=669 623 369 173 196 254 192
internal_count=669 623 369 173 196 254 192
is_linear=0
shrinkage=0.03


Tree=409
num_leaves=9
num_cat=0
split_feature=24 98 39 110 108 122 30 13
split_gain=4.70314 6.55956 6.17802 7.5302 7.20542 7.20079 5.81288 2.67556
threshold=-151.49999999999997 417.50000000000006 7847.0000000000009 8072.5709513554311 28.904395604395372 6241.0000000000009 -0.5321225711811427 0.55656748448714433
decision_type=10 10 8 10 10 2 10 2
left_child=1 -1 4 7 5 -2 -5 -4
right_child=2 -3 3 6 -6 -7 -8 -9
leaf_value=-0.54290869177059786 0.0082521990059731109 0.64262434263833967 0.06014168723775299 -0.20542956187318234 0.33946922422563447 -0.21629702699759321 0.042882427861803192 1.9961091557042598
leaf_weight=44 148 40 40 46 63 132 115 40
leaf_count=44 148 40 40 46 63 132 115 40
internal_value=0.000973451 -0.00510638 0.0020202 0.00561753 -0.000424929 -0.00268966 0.00122807 0.0126667
internal_weight=668 84 584 241 343 280 161 80
internal_count=668 84 584 241 343 280 161 80
is_linear=0
shrinkage=0.03


Tree=410
num_leaves=7
num_cat=0
split_feature=35 72 95 102 62 78
split_gain=4.69789 9.47143 6.60721 7.91849 4.69138 7.98728
threshold=5893.5000000000009 12.245782280993181 209.50000000000003 445.00000000000006 102.50000000000001 237.50000000000003
decision_type=8 10 10 10 8 8
left_child=1 -1 4 -4 5 -2
right_child=2 -3 3 -5 -6 -7
leaf_value=0.0042151552837769654 0.015384677465136427 -1.1440733734249338 -1.6811526262169358 0.32686795066144608 -0.055980334747196256 0.55487734384703657
leaf_weight=70 324 41 46 47 74 64
leaf_count=70 324 41 46 47 74 64
internal_value=0.000532544 -0.00471074 0.00175221 -0.00495146 0.00330508 0.00467337
internal_weight=666 111 555 93 462 388
internal_count=666 111 555 93 462 388
is_linear=0
shrinkage=0.03


Tree=411
num_leaves=9
num_cat=0
split_feature=116 91 27 79 79 88 116 48
split_gain=4.36472 5.40272 7.63742 5.23947 9.98003 3.16 2.68595 2.58483
threshold=-71.499999999999986 146.06666666666669 7490.5000000000009 91.166666666666686 87.850000000000009 90.730033255018256 14.500000000000002 154.21768316139551
decision_type=8 8 8 10 10 10 10 10
left_child=5 3 -3 4 -2 7 -5 -1
right_child=1 2 -4 6 -6 -7 -8 -9
leaf_value=-0.24330997042732236 0.013609440715980482 -0.42321939574851264 0.037969430402030609 0.0074835130466625885 -0.31543004691966303 0.013465245961764865 0.88814550200218589 -0.0045502239669421842
leaf_weight=48 292 56 59 40 47 50 52 42
leaf_count=48 292 56 59 40 47 50 52 42
internal_value=0.000431034 0.00172662 -0.0036 0.00333333 0.0012894 -0.004 0.00941176 -0.0072
internal_weight=686 546 115 431 339 140 92 90
internal_count=686 546 115 431 339 140 92 90
is_linear=0
shrinkage=0.03


Tree=412
num_leaves=10
num_cat=0
split_feature=100 87 55 14 113 115 48 106 17
split_gain=6.16166 4.04393 6.26276 6.243 5.43549 6.64597 3.97318 4.11877 3.27957
threshold=82.75130021662126 136.60714285714286 11033.533333333335 -0.88620506325989179 -10.15212424185405 21.891854936136081 58.514770884417189 222.50000000000003 8.5000000000000018
decision_type=8 10 8 2 10 10 10 10 10
left_child=6 2 3 -2 -3 -6 8 -8 -1
right_child=1 4 -4 -5 5 -7 7 -9 -10
leaf_value=0.010047094195181341 -0.014010073749411021 -0.52516409062205172 -1.6347579327055688 0.14815866540630704 0.087058492023425055 -0.057189865090380446 -0.0011193236009242468 -1.1101594554436651 -0.014664680181791886
leaf_weight=52 62 72 45 223 52 48 42 43 50
leaf_count=52 62 72 45 223 52 48 42 43 50
internal_value=0.000300429 0.00210938 0.00405882 0.00579661 -0.00131868 0.00272727 -0.00411168 -0.00852632 0
internal_weight=689 502 330 285 172 100 187 85 102
internal_count=689 502 330 285 172 100 187 85 102
is_linear=0
shrinkage=0.03


Tree=413
num_leaves=7
num_cat=0
split_feature=38 38 95 96 102 65
split_gain=5.31807 10.9027 4.93444 7.38329 5.47112 3.20841
threshold=-1.1790306531212267 -0.83548661387545786 209.50000000000003 133.75868940917289 445.00000000000006 -140.99999999999997
decision_type=8 10 10 10 10 10
left_child=5 -2 3 -3 -4 -1
right_child=1 2 4 -5 -6 -7
leaf_value=-0.15559868048169165 0.47225837886046945 -0.0023685329105529716 -2.335060540728819 0.19422738370771953 0.082161084847164431 -0.00039152607005099149
leaf_weight=63 59 338 45 74 41 58
leaf_count=63 59 338 45 74 41 58
internal_value=8.72093e-05 0.00142857 0 0.00127962 -0.00625 -0.00526718
internal_weight=678 557 498 412 86 121
internal_count=678 557 498 412 86 121
is_linear=0
shrinkage=0.03


Tree=414
num_leaves=8
num_cat=0
split_feature=32 95 66 45 45 83 98
split_gain=4.18805 5.33136 6.77898 7.00604 5.28277 3.87255 6.85897
threshold=-47.499999999999993 209.50000000000003 1.0000000180025095e-35 233.00000000000003 247.50000000000003 130.21428571428575 368.50000000000006
decision_type=8 10 8 10 10 10 10
left_child=4 2 -2 -4 -1 6 -6
right_child=1 -3 3 -5 5 -7 -8
leaf_value=0.25045184575224422 0.34319456230435363 -0.79903419421885069 -0.011216611854531884 0.14198131168889916 -0.60100517433511325 -0.12619375963086923 2.075597869440502
leaf_weight=79 63 41 336 41 44 41 42
leaf_count=79 63 41 336 41 44 41 42
internal_value=0.000645624 -0.000794297 0.000133333 -0.00131783 0.00416667 0 0.00375
internal_weight=687 481 440 377 206 127 86
internal_count=687 481 440 377 206 127 86
is_linear=0
shrinkage=0.03


Tree=415
num_leaves=10
num_cat=0
split_feature=52 52 51 13 72 25 100 75 20
split_gain=3.76899 7.41839 5.62399 5.8175 7.91635 7.07127 4.6311 4.5619 2.34667
threshold=122.95937109844886 94.677586074994096 10733.928571428574 0.30983042691905771 65.522857819014646 21.500000000000004 75.756772404184588 95.250000000000014 142.50000000000003
decision_type=8 10 10 2 10 10 10 10 10
left_child=1 6 3 4 -2 -5 -1 -8 -3
right_child=2 8 -4 5 -6 -7 7 -9 -10
leaf_value=-0.013441027498172957 0.62060988566723141 -0.1200914148130699 -1.8353558273830606 0.03809834528905242 -0.012948894848912715 -0.34704374468416416 0.77417192787697242 -0.004562246045817204 -0.65815376776312462
leaf_weight=77 124 40 44 71 62 104 40 55 50
leaf_count=77 124 40 44 71 62 104 40 55 50
internal_value=0.000221566 -0.00242647 0.00209639 0.00347709 0.00704082 -0.000162162 0.000989011 0.00542857 -0.009
internal_weight=667 262 405 361 186 175 172 95 90
internal_count=667 262 405 361 186 175 172 95 90
is_linear=0
shrinkage=0.03


Tree=416
num_leaves=10
num_cat=0
split_feature=30 40 38 120 120 116 68 65 17
split_gain=5.05255 9.2494 7.43238 5.95741 6.48268 5.82158 3.85839 8.21068 1.37718
threshold=-0.4980248003771392 2.5000000000000004 -0.081796935478073415 -0.030590750367017801 0.051076522205137705 -3.4999999999999996 42.873621782414311 -140.99999999999997 118.50000000000001
decision_type=10 8 10 10 10 10 8 10 10
left_child=2 3 6 -2 -5 -3 -1 -8 -7
right_child=1 5 -4 4 -6 8 7 -9 -10
leaf_value=-0.074802239186433625 -0.10039198880958423 0.092738020741623114 -0.81187010960449635 0.2522034503604712 0.0097675696525748278 -0.38031603112506673 -0.017162428089501167 0.35865274321146184 -0.033595119566478503
leaf_weight=48 43 44 49 152 90 44 106 47 47
leaf_count=48 43 44 49 152 90 44 106 47 47
internal_value=0.000882353 0.00293023 -0.00230769 0.006 0.00785714 -0.00310345 0.00014218 0.00276074 -0.00742574
internal_weight=670 420 250 285 242 135 201 153 91
internal_count=670 420 250 285 242 135 201 153 91
is_linear=0
shrinkage=0.03


Tree=417
num_leaves=8
num_cat=0
split_feature=95 55 66 79 86 86 33
split_gain=8.04395 7.46526 7.21581 7.57322 6.81986 7.44543 4.27164
threshold=115.07142857142858 10628.983333333335 8.5000000000000018 85.116666666666688 207.00000000000003 215.50000000000003 45.000000000000007
decision_type=8 10 10 10 10 10 8
left_child=2 4 -1 -4 6 -6 -2
right_child=1 -3 3 -5 5 -7 -8
leaf_value=0.014040308842347216 0.047009100842638527 -1.7619730188008862 -0.40335157598946969 -0.005202520649840281 -0.87218279292163825 0.012042363867539691 1.4701192117686102
leaf_weight=62 69 51 64 60 49 255 74
leaf_count=62 69 51 64 60 49 255 74
internal_value=0.000172911 0.00224409 -0.00489796 -0.00895522 0.0036105 0.000764331 0.00882353
internal_weight=684 498 186 124 447 304 143
internal_count=684 498 186 124 447 304 143
is_linear=0
shrinkage=0.03


Tree=418
num_leaves=7
num_cat=0
split_feature=38 42 103 100 48 18
split_gain=9.99914 6.57302 3.85965 8.22108 7.18385 3.17293
threshold=-1.206564070491922 317.50000000000006 109.76666666666669 131.76145694367224 59.697877613278088 180.50000000000003
decision_type=8 10 8 10 10 10
left_child=5 2 4 -4 -2 -1
right_child=1 -3 3 -5 -6 -7
leaf_value=-0.079071595864684943 0.016561547251999792 -0.13836586304065376 0.092535873988050521 -0.0032296089388822225 -0.52130355016760266 -0.011381996967249961
leaf_weight=66 63 73 215 163 41 50
leaf_count=66 63 73 215 163 41 50
internal_value=0.000396476 0.00217699 0.00353659 0.00494845 -0.00105263 -0.00714286
internal_weight=671 555 482 378 104 116
internal_count=671 555 482 378 104 116
is_linear=0
shrinkage=0.03


Tree=419
num_leaves=8
num_cat=0
split_feature=38 98 58 13 18 22 21
split_gain=8.24596 6.38869 10.5038 6.07965 5.16475 2.08177 1.77912
threshold=-0.72829788729480416 395.00000000000006 9070.5000000000018 0.58481550752069722 213.50000000000003 -0.39083043522107336 290.50000000000006
decision_type=8 8 10 2 10 10 10
left_child=3 2 4 5 -2 -1 -3
right_child=1 6 -4 -5 -6 -7 -8
leaf_value=-0.030716789825687839 -0.0062951365003185338 0.70752516948239697 -0.51213783675951385 0.016352881886017769 0.040653902079380369 -0.26325640582612547 0.20134807699435556
leaf_weight=66 118 43 71 78 187 45 40
leaf_count=66 118 43 71 78 187 45 40
internal_value=0.000638298 0.00287846 0.000932642 -0.00437186 0.00352381 -0.00867769 0.01
internal_weight=648 459 376 189 305 111 83
internal_count=648 459 376 189 305 111 83
is_linear=0
shrinkage=0.03


Tree=420
num_leaves=9
num_cat=0
split_feature=13 13 74 109 52 34 34 51
split_gain=4.8192 7.1927 8.13897 7.05043 10.5312 5.31364 7.30326 4.2915
threshold=-0.2102246306142678 0.91248814248966237 162.50000000000003 9.1171301446051078 210.47067542245074 306.50000000000006 162.50000000000003 6248.7142857142871
decision_type=2 2 10 10 10 8 10 10
left_child=3 5 -3 7 -5 6 -2 -1
right_child=1 2 -4 4 -6 -7 -8 -9
leaf_value=0.080111553199933641 -0.0044943896287261611 -0.026263257269893075 0.58616827525004589 0.46855265208166785 -0.0053973590179614917 0.020854991962273743 -0.59213185270304614 -0.10410425507309724
leaf_weight=48 114 60 64 70 56 78 103 71
leaf_count=48 114 60 64 70 56 78 103 71
internal_value=0 -0.00202797 0.00358209 0.00317647 0.00794118 -0.00462295 -0.00700441 -0.00162791
internal_weight=664 419 124 245 126 295 217 119
internal_count=664 419 124 245 126 295 217 119
is_linear=0
shrinkage=0.03


Tree=421
num_leaves=9
num_cat=0
split_feature=38 40 67 13 57 118 69 44
split_gain=8.21895 7.57626 6.98262 6.69242 5.18657 4.95903 3.64401 3.41503
threshold=-0.57482984569294227 2.5000000000000004 -121.31666666666665 0.90162119223771331 8081.0000000000009 -1071.4999999999998 -115.49999999999999 200.50000000000003
decision_type=8 10 10 2 10 10 10 10
left_child=3 2 -2 5 -4 -1 -7 -3
right_child=1 7 4 -5 -6 6 -8 -9
leaf_value=0.015616886394433038 -0.27212685709927709 0.0074879637883116064 0.013040262568341631 0.097409933576673213 0.34801569253093106 -0.25223558599914669 -0.00015247830686039519 -0.35438268728413275
leaf_weight=40 55 55 181 41 90 95 40 60
leaf_count=40 55 55 181 41 90 95 40 60
internal_value=0.000584708 0.00299335 0.00535714 -0.0039823 0.00736655 -0.00664865 -0.00931034 -0.00312
internal_weight=657 441 326 216 271 175 135 115
internal_count=657 441 326 216 271 175 135 115
is_linear=0
shrinkage=0.03


Tree=422
num_leaves=11
num_cat=0
split_feature=38 22 39 108 109 39 38 40 113 116
split_gain=8.42085 6.60602 11.5684 6.44033 4.41222 3.90775 3.8009 3.73729 6.6567 3.62542
threshold=-0.54934277366212581 -0.31674013598292355 7684.0000000000009 22.33516483516475 23.334705228031233 7941.5000000000009 -1.254062769864239 1.0000000180025095e-35 -42.200126671674489 -4.4999999999999991
decision_type=8 10 10 10 10 10 10 10 8 10
left_child=1 2 6 7 -5 -3 -1 8 -2 -9
right_child=3 5 -4 4 -6 -7 -8 9 -10 -11
leaf_value=-0.00044939819369410827 -0.18232973017692472 -0.1590652493398059 -0.18176491658803101 -0.0012067295619890216 0.33757522175500382 -0.0090311268055338449 0.41605911760992864 0.016771746586408651 0.026243036091626946 -0.29187867152802882
leaf_weight=40 89 45 62 44 90 40 41 41 103 69
leaf_count=40 89 45 62 44 90 40 41 41 103 69
internal_value=0.000178042 -0.00428571 0 0.00269058 0.00791667 -0.0104211 0.00692308 0 0.00267327 -0.004
internal_weight=664 228 143 436 134 85 81 302 192 110
internal_count=664 228 143 436 134 85 81 302 192 110
is_linear=0
shrinkage=0.03


Tree=423
num_leaves=8
num_cat=0
split_feature=4 55 58 75 82 22 28
split_gain=8.33548 9.5769 8.52434 5.35543 3.52571 3.4968 4.07577
threshold=40.500000000000007 6384.7333333333345 7978.5000000000009 117.71428571428574 207.00000000000003 -0.32202444183661022 9.5000000000000018
decision_type=2 10 10 10 8 10 10
left_child=4 5 -3 -4 -1 -2 -7
right_child=1 2 3 -5 -6 6 -8
leaf_value=-3.7050422291033653 0.2484131979963885 -0.17319420534136376 0.041490435516158469 -0.42812001947185613 -0.0060784436980264901 -0.0078794730395725307 0.027068627845540864
leaf_weight=46 63 77 262 79 44 49 65
leaf_count=46 63 77 262 79 44 49 65
internal_value=0.000129496 0.00153719 -0.000841121 0.00111111 -0.0078 0.00721925 0.00290323
internal_weight=685 595 418 341 90 177 114
internal_count=685 595 418 341 90 177 114
is_linear=0
shrinkage=0.03


Tree=424
num_leaves=7
num_cat=0
split_feature=55 117 64 67 18 117
split_gain=6.00819 4.28284 4.82385 9.7609 4.23123 3.90279
threshold=11033.533333333335 274.00000000000006 75.736849408196946 -26.383333333333329 271.50000000000006 124.50000000000001
decision_type=8 10 10 10 10 10
left_child=1 2 3 -1 -3 -4
right_child=-2 4 5 -5 -6 -7
leaf_value=-0.036556596081608599 -2.8671338364654613 0.060395863437402109 1.3512669731812474 0.019817581932309734 -0.72804448983302206 0.019904394824323362
leaf_weight=136 48 61 61 279 46 48
leaf_count=136 48 61 61 279 46 48
internal_value=0.0017852 0.00266771 0.00382022 0.00204706 -0.00230769 0.00932773
internal_weight=679 631 524 415 107 109
internal_count=679 631 524 415 107 109
is_linear=0
shrinkage=0.03


Tree=425
num_leaves=9
num_cat=0
split_feature=38 103 26 95 43 96 13 26
split_gain=9.83724 9.28229 7.11515 6.95888 5.6191 4.60492 4.05984 3.89692
threshold=-1.206564070491922 173.58333333333334 225.50000000000003 115.07142857142858 7917.0000000000009 110.14647016693301 0.61237135649459018 245.50000000000003
decision_type=8 10 8 10 10 8 2 10
left_child=6 2 3 -2 -3 -4 -1 -6
right_child=1 4 5 -5 7 -7 -8 -9
leaf_value=-0.24967609158934684 0.0047462558438264675 -1.100262644123063 -0.0072135150918862219 1.4650765891658091 -0.071228143075193193 0.11380694374347854 0.0037284109979483305 0.080158090135735729
leaf_weight=70 82 40 131 81 103 53 47 69
leaf_count=70 82 40 131 81 103 53 47 69
internal_value=0.00104956 0.00279438 0.00579832 0.0102312 -0.00189189 0.00123711 -0.00637795 0.00032967
internal_weight=676 559 347 163 212 184 117 172
internal_count=676 559 347 163 212 184 117 172
is_linear=0
shrinkage=0.03


Tree=426
num_leaves=11
num_cat=0
split_feature=120 108 13 95 100 29 71 56 69 28
split_gain=5.15315 7.93001 8.6682 5.07593 6.31875 7.04399 4.24745 5.29911 4.24591 2.86066
threshold=-0.03785284791650078 -83.312087912087932 0.89017062131308955 189.50000000000003 104.60683206776473 137.50000000000003 122.0714285714286 330.3701150763705 -208.99999999999997 112.00000000000001
decision_type=8 10 2 10 10 10 10 10 10 10
left_child=1 -1 9 4 5 -2 7 -5 -6 -3
right_child=3 2 -4 6 8 -7 -8 -9 -10 -11
leaf_value=0.083002959586684702 0.017932265725433681 -0.42004320484432811 0.041575788251995434 -0.039044551856921426 0.01653872544536597 -0.061020470668749806 -0.8016913305183212 0.44792502580964449 2.0462261035474816 -0.058832592640450231
leaf_weight=53 128 64 50 47 48 88 43 59 55 44
leaf_count=53 128 64 50 47 48 88 43 59 55 44
internal_value=0.00108853 -0.00257919 -0.00607143 0.00288703 0.0050152 0.00159292 -0.00132075 0.00155172 0.010885 -0.010678
internal_weight=679 211 158 468 319 216 149 106 103 108
internal_count=679 211 158 468 319 216 149 106 103 108
is_linear=0
shrinkage=0.03


Tree=427
num_leaves=9
num_cat=0
split_feature=116 14 74 119 71 56 3 59
split_gain=4.59414 4.02855 5.11936 7.45533 6.92243 3.65316 3.40426 1.18301
threshold=-77.499999999999986 0.71952396275653763 158.50000000000003 0.0080880355528470966 8.4285714285714306 306.44353779721706 21.500000000000004 -58.285714285714285
decision_type=8 2 10 10 10 8 2 10
left_child=5 2 4 -4 -2 -1 7 -3
right_child=1 6 3 -5 -6 -7 -8 -9
leaf_value=-0.39208301987713212 0.0065158044752193682 -0.018555172386398196 0.42442088034843273 -0.031535277769701012 -0.26866284775400917 0.0035124012813390238 0.50863866427372439 0.021247947831923426
leaf_weight=52 57 42 128 152 90 67 47 40
leaf_count=52 57 42 128 152 90 67 47 40
internal_value=0.000569343 0.00180212 0.00020595 0.00268966 -0.00401274 -0.0044186 0.00625899 0.00130435
internal_weight=675 556 427 280 147 119 129 82
internal_count=675 556 427 280 147 119 129 82
is_linear=0
shrinkage=0.03


Tree=428
num_leaves=9
num_cat=0
split_feature=61 96 39 98 104 26 3 10
split_gain=6.65342 8.31699 8.67854 6.8574 6.03391 5.38039 3.28777 4.67658
threshold=-20.999999999999996 79.258484963127003 6839.5000000000009 434.50000000000006 74.946598084696376 219.50000000000003 22.500000000000004 -0.22252093395631442
decision_type=10 10 10 10 10 10 2 2
left_child=1 4 5 -4 -1 -3 7 -2
right_child=6 2 3 -5 -6 -7 -8 -9
leaf_value=-0.00020777833438643257 -0.11610617797143334 1.9258743502936904 -0.032244735772269446 0.65509373122997994 -1.0379668722242239 -0.0026820823202548636 0.12532830955704169 0.017902851877818832
leaf_weight=41 42 50 313 51 42 42 49 51
leaf_count=41 42 50 313 51 42 42 49 51
internal_value=0.000303907 -0.00114754 0.000386266 -0.00160428 -0.00935484 0.00823529 0.00592105 0.00145631
internal_weight=681 539 456 364 83 92 142 93
internal_count=681 539 456 364 83 92 142 93
is_linear=0
shrinkage=0.03


Tree=429
num_leaves=10
num_cat=0
split_feature=41 48 48 52 37 117 22 116 29
split_gain=10.0465 6.94444 7.45634 5.34464 6.9364 5.55107 4.97647 4.78739 3.94234
threshold=92.500000000000014 197.23787735461207 58.514770884417189 206.19959684265521 10.000000000000002 33.500000000000007 0.88535749881200065 -2.4999999999999996 64.500000000000014
decision_type=10 10 10 10 10 8 10 10 10
left_child=3 2 -2 4 5 -1 -4 -6 -5
right_child=1 -3 6 8 7 -7 -8 -9 -10
leaf_value=-0.06859615071697675 0.024495371861997021 0.083882711318281331 -0.47610000472237385 0.0072373391908213585 0.4685955246586791 0.017906743117952147 -0.0015228208824402145 0.013783325099766727 -0.99728903264000679
leaf_weight=69 42 49 160 70 50 93 51 53 41
leaf_count=69 42 49 160 70 50 93 51 53 41
internal_value=-0.000348837 -0.00442308 -0.0065019 0.00279793 0.00512727 0.000697674 -0.00882353 0.010885 -0.0022314
internal_weight=678 302 253 376 265 162 211 103 111
internal_count=678 302 253 376 265 162 211 103 111
is_linear=0
shrinkage=0.03


Tree=430
num_leaves=10
num_cat=0
split_feature=4 18 25 63 90 4 84 66 29
split_gain=7.41839 6.90998 7.6079 6.03036 4.92639 7.08332 5.12001 1.33176 0.761702
threshold=195.50000000000003 346.00000000000006 42.000000000000007 -12.678571428571427 221.00000000000003 294.50000000000006 95.132882163543925 64.000000000000014 219.00000000000003
decision_type=2 8 10 10 10 2 10 10 10
left_child=1 2 3 -1 5 -2 8 -4 -6
right_child=4 -3 7 -5 6 -7 -8 -9 -10
leaf_value=0.045599353768761543 -0.10292291287549751 0.034218446654669062 -0.53617325166087793 -0.04067289348555999 0.29928766432753889 0.68741458184726012 -0.0015298413452433123 -0.04611948191981867 0.53334642140128441
leaf_weight=129 77 58 101 72 63 42 51 51 40
leaf_count=129 77 58 101 72 63 42 51 51 40
internal_value=8.64553e-05 -0.00235154 -0.00404959 0 0.00392226 -0.000232558 0.00731707 -0.00888889 0.010885
internal_weight=684 411 353 201 273 119 154 152 103
internal_count=684 411 353 201 273 119 154 152 103
is_linear=0
shrinkage=0.03


Tree=431
num_leaves=11
num_cat=0
split_feature=70 108 17 30 115 119 18 78 36 56
split_gain=5.55186 8.41354 7.76819 7.00969 5.88966 5.69078 6.295 4.20809 2.11039 2.84877
threshold=86.500000000000014 1.1021978021977967 107.50000000000001 -1.4330270063851733 16.14419716516684 0.0080880355528470966 271.50000000000006 183.50000000000003 210.50000000000003 178.50497000976111
decision_type=8 10 10 10 8 10 10 10 10 10
left_child=1 3 4 -1 -2 -3 -7 -5 9 -4
right_child=2 5 8 7 -6 6 -8 -9 -10 -11
leaf_value=0.027691855209316146 0.16124036131559194 0.45460026607888127 0.0090777404864556387 -0.33382294357219983 0.0050171612034349876 0.012833491494614293 -1.1171894342619764 -0.019075756753926587 0.024417807262058912 -0.29038888142029834
leaf_weight=67 77 48 41 101 58 110 40 42 58 46
leaf_count=67 77 48 41 101 58 110 40 42 58 46
internal_value=0.00025788 -0.00186603 0.00351724 -0.006 0.00848276 0.00230769 -0.000375 -0.00960784 -0.000967742 -0.00402062
internal_weight=688 408 280 210 135 198 150 143 145 87
internal_count=688 408 280 210 135 198 150 143 145 87
is_linear=0
shrinkage=0.03


Tree=432
num_leaves=9
num_cat=0
split_feature=62 22 42 48 76 4 72 66
split_gain=5.43635 7.48647 7.40925 8.74534 13.9573 5.3208 5.91726 3.21884
threshold=86.500000000000014 -0.12956995896403198 226.50000000000003 192.48539959756587 62.474259566153989 64.500000000000014 62.745012405963429 1.0000000180025095e-35
decision_type=8 10 8 8 8 2 10 10
left_child=2 -2 5 4 -4 7 -7 -1
right_child=1 -3 3 -5 -6 6 -8 -9
leaf_value=0.08674638242904549 0.22045581107810711 -0.0008228095913405298 -0.83196751895949483 0.11191575822741683 -0.0013314988071172706 0.17311758470293398 -0.0048349961967286961 -0.5132794718893936
leaf_weight=43 48 72 79 46 141 131 81 40
leaf_count=43 48 72 79 46 141 131 81 40
internal_value=0.000911722 0.00646154 -0.000262697 -0.00391304 -0.00652174 0.00285246 0.00540541 -0.00290323
internal_weight=681 120 561 266 220 295 212 83
internal_count=681 120 561 266 220 295 212 83
is_linear=0
shrinkage=0.03


Tree=433
num_leaves=11
num_cat=0
split_feature=90 92 34 36 18 18 14 88 31 56
split_gain=5.55001 6.76964 5.20045 5.17942 4.69845 5.21567 4.33862 4.16768 3.69739 1.68402
threshold=221.00000000000003 97.165812109551112 183.50000000000003 168.50000000000003 175.50000000000003 23.500000000000004 -0.082691941062253513 83.219539271727413 7765.5000000000009 188.46170597060868
decision_type=8 10 10 10 10 10 2 10 10 10
left_child=2 7 4 -4 5 -1 8 -2 -3 -9
right_child=1 6 3 -5 -6 -7 -8 9 -10 -11
leaf_value=0.057775410877745313 -0.011622093684965903 0.0037111988764616296 -0.9032231098898208 0.0095412039037478281 0.064329754862013144 -0.050162263648301543 0.028924669699783294 0.014407322145240967 -0.43600872890847509 0.41579538329150523
leaf_weight=47 40 42 64 41 58 108 65 64 40 106
leaf_count=47 40 42 64 41 58 108 65 64 40 106
internal_value=0.00144526 0.00400545 -0.00128049 -0.00652174 0.00121076 -0.00127273 -0.000573248 0.00736364 -0.00521739 0.00933333
internal_weight=675 357 318 105 213 155 147 210 82 170
internal_count=675 357 318 105 213 155 147 210 82 170
is_linear=0
shrinkage=0.03


Tree=434
num_leaves=7
num_cat=0
split_feature=23 43 35 14 50 12
split_gain=5.29339 6.51424 14.3487 5.91345 5.12932 4.52059
threshold=10710.500000000002 7815.0000000000009 7790.5000000000009 -0.45273527932988084 7978.5000000000009 0.25000000000000017
decision_type=10 8 10 2 8 2
left_child=1 2 4 -3 -1 -5
right_child=-2 3 -4 5 -6 -7
leaf_value=0.0044910154163234489 -0.20132167505874776 -0.051461442350114336 -1.8137850789260834 1.4321006119390438 1.3009100996326317 0.041932811886560159
leaf_weight=323 60 40 41 57 41 128
leaf_count=323 60 40 41 57 41 128
internal_value=0.00162857 0.00253125 7.22892e-05 0.00651064 0.00224599 0.00876923
internal_weight=690 630 405 225 364 185
internal_count=690 630 405 225 364 185
is_linear=0
shrinkage=0.03


Tree=435
num_leaves=7
num_cat=0
split_feature=95 95 41 23 35 114
split_gain=7.02309 11.7159 5.45595 5.25496 8.1888 8.49401
threshold=101.14285714285715 82.500000000000014 9.5000000000000018 10710.500000000002 9629.0000000000018 -59.136780456536123
decision_type=8 10 8 10 8 10
left_child=1 2 -1 4 5 -2
right_child=3 -3 -4 -5 -6 -7
leaf_value=-0.013175941971962571 -0.049917599079609541 -0.69211451185831618 0.13599286748937514 -0.30551303869075908 0.81372822092518926 0.03876269235316137
leaf_weight=43 118 54 45 52 44 306
leaf_count=43 118 54 45 52 44 306
internal_value=0.000446429 -0.00513158 0.00122449 0.00215094 0.0032636 0.00165899
internal_weight=662 142 88 520 468 424
internal_count=662 142 88 520 468 424
is_linear=0
shrinkage=0.03


Tree=436
num_leaves=6
num_cat=0
split_feature=108 118 107 30 76
split_gain=4.42267 6.48501 5.08521 6.60119 6.57906
threshold=-83.312087912087932 -811.99999999999989 -0.87499999999995415 -0.75545902582240243 53.035202130801501
decision_type=10 10 10 10 10
left_child=-1 -2 4 -4 -3
right_child=1 2 3 -5 -6
leaf_value=0.34841195454936269 -0.47828880684621167 -0.088146089901186386 -0.29301958903031056 0.0067725004061902185 0.064523907459720253
leaf_weight=68 46 40 60 281 181
leaf_count=68 46 40 60 281 181
internal_value=0.000962099 0 0.00104895 -0.00111111 0.00454545
internal_weight=676 608 562 341 221
internal_count=676 608 562 341 221
is_linear=0
shrinkage=0.03


Tree=437
num_leaves=9
num_cat=0
split_feature=3 40 59 1 80 92 106 36
split_gain=7.07921 4.93567 8.68181 7.99898 5.37766 4.52834 6.25238 4.50071
threshold=2.5000000000000004 -3.4999999999999996 -50.785714285714278 5.5000000000000009 62.76432015855751 95.12177784638456 322.00000000000006 175.50000000000003
decision_type=2 8 10 2 10 10 10 10
left_child=-1 2 3 -2 -4 7 -7 -3
right_child=1 5 4 -5 -6 6 -8 -9
leaf_value=-0.050591942575020421 -0.81095361869619231 -0.0011074024814888615 0.0061573753275437322 0.12300354644662974 0.85623966635631177 -0.27323803490544135 0.014795085412903858 0.048652015116095626
leaf_weight=48 55 221 51 81 84 46 64 40
leaf_count=48 55 221 51 81 84 46 64 40
internal_value=0.0006 0.00156442 0.00459075 -0.000410959 0.00972414 -0.000551181 -0.0055 0.00143911
internal_weight=690 642 271 136 135 371 110 261
internal_count=690 642 271 136 135 371 110 261
is_linear=0
shrinkage=0.03


Tree=438
num_leaves=10
num_cat=0
split_feature=3 120 18 72 60 75 57 92 50
split_gain=8.1885 5.84251 9.98141 5.85856 7.92713 5.52624 5.36793 5.23232 4.3978
threshold=8.5000000000000018 0.0058266685736354526 247.50000000000003 63.96931982931644 50.510450687225536 84.785714285714292 6994.5000000000009 85.415351081007302 6388.0000000000009
decision_type=2 10 8 10 10 10 10 8 10
left_child=6 2 5 7 -5 -2 8 -3 -1
right_child=1 3 -4 4 -6 -7 -8 -9 -10
leaf_value=-0.044965656718723039 0.028374986793812267 -0.0082523606798403648 0.8229676533532323 0.015533604380142946 -0.27737942792069858 -0.40406268663306805 -0.34894505888910976 0.42268240993261652 0.045947227712126164
leaf_weight=43 154 45 64 49 88 52 75 44 55
leaf_count=43 154 45 64 49 88 52 75 44 55
internal_value=-0.000574374 0.00130435 0.00428571 -0.0020339 -0.00591837 0.000555556 -0.00606557 0.00333333 -0.000555556
internal_weight=669 496 270 226 137 206 173 89 98
internal_count=669 496 270 226 137 206 173 89 98
is_linear=0
shrinkage=0.03


Tree=439
num_leaves=10
num_cat=0
split_feature=38 86 26 13 14 25 38 95 108
split_gain=5.84166 5.58181 7.66484 5.41172 4.96906 4.62888 3.95042 2.08204 1.8741
threshold=-1.206564070491922 199.50000000000003 261.50000000000006 0.61237135649459018 -0.27694043983797384 109.50000000000001 -0.096324748299703153 108.28571428571429 1.1021978021977967
decision_type=8 10 10 2 2 10 10 8 10
left_child=3 6 4 -1 -3 -4 7 -2 -8
right_child=1 2 5 -5 -6 -7 8 -9 -10
leaf_value=-0.35548194138018513 0.01194092529521697 0.011145438150761038 -0.0085138260441669899 0.016308461443438914 -0.21064474458591617 0.056606362070778571 -0.24535424007854259 0.93334469171150658 0.028175933677288718
leaf_weight=75 41 71 48 42 91 143 47 67 56
leaf_count=75 41 71 48 42 91 143 47 67 56
internal_value=0.000738061 0.00209059 -8.26446e-05 -0.00496063 -0.00488372 0.00373134 0.0058371 0.00966102 0.00079646
internal_weight=681 564 353 117 162 191 211 108 103
internal_count=681 564 353 117 162 191 211 108 103
is_linear=0
shrinkage=0.03


Tree=440
num_leaves=11
num_cat=0
split_feature=40 59 98 14 18 46 95 40 18 38
split_gain=4.574 5.21166 7.84405 5.1145 5.88187 5.47988 4.69569 3.69529 3.51853 2.4816
threshold=-3.4999999999999996 -46.642857142857132 415.50000000000006 0.71952396275653763 212.50000000000003 0.1321024564586937 136.50000000000003 19.500000000000004 113.50000000000001 -0.044066164292333447
decision_type=10 8 10 2 10 10 10 10 10 8
left_child=1 2 8 5 -5 6 -2 -7 -1 -3
right_child=3 9 -4 4 -6 7 -8 -9 -10 -11
leaf_value=0.057037522461609723 0.014106467730335907 0.04579326066914291 0.60899201114655876 -0.053696386953400572 0.03448731247848677 -0.27081324083373304 -0.031754532009722281 -0.012464000734243984 -0.62895045083363521 0.61277957736723609
leaf_weight=40 85 64 56 40 42 55 100 52 73 73
leaf_count=40 85 64 56 40 42 55 100 52 73 73
internal_value=0.000695652 0.00341772 0 -0.00140625 0.00456522 -0.00337748 0 -0.00846154 -0.00463415 0.00755102
internal_weight=680 306 169 374 82 292 185 107 113 137
internal_count=680 306 169 374 82 292 185 107 113 137
is_linear=0
shrinkage=0.03


Tree=441
num_leaves=9
num_cat=0
split_feature=100 65 98 29 4 56 36 116
split_gain=5.63852 11.9706 7.73795 6.51256 7.23895 5.83093 7.12949 5.5089
threshold=132.63463012657073 -172.99999999999997 434.50000000000006 149.50000000000003 195.50000000000003 535.75741370461981 166.50000000000003 9.5000000000000018
decision_type=8 10 8 10 2 10 10 10
left_child=1 -1 5 4 -3 6 -2 -5
right_child=2 3 -4 7 -6 -7 -8 -9
leaf_value=0.35104324012670785 -1.6913586657325879 -0.0017451264363986317 0.43830545089490042 0.0010850510171047745 0.053674594916403036 0.011081917615481983 -0.030226786147465247 -0.32248627926318701
leaf_weight=64 71 144 54 96 89 40 48 79
leaf_count=64 71 144 54 96 89 40 48 79
internal_value=0 0.00186722 -0.00390135 0 0.00308642 -0.00727811 -0.0104651 -0.00437838
internal_weight=685 472 213 408 233 159 119 175
internal_count=685 472 213 408 233 159 119 175
is_linear=0
shrinkage=0.03


Tree=442
num_leaves=9
num_cat=0
split_feature=5 122 68 64 26 79 56 18
split_gain=5.89152 5.91135 9.54507 6.37501 5.93387 7.18919 4.45192 3.99016
threshold=46.500000000000007 7955.0000000000009 62.508013328623207 49.132072056562244 260.50000000000006 68.350000000000009 542.30112149442186 293.50000000000006
decision_type=2 2 8 10 10 8 8 10
left_child=1 2 3 -1 5 -3 -4 -6
right_child=-2 4 6 -5 7 -7 -8 -9
leaf_value=0.0050370707986941449 0.052263313986808835 0.014933535998238127 1.6606336884643109 -0.21945382346815065 0.16211869460261824 -0.88555828821355431 0.033293432563777592 -0.047228196824145668
leaf_weight=214 67 50 47 52 45 88 48 54
leaf_count=214 67 50 47 52 45 88 48 54
internal_value=0.000311111 -0.000592105 0.00169811 -0.00108696 -0.00425101 -0.00810811 0.00942857 0.000825688
internal_weight=665 598 361 266 237 138 95 99
internal_count=665 598 361 266 237 138 95 99
is_linear=0
shrinkage=0.03


Tree=443
num_leaves=8
num_cat=0
split_feature=75 118 45 72 43 76 65
split_gain=5.98621 7.48707 7.92764 5.35878 4.20145 13.1813 7.90194
threshold=126.28571428571429 173.50000000000003 148.50000000000003 63.96931982931644 7836.5000000000009 63.064916131403088 -128.99999999999997
decision_type=10 8 8 8 10 10 10
left_child=1 4 -3 -4 6 -6 -1
right_child=-2 2 3 -5 5 -7 -8
leaf_value=-1.2584310444557825 -0.069948359028789889 0.063604395894723567 0.27753599156610886 -0.12197222757060558 -0.031119039219563546 1.9483110489754927 -0.00025249045084926533
leaf_weight=67 56 75 54 75 90 43 221
leaf_count=67 56 75 54 75 90 43 221
internal_value=0.000303907 0.00127559 0.00588785 0.000647482 -0.000904872 0.00314685 -0.00302013
internal_weight=681 625 204 129 421 133 288
internal_count=681 625 204 129 421 133 288
is_linear=0
shrinkage=0.03


Tree=444
num_leaves=10
num_cat=0
split_feature=109 112 79 83 38 70 74 43 80
split_gain=8.03201 8.14813 10.4934 5.27183 6.0439 5.65575 4.37414 6.56038 2.06608
threshold=22.956952169076754 8118.3410848475123 68.350000000000009 131.07142857142858 -0.58001908420293169 120.50000000000001 168.50000000000003 7801.5000000000009 80.217904623732252
decision_type=8 10 10 10 10 10 8 8 10
left_child=1 3 -3 4 -1 -5 -2 -8 -4
right_child=6 2 8 5 -6 -7 7 -9 -10
leaf_value=0.013285584369635331 0.59924405570029726 0.15282255637210282 -1.2097014730445712 0.24060680385658542 -0.033706496637943173 -0.013031061367399559 -0.12002727834957432 0.45767183534178285 -0.039548607721376354
leaf_weight=107 71 43 46 58 129 55 52 57 45
leaf_count=107 71 43 46 58 129 55 52 57 45
internal_value=4.45765e-05 -0.00188641 -0.00791667 0.000417827 -0.00195122 0.00560976 0.00536842 0.000756303 -0.0133663
internal_weight=663 483 134 349 236 113 180 109 91
internal_count=663 483 134 349 236 113 180 109 91
is_linear=0
shrinkage=0.03


Tree=445
num_leaves=7
num_cat=0
split_feature=16 19 99 66 52 32
split_gain=5.06295 6.3263 4.83833 6.47468 4.71552 4.55152
threshold=-142.49999999999997 9669.0000000000018 201.89285714285717 1.0000000180025095e-35 201.48832265900032 -104.99999999999999
decision_type=10 10 10 8 10 10
left_child=1 -1 3 5 -5 -2
right_child=2 -3 -4 4 -6 -7
leaf_value=0.26883905130930935 -0.002164282663656536 -0.040755613584234282 -0.35008440665463098 0.00076627916181436716 -0.30045211701682989 0.42636784357988061
leaf_weight=52 42 42 66 321 90 63
leaf_count=52 42 42 66 321 90 63
internal_value=0.000174927 0.00634615 -0.000810811 0.000114068 -0.00149644 0.00652174
internal_weight=676 94 582 516 411 105
internal_count=676 94 582 516 411 105
is_linear=0
shrinkage=0.03


Tree=446
num_leaves=9
num_cat=0
split_feature=111 42 27 109 79 110 82 64
split_gain=6.26972 9.67177 7.12978 6.51303 8.15544 6.12363 7.18751 2.36504
threshold=8177.5534614288526 256.50000000000006 7490.5000000000009 22.956952169076754 68.350000000000009 7349.198486155542 207.00000000000003 65.947971589928798
decision_type=10 10 10 10 10 10 8 10
left_child=2 3 5 4 -2 6 -1 -4
right_child=1 -3 7 -5 -6 -7 -8 -9
leaf_value=-0.0072446923436449489 0.21224829129624131 -0.77962422566344258 0.92244442054400899 0.38002911026398334 -0.12663783397805281 -0.2991080038815136 0.044434508231641696 0.010097729102171278
leaf_weight=178 40 68 43 66 48 49 138 40
leaf_count=178 40 68 43 66 48 49 138 40
internal_value=0.00105882 -0.00284483 0.0031441 0.00109756 -0.00367347 0.00104 0.00276074 0.0106452
internal_weight=670 222 448 154 88 365 316 83
internal_count=670 222 448 154 88 365 316 83
is_linear=0
shrinkage=0.03


Tree=447
num_leaves=8
num_cat=0
split_feature=3 116 3 33 80 84 43
split_gain=5.43358 5.35726 5.7087 5.23099 4.5046 5.31865 1.78771
threshold=9.5000000000000018 -71.499999999999986 28.500000000000004 165.50000000000003 78.920918690656933 78.186198387748917 8102.5000000000009
decision_type=2 8 2 10 8 10 10
left_child=4 6 3 -3 5 -1 -2
right_child=1 2 -4 -5 -6 -7 -8
leaf_value=-0.0064973594383479494 -0.30320091460728937 0.040558655788310742 -0.20056971193855327 -0.3688448508531027 0.0075531482498223971 -0.36142343215897882 -0.0021181925368676958
leaf_weight=56 52 278 46 54 52 75 43
leaf_count=56 52 278 46 54 52 75 43
internal_value=-0.00117117 0.000434783 0.00216495 0.00368421 -0.00544041 -0.00829787 -0.00542857
internal_weight=656 473 378 332 183 131 95
internal_count=656 473 378 332 183 131 95
is_linear=0
shrinkage=0.03


Tree=448
num_leaves=12
num_cat=0
split_feature=78 120 42 39 39 108 109 66 45 119 116
split_gain=5.745 8.11796 7.14749 10.1397 6.57367 5.24126 4.93739 4.82955 4.34074 4.16121 3.97788
threshold=204.50000000000003 0.043276912924159812 225.50000000000003 7644.0000000000009 7978.5000000000009 1.1021978021977967 9.8423804226919422 2.5000000000000004 174.50000000000003 -0.047183381818669316 17.500000000000004
decision_type=8 10 8 8 10 10 8 10 10 10 10
left_child=2 4 5 -4 6 7 -2 -1 -3 -5 -7
right_child=1 8 3 9 -6 10 -8 -9 -10 -11 -12
leaf_value=0.014810199978874507 0.10926163506837497 0.0082162867998876263 0.023817800707621187 -0.0029836863650666598 1.5196701612815013 0.15593505593166854 -0.32680355700471519 -0.14219737659064408 -0.74152017939363468 -1.2149345451013298 -0.0531320438329849
leaf_weight=68 46 42 73 43 77 82 43 46 40 73 45
leaf_count=68 46 42 73 43 77 82 43 46 40 73 45
internal_value=8.72093e-05 0.00372093 -0.00190909 -0.0061809 0.0075 0.00131474 0.000909091 -0.00290323 -0.00326087 -0.0114286 0.00547445
internal_weight=678 248 430 189 166 241 89 114 82 116 127
internal_count=678 248 430 189 166 241 89 114 82 116 127
is_linear=0
shrinkage=0.03


Tree=449
num_leaves=8
num_cat=0
split_feature=56 43 3 52 119 82 26
split_gain=5.28048 8.84596 9.42897 12.1218 5.97613 4.95338 4.62011
threshold=78.08970179620799 6507.0000000000009 21.500000000000004 202.70575681621196 0.024538709257434291 186.50000000000003 240.50000000000003
decision_type=8 10 2 10 10 8 10
left_child=-1 5 4 -4 -3 -2 -7
right_child=1 2 3 -5 -6 6 -8
leaf_value=-0.026403728990563771 0.0014024344358150741 -0.012730822971032438 0.50470036123476236 -0.23847899605142522 -0.47655673155107625 0.8107596359393533 0.0058103420360504287
leaf_weight=53 75 225 89 46 66 84 55
leaf_count=53 75 225 89 46 66 84 55
internal_value=0.000981508 0.00184615 -0.000550459 0.00558621 -0.00368771 0.00669643 0.00986577
internal_weight=693 640 426 135 291 214 139
internal_count=693 640 426 135 291 214 139
is_linear=0
shrinkage=0.03


Tree=450
num_leaves=6
num_cat=0
split_feature=40 60 102 54 17
split_gain=4.914 4.82645 5.75848 8.83099 3.94922
threshold=-142.49999999999997 107.6125238504484 399.50000000000006 9070.5000000000018 60.500000000000007
decision_type=10 10 10 8 10
left_child=4 2 3 -2 -1
right_child=1 -3 -4 -5 -6
leaf_value=0.53326119840685182 0.0014178664432159848 -0.8902044418736238 0.16153447858149492 -1.2970625338299315 -0.017889416868293893
leaf_weight=58 451 45 45 47 49
leaf_count=58 451 45 45 47 49
internal_value=0.000212766 -0.000802676 0 -0.000944882 0.00589744
internal_weight=695 588 543 498 107
internal_count=695 588 543 498 107
is_linear=0
shrinkage=0.03


Tree=451
num_leaves=11
num_cat=0
split_feature=32 45 58 56 52 116 92 46 52 56
split_gain=7.78042 6.28272 6.43519 5.03349 5.12129 4.87877 5.82187 3.5709 2.39169 2.24438
threshold=-47.499999999999993 159.50000000000003 7978.5000000000009 241.17119794119705 212.1150339648915 -25.499999999999996 5.5792263187345315 -0.56997779197145426 340.96884318012496 276.60223059697307
decision_type=8 10 10 8 10 8 10 8 10 10
left_child=3 5 -3 -1 -5 7 -7 -2 -6 -4
right_child=1 2 9 4 8 6 -8 -9 -10 -11
leaf_value=-0.018077722604454605 -0.037481510577921706 -0.47510328336929097 0.054693918968536898 0.99458091814394123 -0.065888837778683748 -0.031964967418642444 0.03205178117249062 0.010990388578826183 0.44459100719789146 -0.51202518611999603
leaf_weight=47 78 71 44 68 50 43 113 76 41 41
leaf_count=47 78 71 44 68 50 43 113 76 41 41
internal_value=0 -0.00214286 -0.00686747 0.00472222 0.00727811 0.0001875 0.0039759 -0.00329268 0.00148515 -0.000315789
internal_weight=672 466 156 206 159 310 156 154 91 85
internal_count=672 466 156 206 159 310 156 154 91 85
is_linear=0
shrinkage=0.03


Tree=452
num_leaves=8
num_cat=0
split_feature=60 43 47 109 91 108 67
split_gain=4.34619 6.35171 9.29747 10.8978 7.02687 9.09547 6.12724
threshold=108.83023585833362 7810.5000000000009 8252.5000000000018 23.334705228031233 141.55000000000004 26.363736263736094 23.450000000000003
decision_type=10 10 10 10 10 10 10
left_child=1 4 -3 -4 5 -1 -6
right_child=-2 2 3 -5 6 -7 -8
leaf_value=-0.0054823989549183235 -0.087560110717577397 0.22839213865003188 -0.052676250076946755 0.41506817219184483 -1.3798384121878386 0.1969656238717358 0.002969321308401831
leaf_weight=266 69 64 75 54 41 70 43
leaf_count=266 69 64 75 54 41 70 43
internal_value=0.000780347 0.00168539 0.00605911 0.000647482 -0.00027907 0.00156069 -0.00765957
internal_weight=682 613 193 129 420 336 84
internal_count=682 613 193 129 420 336 84
is_linear=0
shrinkage=0.03


Tree=453
num_leaves=6
num_cat=0
split_feature=54 80 68 116 87
split_gain=5.65764 6.07659 4.20367 5.60675 4.33987
threshold=11076.000000000002 84.958672690618172 43.468020224064681 1.5000000000000002 123.50000000000001
decision_type=10 10 10 10 10
left_child=1 2 3 -1 -4
right_child=-2 -3 4 -5 -6
leaf_value=0.0085802485949524332 -0.35583198616184375 -0.037584757591023102 0.0086904469736315097 -0.049665085650368181 0.079835287598762184
leaf_weight=100 63 78 210 87 134
leaf_count=100 63 78 210 87 134
internal_value=0 0.00101777 0.00227357 -0.00106599 0.00423729
internal_weight=672 609 531 187 344
internal_count=672 609 531 187 344
is_linear=0
shrinkage=0.03


Tree=454
num_leaves=6
num_cat=0
split_feature=98 99 109 120 60
split_gain=5.09922 7.70035 5.47199 9.87342 4.28009
threshold=434.50000000000006 201.89285714285717 23.636484983314862 0.011357518936011226 44.03136495239103
decision_type=8 10 10 10 10
left_child=1 2 3 -1 -4
right_child=-2 -3 4 -5 -6
leaf_value=0.022659089501684306 0.74165286808401099 -0.38595808571142864 7.6780770041011688e-05 -0.028672023878958158 1.0025116484074297
leaf_weight=298 62 74 40 177 49
leaf_count=298 62 74 40 177 49
internal_value=0.000760563 0 0.00114983 -6.18557e-05 0.00757576
internal_weight=700 638 564 475 89
internal_count=700 638 564 475 89
is_linear=0
shrinkage=0.03


Tree=455
num_leaves=8
num_cat=0
split_feature=75 76 3 45 37 14 51
split_gain=3.99669 6.59202 5.28691 5.10416 7.08907 5.01272 3.79561
threshold=122.82142857142858 61.418706965687328 8.5000000000000018 213.50000000000003 186.50000000000003 0.33222858587828863 8106.0000000000009
decision_type=10 8 2 10 10 2 10
left_child=1 2 -1 4 -3 -4 -5
right_child=-2 3 5 6 -6 -7 -8
leaf_value=-0.05229597657170245 -0.049108259130538838 0.030707783674045572 -0.018906073778476296 1.1146881524850965 -0.19003006442865653 0.23760835786862572 0.08052693410216108
leaf_weight=65 75 173 106 43 56 93 59
leaf_count=65 75 173 106 43 56 93 59
internal_value=0 0.000942149 -0.00240876 0.00378299 0.000878661 0 0.00910714
internal_weight=670 595 264 331 229 199 102
internal_count=670 595 264 331 229 199 102
is_linear=0
shrinkage=0.03


Tree=456
num_leaves=8
num_cat=0
split_feature=120 46 14 3 26 117 45
split_gain=6.95594 5.25565 4.97436 4.45597 5.3369 4.16823 3.91984
threshold=0.068212662653019965 -1.1412103827979079 0.42763731121559989 22.500000000000004 80.500000000000014 -133.99999999999997 216.50000000000003
decision_type=8 8 2 2 10 10 8
left_child=1 2 -1 4 -3 -5 -2
right_child=6 3 -4 5 -6 -7 -8
leaf_value=0.036677116555694125 0.47126322064158777 0.028415974331666049 -0.013652982226724503 -0.023013255424204057 -0.057871855351634305 0.065410468876369893 0.022160220067953842
leaf_weight=70 56 62 50 44 264 84 58
leaf_count=70 56 62 50 44 264 84 58
internal_value=0.00025788 -0.0010274 0.00415385 -0.00258621 -0.00446429 0.00173913 0.00677419
internal_weight=688 574 120 454 326 128 114
internal_count=688 574 120 454 326 128 114
is_linear=0
shrinkage=0.03


Tree=457
num_leaves=6
num_cat=0
split_feature=31 66 57 46 30
split_gain=4.07947 7.21152 6.33457 4.09119 5.26965
threshold=6158.5000000000009 8.5000000000000018 6031.0000000000009 -1.1412103827979079 -0.066340514932006198
decision_type=8 10 8 8 8
left_child=1 -1 -2 -4 -5
right_child=2 -3 3 4 -6
leaf_value=0.013208290026193338 0.64713688724914786 -0.24939128614392869 0.091582620426204353 -0.029351075916141837 0.021433671479130823
leaf_weight=49 67 66 72 226 211
leaf_count=49 67 66 72 226 211
internal_value=-4.2796e-05 -0.00504 0.000921502 -0.00017341 -0.0014094
internal_weight=691 115 576 509 437
internal_count=691 115 576 509 437
is_linear=0
shrinkage=0.03


Tree=458
num_leaves=8
num_cat=0
split_feature=116 52 24 56 26 48 46
split_gain=5.73261 5.54555 4.53758 7.10146 5.33562 4.53728 3.72275
threshold=-77.499999999999986 257.20453227737011 7.5000000000000009 304.63827164608375 229.50000000000003 109.36915491313712 0.46649120242998615
decision_type=8 10 10 8 10 8 10
left_child=1 -1 3 4 -2 -5 -4
right_child=2 -3 6 5 -6 -7 -8
leaf_value=-0.18099042865337053 0.10020705158946053 0.040025174388113385 -0.31481088063047891 -0.042222772278683748 0.010402805869535996 0.030263505497779519 0.0098834770484131692
leaf_weight=79 113 48 58 86 95 148 65
leaf_count=79 113 48 58 86 95 148 65
internal_value=-0.00034188 -0.00591241 0.000886957 0.00238938 0.00633028 -0.000983607 -0.00383459
internal_weight=692 127 565 442 208 234 123
internal_count=692 127 565 442 208 234 123
is_linear=0
shrinkage=0.03


Tree=459
num_leaves=9
num_cat=0
split_feature=3 26 95 106 26 87 29 14
split_gain=7.73016 6.75937 5.22056 8.7297 5.52883 4.84845 4.42649 1.73981
threshold=8.5000000000000018 245.50000000000003 212.85714285714286 322.00000000000006 221.50000000000003 124.10714285714288 287.50000000000006 0.080547328232315238
decision_type=2 10 10 8 10 8 10 2
left_child=1 7 3 4 -2 -5 -4 -1
right_child=2 -3 6 5 -6 -7 -8 -9
leaf_value=-0.011417545941087509 0.0089773155821645644 0.028489886508745916 -0.9483500421867882 0.021589510561614771 -0.048402388663263025 0.44179889308306086 0.096954993485386318 -0.30278972455045061
leaf_weight=43 127 72 40 106 89 95 42 54
leaf_count=43 127 72 40 106 89 95 42 54
internal_value=-8.84956e-05 -0.00553073 0.00170923 0.00316159 -0.00079646 0.00753555 -0.00456522 -0.0103738
internal_weight=668 169 499 417 216 201 82 97
internal_count=668 169 499 417 216 201 82 97
is_linear=0
shrinkage=0.03


Tree=460
num_leaves=9
num_cat=0
split_feature=70 3 66 70 62 80 115 63
split_gain=4.81675 5.7793 7.19338 6.74278 5.46851 7.42599 3.49778 7.86737
threshold=120.50000000000001 8.5000000000000018 65.500000000000014 2.5000000000000004 4.5000000000000009 68.897906438322693 21.051147057140088 11.000000000000002
decision_type=10 2 10 10 10 8 10 10
left_child=1 4 3 -3 5 -1 7 -2
right_child=6 2 -4 -5 -6 -7 -8 -9
leaf_value=-0.96969321339462111 -0.046950317003364717 0.18166907277704261 0.8925702576920177 -0.0098368682547325462 0.015596619624542675 0.016759276980048268 -0.29280451438341765 0.093041376986473412
leaf_weight=41 47 148 53 184 60 40 65 40
leaf_count=41 47 148 53 184 60 40 65 40
internal_value=0 0.00145522 0.00341772 0.00140351 -0.00337748 -0.00824176 -0.00444444 0
internal_weight=678 526 385 332 141 81 152 87
internal_count=678 526 385 332 141 81 152 87
is_linear=0
shrinkage=0.03


Tree=461
num_leaves=6
num_cat=0
split_feature=3 3 52 75 120
split_gain=5.85081 4.10389 6.5743 5.94084 7.79048
threshold=28.500000000000004 23.500000000000004 169.9575352956418 120.67857142857144 0.067120824986256725
decision_type=2 2 8 10 8
left_child=1 3 -3 4 -1
right_child=-2 2 -4 -5 -6
leaf_value=-0.0020757441938852139 -0.2587410620749992 0.32166200616436236 -0.11524832238243306 -0.047826246394132209 0.34480339482677291
leaf_weight=380 52 72 40 73 65
leaf_count=380 52 72 40 73 65
internal_value=0 0.0009375 0.00590164 -0.000113636 0.00112088
internal_weight=682 630 112 518 445
internal_count=682 630 112 518 445
is_linear=0
shrinkage=0.03


Tree=462
num_leaves=6
num_cat=0
split_feature=115 90 94 68 61
split_gain=4.12361 7.70135 5.53135 12.0479 7.37732
threshold=21.891854936136081 327.00000000000006 231.50000000000003 108.35054125356693 -181.49999999999997
decision_type=10 8 8 8 10
left_child=1 2 4 -4 -1
right_child=-2 -3 3 -5 -6
leaf_value=0.94657447797869787 -0.024510215450076769 0.20546718378620524 -0.0015368922424602259 -1.9500511114156902 -0.0016619973753867433
leaf_weight=79 69 55 219 48 210
leaf_count=79 69 55 219 48 210
internal_value=0 0.000821256 -0.000212014 -0.0033574 0.00250836
internal_weight=680 611 556 267 289
internal_count=680 611 556 267 289
is_linear=0
shrinkage=0.03


Tree=463
num_leaves=11
num_cat=0
split_feature=67 5 116 71 57 3 20 42 109 103
split_gain=6.22135 9.1567 7.26762 6.87832 5.46289 5.22197 4.46852 3.07162 5.88408 2.74432
threshold=-30.216666666666665 15.500000000000002 -7.4999999999999991 53.857142857142868 6068.5000000000009 21.500000000000004 125.50000000000001 198.50000000000003 1.7822024471635209 152.8666666666667
decision_type=8 2 10 10 10 2 10 10 10 10
left_child=1 3 4 -1 -2 6 -3 -4 -9 -6
right_child=2 5 7 -5 9 -7 -8 8 -10 -11
leaf_value=0.011718217301586833 0.46502609639351067 -0.051286314965006595 0.0030216388014752838 -0.30526518601924862 -0.0044732461816334992 0.48319442703592413 0.093480065759820832 0.029024524816750909 -0.47369761805848809 0.054627328782970497
leaf_weight=47 58 64 78 81 81 63 61 53 48 44
leaf_count=47 58 64 78 81 81 63 61 53 48 44
internal_value=0.000174419 -0.00276074 0.00290323 -0.00869565 0.00699482 0.00121212 -0.002 -0.00111111 -0.00459459 0.00244444
internal_weight=678 316 362 128 183 188 125 179 101 125
internal_count=678 316 362 128 183 188 125 179 101 125
is_linear=0
shrinkage=0.03


Tree=464
num_leaves=9
num_cat=0
split_feature=70 99 99 109 75 92 10 108
split_gain=5.32434 10.7014 8.11421 6.06979 5.52945 9.4893 3.40134 3.34731
threshold=2.5000000000000004 174.10714285714289 151.82142857142858 -13.260622914349236 69.178571428571445 68.143648234924498 -0.22252093395631442 33.570329670329549
decision_type=10 10 10 10 8 10 2 8
left_child=4 2 3 -2 5 -1 -3 -6
right_child=1 6 -4 -5 7 -7 -8 -9
leaf_value=0.18512373730429266 -0.033147520266387002 -0.036405318534315827 0.12517765184695662 0.0032995923702247151 2.2167134582003896 -0.57543196021479059 -1.0531718985995693 0.011798538103416831
leaf_weight=64 105 41 69 196 48 56 52 43
leaf_count=64 105 41 69 196 48 56 52 43
internal_value=-0.000350877 -0.00221987 0 -0.00202572 0.00339367 -0.000461538 -0.0107767 0.00861386
internal_weight=674 463 370 301 211 120 93 91
internal_count=674 463 370 301 211 120 93 91
is_linear=0
shrinkage=0.03


Tree=465
num_leaves=11
num_cat=0
split_feature=19 52 66 15 13 114 43 111 32 55
split_gain=6.3223 8.69908 7.95325 7.91602 6.06737 6.73781 6.4361 5.68959 4.52406 4.43585
threshold=6165.5000000000009 93.047496994836919 22.500000000000004 7874.5000000000009 -0.48314718476766422 -108.01272796323936 7810.5000000000009 7749.7208053902787 3.5000000000000004 6241.916666666667
decision_type=8 10 10 10 2 10 8 10 10 10
left_child=1 9 -3 7 5 -5 -6 8 -2 -1
right_child=3 2 -4 4 6 -7 -8 -9 -10 -11
leaf_value=0.010680676485667213 -0.0044041674022181352 0.19035561571972834 -0.32953211028058488 -0.49764981164257832 -0.93187907403194825 0.73656556597992584 -9.1377726481596251e-05 0.3648797872804635 0.30660619287405949 -0.074566216635199675
leaf_weight=74 92 40 51 41 53 54 131 50 41 41
leaf_count=74 92 40 51 41 53 54 131 50 41 41
internal_value=0.000265487 -0.00388889 -0.010396 0.00228814 -0.000726644 0.00485714 -0.00402062 0.00699482 0.00272727 0.0012
internal_weight=668 206 91 462 279 95 184 183 133 115
internal_count=668 206 91 462 279 95 184 183 133 115
is_linear=0
shrinkage=0.03


Tree=466
num_leaves=8
num_cat=0
split_feature=61 96 22 15 15 107 65
split_gain=4.65038 8.73935 6.352 9.51231 5.68259 3.63556 3.51114
threshold=-3.4999999999999996 77.31274049754758 1.1029639519359093 7978.5000000000009 3159.5000000000005 21.482142857142914 -179.99999999999997
decision_type=8 10 10 10 10 10 8
left_child=1 4 3 -3 -1 -2 -4
right_child=5 2 6 -5 -6 -7 -8
leaf_value=-0.0042610539558093838 0.15731432059623138 0.036466965280495742 -0.032348858156786411 -0.039880983142356996 -1.0281743274969213 -0.0057645360124181618 -0.50464934483211432
leaf_weight=58 40 197 52 191 55 40 41
leaf_count=58 40 197 52 191 55 40 41
internal_value=-0.000877193 -0.00188742 0 0.00165829 -0.00902439 0.00533333 -0.00669903
internal_weight=674 594 481 388 113 80 93
internal_count=674 594 481 388 113 80 93
is_linear=0
shrinkage=0.03


Tree=467
num_leaves=9
num_cat=0
split_feature=16 32 16 95 22 13 3 59
split_gain=6.38642 6.49921 6.12964 5.3041 5.22359 3.85632 6.18797 1.07556
threshold=-115.49999999999999 -114.49999999999999 -1.4999999999999998 184.85714285714289 1.0000000180025095e-35 0.89017062131308955 14.500000000000002 -79.285714285714263
decision_type=10 10 10 10 10 2 2 10
left_child=1 -1 5 4 -4 6 -2 -5
right_child=2 -3 3 7 -6 -7 -8 -9
leaf_value=0.51430690755925368 -0.0014755236663302894 -0.0044126717537960759 0.034353374349118719 -0.016239419166559799 -0.0043428788903272239 0.004259825469980427 -0.52348161467217857 -0.16970784779633424
leaf_weight=51 61 63 167 40 126 40 81 40
leaf_count=51 61 63 167 40 126 40 81 40
internal_value=4.41826e-05 0.00629032 -0.00122124 0.000861619 0.00287129 -0.005625 -0.00789474 -0.00533333
internal_weight=669 114 555 373 293 182 142 80
internal_count=669 114 555 373 293 182 142 80
is_linear=0
shrinkage=0.03


Tree=468
num_leaves=9
num_cat=0
split_feature=38 12 29 79 28 66 92 46
split_gain=4.92267 6.35915 7.46014 5.72327 6.34657 5.23933 5.14746 4.18169
threshold=1.3325470945127929 -0.24999999999999997 196.50000000000003 76.483333333333334 167.50000000000003 2.5000000000000004 87.937907348945103 -0.88565779047902182
decision_type=8 2 10 8 10 10 8 10
left_child=1 2 7 5 -5 -3 -2 -1
right_child=6 3 -4 4 -6 -7 -8 -9
leaf_value=-0.061050697436971856 -0.031419060145692582 0.015963002821353597 -0.70985922257165102 0.056327365703819222 -0.0052847567633915555 -0.067585979008926877 0.74143425371771032 0.023060130859154225
leaf_weight=43 40 115 74 116 83 68 62 90
leaf_count=43 40 115 74 116 83 68 62 90
internal_value=4.2796e-05 -0.000951586 -0.00511521 0.00122449 0.00473684 -0.00233161 0.00589286 -0.00020979
internal_weight=691 589 207 382 199 183 102 133
internal_count=691 589 207 382 199 183 102 133
is_linear=0
shrinkage=0.03


Tree=469
num_leaves=10
num_cat=0
split_feature=35 86 111 88 122 79 0 14 4
split_gain=6.5835 8.21288 11.455 7.00654 5.8257 4.89713 3.50442 2.00513 0.666488
threshold=5939.0000000000009 191.50000000000003 10293.587185912953 83.488324058207425 2322.0000000000005 119.28333333333335 2.5000000000000004 -0.099822328936730861 121.50000000000001
decision_type=8 10 8 10 2 10 2 2 2
left_child=4 2 7 6 -1 -5 -3 -2 -6
right_child=1 3 -4 5 8 -7 -8 -9 -10
leaf_value=0.0039639754579045674 0.019827267989475671 -0.0061223475434532479 -1.6008250093742702 0.02090863938038609 -0.41429987691105891 -0.078942811942894334 -0.18668338607086524 1.1233266997425595 -0.0080879752600735346
leaf_weight=41 42 40 40 252 42 74 41 68 40
leaf_count=41 42 40 40 252 42 74 41 68 40
internal_value=0 0.00132275 0.007125 -0.000791367 -0.00609023 0.00107143 -0.00824176 0.012 -0.0104348
internal_weight=680 557 150 407 123 326 81 110 82
internal_count=680 557 150 407 123 326 81 110 82
is_linear=0
shrinkage=0.03


Tree=470
num_leaves=10
num_cat=0
split_feature=56 120 45 29 22 43 16 95 118
split_gain=6.33876 8.5315 5.52701 4.4384 4.32873 4.09518 7.10075 3.20408 2.73128
threshold=148.51232593619076 0.01176590852816062 290.50000000000006 7.5000000000000009 0.015862809278244242 6461.0000000000009 -70.499999999999986 114.64285714285715 -141.99999999999997
decision_type=10 10 10 10 10 10 10 10 10
left_child=1 8 5 -3 -4 7 -7 -2 -1
right_child=2 3 4 -5 -6 6 -8 -9 -10
leaf_value=0.026382109389319907 -0.0075051008697857562 0.0093265951203010643 -0.01127640669212937 -0.084480944258020108 0.36680561237617315 0.0047763640678582676 -0.18778133494166516 0.046621338758202166 0.35599649272124756
leaf_weight=43 60 40 49 43 46 95 180 52 57
leaf_count=43 60 40 49 43 46 95 180 52 57
internal_value=-0.000311111 0.00419689 -0.00219512 -0.00225806 0.00371429 -0.0038539 -0.00578947 0.000491803 0.00981818
internal_weight=665 183 482 83 95 387 275 112 100
internal_count=665 183 482 83 95 387 275 112 100
is_linear=0
shrinkage=0.03


Tree=471
num_leaves=9
num_cat=0
split_feature=14 14 3 104 48 80 110 58
split_gain=4.81903 6.58637 6.19219 8.20748 6.06639 5.44574 5.11935 2.28484
threshold=-0.77243990499604276 -0.45273527932988084 10.500000000000002 89.090757274004673 106.06553131365534 74.804785942959327 7705.5358559525876 7671.5000000000009
decision_type=2 2 2 8 10 8 10 10
left_child=6 4 5 -4 -2 -3 7 -1
right_child=1 2 3 -5 -6 -7 -8 -9
leaf_value=0.033728144304979182 0.0014999061768825328 -0.15390095065296683 -0.0053739806831150354 0.21274484961155066 -0.75219355620522144 0.024227610251986106 0.34368448809646562 -0.0093554358039426681
leaf_weight=42 47 94 120 196 40 47 42 45
leaf_count=42 47 94 120 196 40 47 42 45
internal_value=0.00127379 0 0.00147752 0.00386503 -0.0071134 -0.00337748 0.00625899 0.000927835
internal_weight=673 544 457 316 87 141 129 87
internal_count=673 544 457 316 87 141 129 87
is_linear=0
shrinkage=0.03


Tree=472
num_leaves=11
num_cat=0
split_feature=13 15 110 118 120 3 107 13 13 39
split_gain=4.22823 6.89519 15.0037 5.34768 4.94398 4.68908 3.627 2.70221 2.54328 0.749762
threshold=-0.51297808981038739 7998.0000000000009 7756.528919195237 170.00000000000003 0.042206812429478331 20.500000000000004 5.8035714285715878 -0.79384350655589164 -0.94139628442229062 8881.5000000000018
decision_type=2 10 10 10 10 2 10 2 2 10
left_child=6 2 5 9 -5 -2 8 -8 -1 -3
right_child=1 3 -4 4 -6 -7 7 -9 -10 -11
leaf_value=0.0041318541828218791 0.0074137405522583322 -0.5603022620415683 1.4000284778563497 0.11389330901676757 -0.36987914945371148 -0.25549372896149464 -0.059380709244122726 0.25107978136470593 0.74158099997954163 -0.12154369962462133
leaf_weight=43 169 46 58 41 46 93 59 43 53 40
leaf_count=43 169 46 58 41 46 93 59 43 53 40
internal_value=0.000385164 -0.00101392 0.00145455 -0.0057377 0 -0.00154412 0.00403846 0 0.00792453 -0.010625
internal_weight=691 493 320 173 87 262 198 102 96 86
internal_count=691 493 320 173 87 262 198 102 96 86
is_linear=0
shrinkage=0.03


Tree=473
num_leaves=5
num_cat=0
split_feature=68 57 35 102
split_gain=6.29014 11.9269 14.1116 6.30055
threshold=108.35054125356693 8526.0000000000018 8402.5000000000018 361.50000000000006
decision_type=10 10 10 8
left_child=1 2 3 -1
right_child=-2 -3 -4 -5
leaf_value=-0.0013817735161185851 -0.21523549852763607 0.25553278379819711 -0.78249622721400536 0.24275854330528715
leaf_weight=443 69 72 43 55
leaf_count=443 69 72 43 55
internal_value=0 0.00101124 -0.000490018 0.000944882
internal_weight=682 613 541 498
internal_count=682 613 541 498
is_linear=0
shrinkage=0.03


Tree=474
num_leaves=7
num_cat=0
split_feature=99 98 62 80 91 35
split_gain=5.73655 8.8993 7.81127 8.23797 15.7272 6.47704
threshold=200.25000000000003 409.50000000000006 104.00000000000001 59.061151837454858 50.20000000000001 7917.0000000000009
decision_type=10 10 10 8 10 10
left_child=2 -2 3 4 -1 -5
right_child=1 -3 -4 5 -6 -7
leaf_value=0.019242264323626159 -0.33512100711413723 0.027473472919687082 -0.04330096866149219 0.021816945699571662 -1.127470990439998 0.12209480659277155
leaf_weight=67 61 79 73 280 60 66
leaf_count=67 61 79 73 280 60 66
internal_value=0.000689655 -0.0044 0.00215827 0.0036646 -0.00240876 0.00606742
internal_weight=686 140 546 473 127 346
internal_count=686 140 546 473 127 346
is_linear=0
shrinkage=0.03


Tree=475
num_leaves=10
num_cat=0
split_feature=4 94 80 92 99 3 3 34 28
split_gain=6.65335 7.9277 6.15631 5.86788 7.69405 5.61939 5.20958 4.31416 2.94222
threshold=40.500000000000007 243.50000000000003 61.30201706262563 84.922772488407773 21.107142857142861 21.500000000000004 6.5000000000000009 216.50000000000003 157.50000000000003
decision_type=2 10 8 10 10 2 2 10 10
left_child=2 3 -1 4 -2 6 -3 -5 -7
right_child=1 5 -4 7 -6 8 -8 -9 -10
leaf_value=-3.2258264333561826 -0.00021115564197788926 0.015306547047868263 0.014879711068104484 0.10825759695502966 0.35402462041819943 0.30770295062121705 -0.093472420707000056 -0.0097825384053930979 -0.035710963197467221
leaf_weight=48 56 46 46 58 113 40 142 107 40
leaf_count=48 56 46 46 58 113 40 142 107 40
internal_value=0.00110482 0.00235294 -0.00576923 0.00540698 0.00921788 -0.00129496 -0.00424242 0.000857143 0.00466667
internal_weight=696 602 94 334 169 268 188 165 80
internal_count=696 602 94 334 169 268 188 165 80
is_linear=0
shrinkage=0.03


Tree=476
num_leaves=7
num_cat=0
split_feature=48 48 18 75 18 21
split_gain=3.71067 7.64481 4.8264 11.5752 5.29489 3.11028
threshold=169.74050030969428 144.25691734450399 186.50000000000003 83.035714285714292 96.500000000000014 176.50000000000003
decision_type=8 10 10 10 10 8
left_child=1 2 4 -4 -1 -2
right_child=5 -3 3 -5 -6 -7
leaf_value=0.0029745854895182333 -0.00065273458922774806 -0.57387053855811476 0.39897809180654065 -0.0032523561398762478 -0.39811046614255641 0.38916212076245016
leaf_weight=99 62 47 82 258 59 62
leaf_count=99 62 47 82 258 59 62
internal_value=0.000397644 -0.000594595 0.000472441 0.00257143 -0.00357143 0.00492537
internal_weight=669 545 498 340 158 124
internal_count=669 545 498 340 158 124
is_linear=0
shrinkage=0.03


Tree=477
num_leaves=10
num_cat=0
split_feature=78 66 3 53 118 74 72 48 48
split_gain=4.85377 10.1931 7.89409 8.88341 7.79428 4.52352 6.12406 3.64347 1.78329
threshold=171.00000000000003 38.500000000000007 21.500000000000004 8089.5000000000009 25.500000000000004 175.00000000000003 89.443822853187143 109.18564599417051 66.845959293246239
decision_type=8 10 2 10 10 10 10 10 8
left_child=1 2 3 -1 7 -6 -7 8 -2
right_child=4 -3 -4 -5 5 6 -8 -9 -10
leaf_value=0.0036103333573391082 0.04424310933754938 -0.5687723306746596 0.090448088149322675 -0.9102692156128287 0.055699145619567215 -0.21846513289403674 0.089179333506996555 0.0082419091412532456 0.20512271698823994
leaf_weight=107 48 46 76 42 61 117 66 65 64
leaf_count=107 48 46 76 42 61 117 66 65 64
internal_value=0.000512821 -0.00245552 0.00012766 -0.00358491 0.00257541 -0.000708661 -0.00326425 0.00721925 0.0103279
internal_weight=692 271 225 149 421 244 183 177 112
internal_count=692 271 225 149 421 244 183 177 112
is_linear=0
shrinkage=0.03


Tree=478
num_leaves=10
num_cat=0
split_feature=43 68 68 75 104 104 4 22 32
split_gain=5.72174 9.57874 5.61309 6.66517 5.14934 4.61952 4.44144 3.47027 3.47224
threshold=7815.0000000000009 52.889202826429795 108.35054125356693 117.71428571428574 137.96304085429591 105.91135644297407 107.50000000000001 -0.64522137312648653 16.500000000000004
decision_type=10 8 10 10 8 10 2 10 10
left_child=1 7 3 6 5 -3 -2 -1 -9
right_child=2 4 -4 -5 -6 -7 -8 8 -10
leaf_value=0.019868257647339647 0.008784990396689665 -0.090690623903126752 -0.072745339455733457 -0.023636863200812569 0.0028492177462469924 -0.93094216140770869 0.29298877455918415 -0.011514054134209032 0.026892993070721332
leaf_weight=67 40 58 66 47 48 49 98 137 52
leaf_count=67 40 58 66 47 48 49 98 137 52
internal_value=0.000714286 -0.00135392 0.00425287 0.00692308 -0.00709091 -0.0105128 0.0101351 0.00203008 0
internal_weight=662 411 251 185 155 107 138 256 189
internal_count=662 411 251 185 155 107 138 256 189
is_linear=0
shrinkage=0.03


Tree=479
num_leaves=7
num_cat=0
split_feature=116 102 94 102 103 52
split_gain=6.21253 3.8251 7.35652 5.16426 4.69584 1.73856
threshold=-126.99999999999999 368.50000000000006 246.00000000000003 349.50000000000006 152.8666666666667 217.77274641366697
decision_type=8 8 10 10 10 10
left_child=-1 3 -3 4 -2 -4
right_child=1 2 5 -5 -6 -7
leaf_value=-0.29257774182298851 0.00047773338767171931 0.52292929677878486 0.056210531434652183 -0.54883409783938519 0.24953899125523776 -0.015254347299307938
leaf_weight=54 329 80 53 40 77 41
leaf_count=54 329 80 53 40 77 41
internal_value=0.00122807 0.00219048 0.00586957 0.000526316 0.00173077 0
internal_weight=674 620 174 446 406 94
internal_count=674 620 174 446 406 94
is_linear=0
shrinkage=0.03


Tree=480
num_leaves=6
num_cat=0
split_feature=98 103 112 80 116
split_gain=5.06446 9.12974 5.31685 6.9713 2.591
threshold=434.50000000000006 201.58333333333334 8759.4810349726304 84.958672690618172 -48.499999999999993
decision_type=8 10 10 10 10
left_child=1 2 3 -1 -3
right_child=-2 4 -4 -5 -6
leaf_value=0.0039456335657708048 0.70259532485515896 -1.9492641428822195 0.1287526058980735 -0.081881313294487654 -0.047432669767856907
leaf_weight=443 56 45 46 47 40
leaf_count=443 56 45 46 47 40
internal_value=0.000218341 -0.000522979 0.000879121 0 -0.00915789
internal_weight=677 621 536 490 85
internal_count=677 621 536 490 85
is_linear=0
shrinkage=0.03


Tree=481
num_leaves=9
num_cat=0
split_feature=75 79 92 34 75 21 66 43
split_gain=3.67797 5.0007 9.21508 5.01389 6.67749 5.42125 4.41026 3.08262
threshold=122.46428571428574 93.583333333333343 95.253312680633471 205.50000000000003 69.178571428571445 118.00000000000001 147.00000000000003 7520.5000000000009
decision_type=8 10 10 10 10 10 8 10
left_child=1 3 -3 4 -1 -5 -2 -4
right_child=6 2 7 5 -6 -7 -8 -9
leaf_value=-0.0028414671717041885 -0.34199047499117369 0.79104749136892705 -0.075931496488912967 0.012851727715471951 0.093558404014386976 -0.11414395787814498 0.072378750581688148 0.036300244408760084
leaf_weight=200 56 55 44 66 64 109 42 42
leaf_count=200 56 55 44 66 64 109 42 42
internal_value=0 0.00101695 0.00576159 -0.000467706 0.0019708 -0.00437838 -0.005 0
internal_weight=678 580 141 439 264 175 98 86
internal_count=678 580 141 439 264 175 98 86
is_linear=0
shrinkage=0.03


Tree=482
num_leaves=13
num_cat=0
split_feature=86 110 96 26 26 79 41 47 24 26 30 47
split_gain=4.77551 8.28409 10.1787 5.56777 4.35594 4.32544 3.57952 5.91157 3.37293 3.20308 3.03757 2.86957
threshold=207.00000000000003 10015.22642132062 77.31274049754758 255.50000000000003 34.500000000000007 85.65000000000002 118.50000000000001 7839.2142857142871 -130.49999999999997 213.50000000000003 -0.42336106501278387 7855.4285714285725
decision_type=8 10 10 10 10 8 10 10 10 10 10 10
left_child=1 2 4 5 -1 9 11 -8 -4 -2 -7 -5
right_child=3 -3 8 6 -6 10 7 -9 -10 -11 -12 -13
leaf_value=0.0087034979873559584 -0.067941834015262118 -2.1123522319241324 0.049028135532363848 -0.20166781880530948 -0.67629486161575758 -0.017253339606907048 0.47253077562447826 -0.035578446733179232 0.40472557302431877 0.0639301348630677 -0.39253414313254975 0.012623278155648449
leaf_weight=65 42 43 44 52 40 41 47 48 109 40 43 64
leaf_count=65 42 43 44 52 40 41 47 48 109 40 43 64
internal_value=0.000348837 0.00318328 0.00537313 -0.00178295 -0.00130435 -0.00579545 0.00122172 0.00542857 0.0101227 0 -0.0102128 -0.00190476
internal_weight=678 301 258 377 105 166 211 95 153 82 84 116
internal_count=678 301 258 377 105 166 211 95 153 82 84 116
is_linear=0
shrinkage=0.03


Tree=483
num_leaves=11
num_cat=0
split_feature=17 108 42 108 79 103 58 70 120 10
split_gain=4.52143 5.53137 12.7893 9.2112 15.308 4.00214 7.87179 5.85399 4.83897 2.3342
threshold=92.500000000000014 1.1021978021977967 205.50000000000003 -83.312087912087932 79.200000000000003 179.26666666666668 8161.0000000000009 3.5000000000000004 -0.022421684386742909 -0.22252093395631442
decision_type=10 10 8 8 8 10 8 10 10 2
left_child=1 3 -3 -1 -5 6 8 -7 -2 -4
right_child=5 2 9 4 -6 7 -8 -9 -10 -11
leaf_value=0.39958101682258473 -0.4919595444164318 0.13166474391479441 0.033727196123994996 -0.3474738607140645 0.01631415774047042 0.0070230908122323396 0.37412744804774162 -0.40381661682023129 0.0026097108038187497 -0.27068453276360743
leaf_weight=50 40 89 40 77 72 55 42 56 106 43
leaf_count=50 40 89 40 77 72 55 42 56 106 43
internal_value=0.000176471 0.00244094 0.00626374 -0.000717703 -0.00471698 -0.00242718 0 -0.00669421 -0.00307692 -0.0016129
internal_weight=670 371 172 199 149 299 188 111 146 83
internal_count=670 371 172 199 149 299 188 111 146 83
is_linear=0
shrinkage=0.03


Tree=484
num_leaves=8
num_cat=0
split_feature=5 99 84 74 66 75 118
split_gain=4.46183 6.85915 6.23353 5.349 11.307 6.68391 4.15372
threshold=38.500000000000007 201.89285714285717 91.990233961677461 160.00000000000003 13.500000000000002 115.71428571428574 -48.999999999999993
decision_type=2 10 10 10 10 10 10
left_child=1 3 6 4 -1 -5 -2
right_child=2 -3 -4 5 -6 -7 -8
leaf_value=0.0091508692814905139 0.024586652823099121 -0.27778470486620405 -0.023032138297355401 0.085031591692683151 -0.49715266906068079 -0.083138696727970113 0.24190896833838571
leaf_weight=169 64 60 44 161 67 76 54
leaf_count=169 64 60 44 161 67 76 54
internal_value=0.000638298 -0.000607735 0.00488372 0.000559006 -0.00243902 0.00376518 0.0084375
internal_weight=695 533 162 473 236 237 118
internal_count=695 533 162 473 236 237 118
is_linear=0
shrinkage=0.03


Tree=485
num_leaves=7
num_cat=0
split_feature=5 95 109 82 48 109
split_gain=4.74853 6.9122 6.47258 8.74977 3.31478 1.27496
threshold=38.500000000000007 212.85714285714286 31.58998887652945 207.00000000000003 78.719717172824986 12.112124582869948
decision_type=2 8 10 10 10 10
left_child=1 2 3 -1 -2 -6
right_child=4 -3 -4 -5 5 -7
leaf_value=-0.038595023234976746 0.0012043684406673094 -1.2098284466582931 0.83729733622951696 0.01167385488912032 0.03625555326841734 0.50214400087283917
leaf_weight=202 62 48 52 211 42 42
leaf_count=202 62 48 52 211 42 42
internal_value=0.000762332 -0.000516252 0.000568421 -0.000638298 0.00538462 0.00893617
internal_weight=659 513 465 413 146 84
internal_count=659 513 465 413 146 84
is_linear=0
shrinkage=0.03


Tree=486
num_leaves=7
num_cat=0
split_feature=20 23 23 24 120 18
split_gain=6.29378 8.06113 7.87736 7.7343 5.05621 6.63675
threshold=179.00000000000003 10777.500000000002 9168.5000000000018 -50.999999999999993 0.045169606818694093 269.00000000000006
decision_type=10 10 8 10 10 10
left_child=1 2 3 -1 5 -2
right_child=4 -3 -4 -5 -6 -7
leaf_value=-0.12516043641766544 -0.090253102505778879 -2.6527866504924589 0.49410441629089857 0.016464651443389898 -0.060607963855148342 0.11792802496930221
leaf_weight=102 55 40 55 288 63 77
leaf_count=102 55 40 55 288 63 77
internal_value=0.00208696 0.00393939 0.00520879 0.0033 -0.00219512 0.00084507
internal_weight=680 485 445 390 195 132
internal_count=680 485 445 390 195 132
is_linear=0
shrinkage=0.03


Tree=487
num_leaves=7
num_cat=0
split_feature=62 4 22 22 58 80
split_gain=4.93576 4.61857 6.28736 3.87441 3.60758 3.6
threshold=115.50000000000001 38.500000000000007 -1.1790306531212267 -0.79511766086275404 8751.5000000000018 57.438130805644725
decision_type=8 2 10 10 10 8
left_child=1 5 4 -4 -3 -1
right_child=-2 2 3 -5 -6 -7
leaf_value=-2.5224882148562697 -0.032207326014440978 0.37406865553498836 -0.033588703980179276 0.0095701682416384597 0.0066690892933749524 0.025831554000529878
leaf_weight=40 67 47 55 402 40 40
leaf_count=40 67 47 55 402 40 40
internal_value=0.00115549 0.00208202 0.00314079 0.00147752 0.0102062 -0.004
internal_weight=691 624 544 457 87 80
internal_count=691 624 544 457 87 80
is_linear=0
shrinkage=0.03


Tree=488
num_leaves=12
num_cat=0
split_feature=38 22 25 38 14 21 92 56 90 17 82
split_gain=6.82609 4.40603 5.14029 4.81333 3.98783 4.93085 4.58775 6.6978 4.88952 3.5005 1.171
threshold=-0.39126186096234966 0.70783107718498395 9.5000000000000018 0.80781875259201563 -0.43733099657705293 149.50000000000003 84.389762322908936 218.46379487595331 166.00000000000003 161.50000000000003 196.50000000000003
decision_type=10 10 10 10 2 10 8 10 10 10 10
left_child=4 2 10 -4 5 -1 8 -8 -6 -3 -2
right_child=1 9 3 -5 6 -7 7 -9 -10 -11 -12
leaf_value=0.015184112052973545 0.026914440528439519 0.35739444541073168 -0.31185945798485726 0.0037414771960534131 0.076207306706548364 -0.43222084651616766 0.0054025464263916584 1.7028934075288673 -0.12423695776446286 -0.0042051676936143241 -0.0065497864930217269
leaf_weight=49 44 57 110 80 45 40 59 55 52 48 40
leaf_count=49 44 57 110 80 45 40 59 55 52 48 40
internal_value=0.00169811 -0.000848329 -0.00295775 -0.0057 0.00503226 0 0.00719457 0.011129 0.00140187 0.00391304 0.00255319
internal_weight=679 379 274 190 300 89 211 114 97 105 84
internal_count=679 379 274 190 300 89 211 114 97 105 84
is_linear=0
shrinkage=0.03


Tree=489
num_leaves=8
num_cat=0
split_feature=23 86 3 57 60 108 83
split_gain=5.04039 8.29526 9.70251 7.65374 6.86919 6.35162 5.67114
threshold=10710.500000000002 205.50000000000003 8.5000000000000018 5073.0000000000009 57.24561121940723 15.236263736263506 126.5714285714286
decision_type=8 10 2 10 10 10 10
left_child=1 2 -1 -4 6 -6 -3
right_child=-2 4 3 -5 5 -7 -8
leaf_value=-0.0060097160227979172 -0.75874862832774759 -0.12335722263231906 0.0010492726615137116 0.69433128092929441 -0.66741703388333684 -0.016219340227992516 0.017633191573756334
leaf_weight=69 54 47 72 121 43 76 191
leaf_count=69 54 47 72 121 43 76 191
internal_value=0.000395315 0.00128776 0.00529412 0.00871921 -0.00155313 -0.0072093 0.00120968
internal_weight=673 619 262 193 357 119 238
internal_count=673 619 262 193 357 119 238
is_linear=0
shrinkage=0.03


Tree=490
num_leaves=8
num_cat=0
split_feature=56 115 56 14 84 76 118
split_gain=4.29444 6.92561 5.61175 4.37885 5.06621 4.07359 2.44845
threshold=169.28022290117335 21.891854936136081 78.08970179620799 0.84658398682345093 80.400009131758097 62.474259566153989 119.00000000000001
decision_type=10 10 8 2 8 8 8
left_child=2 3 -1 4 -2 -4 -7
right_child=1 -3 5 -5 -6 6 -8
leaf_value=-0.015056004265211911 0.059587083925283078 -0.39034463156293669 -0.00076530481213993079 -0.15133288324836797 -0.0032554166973392282 0.067008354806555842 0.0009816172897177467
leaf_weight=46 111 47 57 79 198 75 47
leaf_count=46 111 47 57 79 198 75 47
internal_value=0.000358209 -0.0012809 0.00370213 0 0.00178683 0.00619048 0.00909091
internal_weight=660 435 225 388 309 179 122
internal_count=660 435 225 388 309 179 122
is_linear=0
shrinkage=0.03


Tree=491
num_leaves=10
num_cat=0
split_feature=65 63 116 3 27 96 24 12 22
split_gain=6.54477 11.8548 10.788 7.53679 7.47994 8.70837 8.40433 4.50784 3.91355
threshold=-125.99999999999999 -39.607142857142854 1.5000000000000002 16.500000000000004 8082.0000000000009 156.7388316809915 -80.999999999999986 1.0000000180025095e-35 -0.50149036183105278
decision_type=8 10 10 2 10 10 10 2 10
left_child=1 4 7 -4 6 -6 -1 8 -2
right_child=2 -3 3 -5 5 -7 -8 -9 -10
leaf_value=-0.10013662703052573 0.030399664952550864 -0.48520616441825226 -0.26463636007803237 0.017381609037352135 -0.21376141534933821 0.13903148792960024 0.20729695500550505 0.083809473844146179 -0.0052097880750646653
leaf_weight=56 42 44 72 77 73 94 74 87 53
leaf_count=56 42 44 72 77 73 94 74 87 53
internal_value=0.00131965 -0.00145299 0.00431085 -0.00132075 0.000684039 -0.00322034 0.006 0.0090625 0.00314286
internal_weight=672 341 331 149 297 167 130 182 95
internal_count=672 341 331 149 297 167 130 182 95
is_linear=0
shrinkage=0.03


Tree=492
num_leaves=8
num_cat=0
split_feature=79 76 52 67 96 120 43
split_gain=5.74925 6.20978 6.83177 6.82818 6.80063 6.48988 4.75213
threshold=118.83333333333336 53.035202130801501 219.96600596194392 -22.099999999999998 126.59137967119811 -0.13298625911215914 7836.5000000000009
decision_type=10 8 10 8 10 10 8
left_child=1 3 6 5 -4 -1 -3
right_child=-2 2 4 -5 -6 -7 -8
leaf_value=0.0016412634971459284 -0.18843993291073388 0.0045620172603270245 -0.12091732731183241 0.0078935271709143252 0.068994471557420667 -0.9002226964840937 0.50654911636555455
leaf_weight=63 71 216 41 67 64 48 102
leaf_count=63 71 216 41 67 64 48 102
internal_value=0.00175953 0.00279869 0.0047806 -0.00159574 -0.00130435 -0.00619835 0.00695122
internal_weight=672 601 423 178 105 111 318
internal_count=672 601 423 178 105 111 318
is_linear=0
shrinkage=0.03


Tree=493
num_leaves=6
num_cat=0
split_feature=42 108 4 71 94
split_gain=6.50868 5.18706 6.6859 4.99869 2.28008
threshold=317.50000000000006 54.818681318681122 325.50000000000006 99.714285714285737 346.00000000000006
decision_type=10 10 2 10 10
left_child=1 2 3 -1 -2
right_child=4 -3 -4 -5 -6
leaf_value=0.0016975709443469533 -0.13917339770494735 -0.18162162693049735 0.1594487950121021 0.095446058782690094 -0.0012186447279015056
leaf_weight=356 48 63 54 113 40
leaf_count=356 48 63 54 113 40
internal_value=0.00149123 0.00271812 0.00377111 0.00231733 -0.0055102
internal_weight=674 586 523 469 88
internal_count=674 586 523 469 88
is_linear=0
shrinkage=0.03


Tree=494
num_leaves=10
num_cat=0
split_feature=116 82 56 119 26 58 113 45 48
split_gain=4.54354 7.1581 4.48457 5.0921 6.96649 4.56085 4.17799 5.15432 2.40974
threshold=-77.499999999999986 249.00000000000003 304.63827164608375 0.0074346371610869441 231.50000000000003 8442.5000000000018 -46.634138327323853 212.50000000000003 95.88511684353314
decision_type=8 8 8 10 10 10 10 10 10
left_child=1 -1 3 4 -2 -5 7 -4 -8
right_child=2 -3 6 5 -6 -7 8 -9 -10
leaf_value=-0.17747525391969715 0.054921281008174706 0.0051230305768820011 0.34671959318702389 -0.0041907695188441703 0.01848051078112789 0.40664255941039867 0.0013374611753867781 -0.092789861219329736 -0.14297644255380376
leaf_weight=65 73 65 76 132 75 43 44 77 48
leaf_count=65 73 65 76 132 75 43 44 77 48
internal_value=0.00127119 -0.00342857 0.00249135 0.00477477 0.00873418 0.000810811 -0.000352941 0.00239264 -0.00529412
internal_weight=698 130 568 323 148 175 245 153 92
internal_count=698 130 568 323 148 175 245 153 92
is_linear=0
shrinkage=0.03


Tree=495
num_leaves=8
num_cat=0
split_feature=4 96 95 39 43 26 45
split_gain=6.65348 6.18609 11.4309 8.6446 7.26311 2.79454 2.7654
threshold=325.50000000000006 77.31274049754758 82.500000000000014 6946.5000000000009 7728.5000000000009 23.500000000000004 149.50000000000003
decision_type=2 10 8 10 10 10 8
left_child=1 2 5 6 -5 -1 -3
right_child=-2 3 -4 4 -6 -7 -8
leaf_value=-0.001425803796788685 0.077036749007384345 1.6452836022479063 -0.86954961055611391 -0.15910400637147545 0.01992092608675165 0.021063967934532569 0.090300181143039698
leaf_weight=41 64 41 64 119 236 41 50
leaf_count=41 64 41 64 119 236 41 50
internal_value=0.00198198 0.000797342 -0.00423077 0.00263158 0.000246575 0.0026087 0.010396
internal_weight=656 592 146 446 355 82 91
internal_count=656 592 146 446 355 82 91
is_linear=0
shrinkage=0.03


Tree=496
num_leaves=6
num_cat=0
split_feature=4 95 96 52 15
split_gain=5.85742 4.33583 7.67415 9.2661 7.54056
threshold=321.50000000000006 212.85714285714286 110.06285396132022 172.41247958350391 8005.0000000000009
decision_type=2 8 10 8 10
left_child=1 2 3 -1 -4
right_child=-2 -3 4 -5 -6
leaf_value=0.0036222893831998702 0.04821647282441148 -0.61158803377676518 0.44824999081681255 -0.17094264300013151 0.0024863091594281173
leaf_weight=197 72 73 73 99 149
leaf_count=197 72 73 73 99 149
internal_value=0.000490342 -0.000449251 0.000454545 -0.00254902 0.00465517
internal_weight=663 591 518 296 222
internal_count=663 591 518 296 222
is_linear=0
shrinkage=0.03


Tree=497
num_leaves=7
num_cat=0
split_feature=58 54 120 22 99 71
split_gain=4.2887 6.19693 6.38527 6.50967 4.9538 4.68736
threshold=6431.0000000000009 6448.5000000000009 -0.13298625911215914 -0.76928820371960904 98.107142857142875 8.4285714285714306
decision_type=10 10 10 10 10 8
left_child=4 -2 -3 -4 5 -1
right_child=1 2 3 -5 -6 -7
leaf_value=0.012345719838950586 -0.52292545632860532 0.56782525480097412 -0.03616598117678315 0.0041911518056338077 0.20785929933657399 -0.11355412560442492
leaf_weight=60 54 47 102 333 42 42
leaf_count=60 54 47 102 333 42 42
internal_value=0.000608696 -0.000549451 0.000487805 -0.000606742 0.00506494 0.000535714
internal_weight=680 536 482 435 144 102
internal_count=680 536 482 435 144 102
is_linear=0
shrinkage=0.03


Tree=498
num_leaves=12
num_cat=0
split_feature=39 70 103 103 37 94 84 76 102 29 48
split_gain=7.53767 5.64075 6.36513 13.7708 5.17877 4.90166 4.65495 3.09423 2.35981 2.30278 1.59449
threshold=6464.0000000000009 1.0000000180025095e-35 172.85000000000002 156.48333333333335 5.5000000000000009 246.00000000000003 98.312598059975087 58.919392214395948 193.50000000000003 153.50000000000003 39.32926648924137
decision_type=10 8 8 10 8 10 10 10 10 10 10
left_child=4 5 3 -3 8 -2 -4 -7 -1 10 -6
right_child=1 2 6 -5 9 7 -8 -9 -10 -11 -12
leaf_value=-0.020066501117380751 0.18807859030602123 -0.04957624853058782 -0.62893335194034816 0.63292491106245963 0.0051462922204130734 -0.41220844058133366 -0.017794451819439699 0.12715651001054268 0.029817663433856438 0.021459994966730844 0.38543307714773734
leaf_weight=40 68 139 57 54 43 41 44 44 45 47 53
leaf_count=40 68 139 57 54 43 41 44 44 45 47 53
internal_value=0 -0.00229759 -0.00473684 -0.00103448 0.00428571 0.00202454 -0.0105405 -0.00221053 -0.000947368 0.00764706 0.0101887
internal_weight=675 447 294 193 228 153 101 85 85 143 96
internal_count=675 447 294 193 228 153 101 85 85 143 96
is_linear=0
shrinkage=0.03


Tree=499
num_leaves=12
num_cat=0
split_feature=28 30 40 119 120 39 104 50 95 116 40
split_gain=5.34206 7.82287 5.98504 4.98322 4.18962 3.78032 7.25323 5.48998 5.66086 3.13023 0.906397
threshold=158.50000000000003 -0.50906776226353745 1.0000000180025095e-35 0.012050386883093568 -0.0072625370363192379 7874.5000000000009 82.034685671795344 8414.0000000000018 198.00000000000003 -50.499999999999993 -1.0000000180025095e-35
decision_type=10 8 8 10 10 10 10 10 10 10 10
left_child=1 3 4 9 -3 6 -2 -7 -9 -1 -8
right_child=5 2 -4 -5 -6 7 10 8 -10 -11 -12
leaf_value=-0.02045287221223141 0.025011234131023911 0.0075344229753734025 -0.010605135522706668 -0.20093415120289704 0.12673632834497095 0.090393168329097467 -1.3695202372110589 -0.74302464126365175 0.076878743608793737 0.056179737395767683 -0.095890377919914782
leaf_weight=86 41 43 55 41 126 43 44 40 45 57 56
leaf_count=86 41 43 55 41 126 43 44 40 45 57 56
internal_value=0.000218341 0.00244019 0.00615385 -0.00185567 0.00888268 -0.00290323 -0.00615894 0.000434783 -0.00347368 0.000588235 -0.0103636
internal_weight=677 408 224 184 169 269 141 128 85 143 100
internal_count=677 408 224 184 169 269 141 128 85 143 100
is_linear=0
shrinkage=0.03


end of trees

feature_importances:
calendar_doy_cos=117
calendar_doy_sin=113
calendar_day_of_month=112
rolling_7d_hhs_discharges_mean=102
rolling_30d_total_system_load_slope=82
rolling_14d_total_system_load_std=81
lag_1d_cbp_active_load=68
momentum_total_load_pct_change_7d=68
rolling_30d_net_daily_intake_max=67
rolling_14d_hhs_discharges_mean=67
rolling_14d_total_system_load_slope=66
momentum_total_load_change_1d=64
lag_28d_hhs_active_load=63
rolling_7d_hhs_discharges_max=62
calendar_day_of_year=61
lag_1d_care_load_growth_rate=61
rolling_7d_cbp_apprehensions_max=61
lag_28d_care_load_growth_rate=59
rolling_30d_total_system_load_std=58
lag_14d_cbp_active_load=57
rolling_30d_cbp_apprehensions_std=56
lag_28d_cbp_active_load=53
rolling_30d_net_daily_intake_mean=52
momentum_total_load_pct_change_14d=52
lag_28d_total_system_load=51
rolling_7d_cbp_apprehensions_std=50
rolling_7d_hhs_discharges_std=49
lag_14d_care_load_growth_rate=48
rolling_30d_net_daily_intake_std=48
rolling_14d_net_daily_intake_max=47
rolling_14d_hhs_discharges_max=47
rolling_30d_cbp_apprehensions_mean=46
rolling_30d_cbp_transfers_max=45
momentum_total_load_change_7d=45
rolling_14d_cbp_apprehensions_mean=43
lag_7d_cbp_active_load=41
rolling_30d_total_system_load_min=40
current_total_system_load=39
rolling_30d_total_system_load_max=38
momentum_total_load_change_14d=38
rolling_7d_cbp_transfers_max=35
rolling_30d_total_system_load_mean=34
rolling_30d_cbp_apprehensions_max=34
rolling_30d_cbp_transfers_std=34
ema_30d_total_system_load=34
rolling_7d_total_system_load_std=33
rolling_7d_net_daily_intake_std=33
lag_1d_net_daily_intake=31
rolling_14d_hhs_discharges_std=31
rolling_7d_cbp_apprehensions_mean=30
rolling_14d_cbp_apprehensions_max=30
rolling_7d_net_daily_intake_mean=29
rolling_30d_hhs_discharges_max=29
lag_7d_care_load_growth_rate=28
rolling_14d_net_daily_intake_std=28
rolling_30d_net_daily_intake_min=28
rolling_14d_cbp_transfers_max=28
rolling_7d_total_system_load_slope=27
lag_28d_net_daily_intake=24
rolling_7d_total_system_load_max=24
ema_30d_net_daily_intake=24
rolling_14d_net_daily_intake_min=23
rolling_14d_cbp_apprehensions_std=23
rolling_7d_cbp_transfers_std=23
rolling_14d_cbp_transfers_mean=23
lag_1d_total_system_load=22
lag_7d_total_system_load=22
lag_14d_cbp_apprehensions=22
lag_14d_hhs_active_load=22
rolling_30d_hhs_discharges_mean=22
lag_14d_total_system_load=21
lag_28d_cbp_transfers=21
rolling_7d_net_daily_intake_min=21
rolling_14d_total_system_load_max=20
rolling_7d_cbp_transfers_mean=20
lag_1d_hhs_active_load=19
calendar_week_of_year=18
lag_7d_cbp_apprehensions=18
rolling_7d_net_daily_intake_max=18
rolling_14d_cbp_transfers_std=18
rolling_30d_cbp_transfers_mean=18
lag_28d_cbp_apprehensions=17
lag_28d_hhs_discharges=17
lag_1d_cbp_transfers=16
lag_7d_net_daily_intake=16
ema_14d_net_daily_intake=16
lag_14d_net_daily_intake=15
rolling_14d_total_system_load_mean=15
calendar_month_cos=13
lag_1d_hhs_discharges=13
lag_14d_cbp_transfers=13
rolling_14d_net_daily_intake_mean=13
rolling_30d_hhs_discharges_std=13
lag_1d_cbp_apprehensions=12
lag_7d_hhs_active_load=12
lag_14d_hhs_discharges=11
rolling_7d_total_system_load_min=11
lag_7d_hhs_discharges=10
rolling_14d_total_system_load_min=10
ema_7d_total_system_load=10
lag_7d_cbp_transfers=9
rolling_7d_total_system_load_mean=9
ema_7d_net_daily_intake=9
calendar_month_sin=6
ema_14d_total_system_load=5
calendar_day_of_week=3
calendar_dow_cos=3
calendar_month=2
calendar_quarter=1

parameters:
[boosting: gbdt]
[objective: regression_l1]
[metric: l1]
[tree_learner: serial]
[device_type: cpu]
[data_sample_strategy: bagging]
[data: ]
[valid: ]
[num_iterations: 500]
[learning_rate: 0.03]
[num_leaves: 15]
[num_threads: 1]
[seed: 42]
[deterministic: 1]
[force_col_wise: 1]
[force_row_wise: 0]
[histogram_pool_size: -1]
[max_depth: 4]
[min_data_in_leaf: 40]
[min_sum_hessian_in_leaf: 0.001]
[bagging_fraction: 0.8]
[pos_bagging_fraction: 1]
[neg_bagging_fraction: 1]
[bagging_freq: 1]
[bagging_seed: 42]
[bagging_by_query: 0]
[feature_fraction: 0.8]
[feature_fraction_bynode: 1]
[feature_fraction_seed: 42]
[extra_trees: 0]
[extra_seed: 12879]
[early_stopping_round: 0]
[early_stopping_min_delta: 0]
[first_metric_only: 0]
[max_delta_step: 0]
[lambda_l1: 2]
[lambda_l2: 10]
[linear_lambda: 0]
[min_gain_to_split: 0]
[drop_rate: 0.1]
[max_drop: 50]
[skip_drop: 0.5]
[xgboost_dart_mode: 0]
[uniform_drop: 0]
[drop_seed: 17869]
[top_rate: 0.2]
[other_rate: 0.1]
[min_data_per_group: 100]
[max_cat_threshold: 32]
[cat_l2: 10]
[cat_smooth: 10]
[max_cat_to_onehot: 4]
[top_k: 20]
[monotone_constraints: ]
[monotone_constraints_method: basic]
[monotone_penalty: 0]
[feature_contri: ]
[forcedsplits_filename: ]
[refit_decay_rate: 0.9]
[cegb_tradeoff: 1]
[cegb_penalty_split: 0]
[cegb_penalty_feature_lazy: ]
[cegb_penalty_feature_coupled: ]
[path_smooth: 0]
[interaction_constraints: ]
[verbosity: -1]
[saved_feature_importance_type: 0]
[use_quantized_grad: 0]
[num_grad_quant_bins: 4]
[quant_train_renew_leaf: 0]
[stochastic_rounding: 1]
[linear_tree: 0]
[max_bin: 255]
[max_bin_by_feature: ]
[min_data_in_bin: 3]
[bin_construct_sample_cnt: 200000]
[data_random_seed: 42]
[is_enable_sparse: 1]
[enable_bundle: 1]
[use_missing: 1]
[zero_as_missing: 0]
[feature_pre_filter: 1]
[pre_partition: 0]
[two_round: 0]
[header: 0]
[label_column: ]
[weight_column: ]
[group_column: ]
[ignore_column: ]
[categorical_feature: ]
[forcedbins_filename: ]
[precise_float_parser: 0]
[parser_config_file: ]
[objective_seed: 16083]
[num_class: 1]
[is_unbalance: 0]
[scale_pos_weight: 1]
[sigmoid: 1]
[boost_from_average: 1]
[reg_sqrt: 0]
[alpha: 0.9]
[fair_c: 1]
[poisson_max_delta_step: 0.7]
[tweedie_variance_power: 1.5]
[lambdarank_truncation_level: 30]
[lambdarank_norm: 1]
[label_gain: ]
[lambdarank_position_bias_regularization: 0]
[eval_at: ]
[multi_error_top_k: 1]
[auc_mu_weights: ]
[num_machines: 1]
[local_listen_port: 12400]
[time_out: 120]
[machine_list_filename: ]
[machines: ]
[gpu_platform_id: -1]
[gpu_device_id: -1]
[gpu_device_id_list: ]
[gpu_use_dp: 0]
[num_gpu: 1]

end of parameters

pandas_categorical:[]
